shipment_id,order_date_key,date_key,supplier_key,sku_key,warehouse_key,qty_received,qty_dispatched,order_date,promised_date,delivered_date,scan_in_time,scan_out_time
1,20250405,20250413,6,100,3,477,407,2025-04-05,2025-04-13,2025-04-13,2025-04-13 08:34:00,2025-04-17 13:13:23.714565
2,20250324,20250327,3,4,2,279,246,2025-03-24,2025-03-27,2025-03-27,2025-03-27 07:50:00,2025-03-28 00:25:17.377872
3,20250522,20250601,5,32,2,29,27,2025-05-22,2025-06-01,2025-06-01,2025-06-01 17:35:00,2025-06-06 01:12:42.361372
4,20250524,20250604,11,19,1,495,456,2025-05-24,2025-06-03,2025-06-04,2025-06-04 09:46:00,2025-06-04 15:32:14.173870
5,20250216,20250226,13,13,1,354,337,2025-02-16,2025-02-26,2025-02-26,2025-02-26 07:22:00,2025-02-26 21:01:08.458208
6,20250301,20250315,10,30,1,261,258,2025-03-01,2025-03-10,2025-03-15,2025-03-15 12:03:00,2025-03-26 10:12:37.672549
7,20250801,20250809,4,183,2,196,181,2025-08-01,2025-08-10,2025-08-09,2025-08-09 10:36:00,2025-08-09 18:17:48.576573
8,20250326,20250401,1,71,1,319,293,2025-03-26,2025-03-30,2025-04-01,2025-04-01 12:27:00,2025-04-02 03:12:49.523742
9,20250915,20250920,14,145,3,426,422,2025-09-15,2025-09-20,2025-09-20,2025-09-20 17:02:00,2025-09-21 01:24:18.449694
10,20250808,20250810,14,47,3,138,118,2025-08-08,2025-08-11,2025-08-10,2025-08-10 14:24:00,2025-08-12 13:43:26.089052
11,20251116,20251123,9,35,2,109,93,2025-11-16,2025-11-23,2025-11-23,2025-11-23 16:04:00,2025-11-26 06:04:06.295932
12,20250513,20250518,15,130,3,235,217,2025-05-13,2025-05-18,2025-05-18,2025-05-18 15:51:00,2025-05-21 12:43:51.262005
13,20251022,20251028,11,5,1,252,229,2025-10-22,2025-10-29,2025-10-28,2025-10-28 16:42:00,2025-11-01 14:50:24.706301
14,20250121,20250131,4,52,1,130,126,2025-01-21,2025-01-27,2025-01-31,2025-01-31 09:00:00,2025-02-01 10:42:05.286589
15,20251116,20251124,4,88,2,430,421,2025-11-16,2025-11-23,2025-11-24,2025-11-24 07:42:00,2025-11-27 02:43:55.877259
16,20251021,20251029,10,97,3,112,103,2025-10-21,2025-10-29,2025-10-29,2025-10-29 16:45:00,2025-10-31 11:10:13.108444
17,20250503,20250510,13,119,3,100,98,2025-05-03,2025-05-10,2025-05-10,2025-05-10 07:24:00,2025-05-12 11:52:29.584191
18,20251015,20251024,4,200,1,360,355,2025-10-15,2025-10-23,2025-10-24,2025-10-24 16:49:00,2025-10-25 14:03:57.476279
19,20251022,20251102,5,196,2,324,308,2025-10-22,2025-11-01,2025-11-02,2025-11-02 13:12:00,2025-11-06 14:25:04.929228
20,20250706,20250716,11,109,2,202,197,2025-07-06,2025-07-13,2025-07-16,2025-07-16 11:34:00,2025-07-19 20:58:59.542008
21,20251128,20251203,1,6,2,37,32,2025-11-28,2025-12-04,2025-12-03,2025-12-03 13:56:00,2025-12-06 04:34:59.996548
22,20250328,20250407,13,29,1,359,349,2025-03-28,2025-04-07,2025-04-07,2025-04-07 12:24:00,2025-04-09 00:11:53.508155
23,20250103,20250106,3,177,1,252,221,2025-01-03,2025-01-06,2025-01-06,2025-01-06 07:17:00,2025-01-07 17:13:47.416902
24,20250615,20250621,3,196,1,393,346,2025-06-15,2025-06-21,2025-06-21,2025-06-21 16:59:00,2025-06-23 07:43:08.792680
25,20250603,20250611,3,68,1,328,294,2025-06-03,2025-06-11,2025-06-11,2025-06-11 09:52:00,2025-06-14 13:20:16.006841
26,20250727,20250804,8,159,1,387,368,2025-07-27,2025-08-04,2025-08-04,2025-08-04 15:49:00,2025-08-06 19:56:41.343740
27,20250113,20250121,1,195,3,210,185,2025-01-13,2025-01-19,2025-01-21,2025-01-21 15:07:00,2025-01-24 06:56:41.751213
28,20250614,20250624,13,136,3,441,423,2025-06-14,2025-06-24,2025-06-24,2025-06-24 15:01:00,2025-06-26 12:24:46.696162
29,20250330,20250407,9,132,1,44,41,2025-03-30,2025-04-08,2025-04-07,2025-04-07 16:32:00,2025-04-10 15:59:47.571039
30,20250416,20250422,3,4,2,286,269,2025-04-16,2025-04-23,2025-04-22,2025-04-22 08:04:00,2025-04-23 11:06:45.336801
31,20250615,20250624,7,131,1,23,22,2025-06-15,2025-06-24,2025-06-24,2025-06-24 12:50:00,2025-06-28 20:25:36.351639
32,20250715,20250724,10,14,3,287,249,2025-07-15,2025-07-25,2025-07-24,2025-07-24 09:23:00,2025-07-26 10:42:24.632059
33,20250313,20250320,10,120,1,293,277,2025-03-13,2025-03-20,2025-03-20,2025-03-20 12:49:00,2025-03-25 00:33:46.926696
34,20250806,20250811,8,65,1,334,306,2025-08-06,2025-08-11,2025-08-11,2025-08-11 09:12:00,2025-08-12 14:10:08.104195
35,20250130,20250209,12,19,1,300,284,2025-01-30,2025-02-09,2025-02-09,2025-02-09 15:50:00,2025-02-10 00:39:11.379257
36,20251018,20251026,6,90,1,328,324,2025-10-18,2025-10-24,2025-10-26,2025-10-26 12:38:00,2025-10-28 19:42:21.953131
37,20250106,20250113,3,78,2,277,265,2025-01-06,2025-01-14,2025-01-13,2025-01-13 10:11:00,2025-01-14 12:08:56.193546
38,20250225,20250305,15,134,3,215,209,2025-02-25,2025-03-05,2025-03-05,2025-03-05 14:34:00,2025-03-12 12:47:48.601871
39,20250507,20250512,5,2,3,348,300,2025-05-07,2025-05-11,2025-05-12,2025-05-12 13:57:00,2025-05-18 02:51:55.693756
40,20250528,20250603,13,21,3,372,352,2025-05-28,2025-06-04,2025-06-03,2025-06-03 10:11:00,2025-06-04 04:28:49.692350
41,20251017,20251022,13,114,1,213,197,2025-10-17,2025-10-22,2025-10-22,2025-10-22 12:49:00,2025-10-26 12:11:58.630226
42,20250712,20250720,10,152,2,130,115,2025-07-12,2025-07-20,2025-07-20,2025-07-20 10:17:00,2025-07-21 07:55:43.861523
43,20250324,20250327,14,40,1,97,89,2025-03-24,2025-03-27,2025-03-27,2025-03-27 12:33:00,2025-03-27 15:42:22.991379
44,20251020,20251028,7,85,1,107,106,2025-10-20,2025-10-28,2025-10-28,2025-10-28 17:54:00,2025-10-31 18:05:54.025717
45,20250321,20250330,10,169,3,491,418,2025-03-21,2025-03-30,2025-03-30,2025-03-30 07:12:00,2025-04-01 00:33:15.188106
46,20250410,20250417,9,198,2,256,222,2025-04-10,2025-04-17,2025-04-17,2025-04-17 09:04:00,2025-04-18 19:06:03.283950
47,20250202,20250208,3,116,2,89,87,2025-02-02,2025-02-08,2025-02-08,2025-02-08 10:40:00,2025-02-10 23:52:38.216556
48,20250405,20250414,13,48,1,319,272,2025-04-05,2025-04-11,2025-04-14,2025-04-14 16:06:00,2025-04-16 16:06:07.550676
49,20250519,20250528,4,94,2,465,421,2025-05-19,2025-05-28,2025-05-28,2025-05-28 17:25:00,2025-06-09 01:14:39.897898
50,20250723,20250730,13,79,1,183,157,2025-07-23,2025-07-30,2025-07-30,2025-07-30 11:09:00,2025-08-02 16:47:30.677602
51,20251008,20251012,4,2,1,196,187,2025-10-08,2025-10-12,2025-10-12,2025-10-12 07:45:00,2025-10-13 11:29:00.604563
52,20250130,20250204,6,184,3,203,192,2025-01-30,2025-02-03,2025-02-04,2025-02-04 12:14:00,2025-02-05 02:06:06.807759
53,20250823,20250831,12,148,1,78,72,2025-08-23,2025-08-31,2025-08-31,2025-08-31 11:45:00,2025-09-03 21:36:32.907532
54,20251006,20251018,3,170,1,82,72,2025-10-06,2025-10-14,2025-10-18,2025-10-18 10:38:00,2025-10-20 22:19:06.443262
55,20250406,20250413,5,75,1,371,317,2025-04-06,2025-04-13,2025-04-13,2025-04-13 16:44:00,2025-04-15 13:09:46.835464
56,20250514,20250519,14,82,2,389,371,2025-05-14,2025-05-20,2025-05-19,2025-05-19 17:20:00,2025-05-20 10:43:46.087577
57,20250906,20250914,10,35,1,278,259,2025-09-06,2025-09-14,2025-09-14,2025-09-14 10:23:00,2025-09-14 14:06:18.663226
58,20250513,20250517,3,155,1,287,266,2025-05-13,2025-05-17,2025-05-17,2025-05-17 10:07:00,2025-05-20 06:24:08.681753
59,20250914,20250924,5,189,3,105,104,2025-09-14,2025-09-24,2025-09-24,2025-09-24 11:51:00,2025-09-26 23:29:16.339335
60,20250108,20250120,3,177,2,441,388,2025-01-08,2025-01-17,2025-01-20,2025-01-20 16:17:00,2025-01-22 18:58:36.061179
61,20250328,20250404,14,127,3,116,111,2025-03-28,2025-04-03,2025-04-04,2025-04-04 07:26:00,2025-04-05 00:41:54.850912
62,20251116,20251125,11,101,1,247,235,2025-11-16,2025-11-25,2025-11-25,2025-11-25 08:20:00,2025-11-28 12:06:22.582628
63,20250116,20250125,1,197,1,187,172,2025-01-16,2025-01-26,2025-01-25,2025-01-25 08:47:00,2025-01-30 23:08:20.771097
64,20250109,20250120,1,57,1,153,152,2025-01-09,2025-01-15,2025-01-20,2025-01-20 16:27:00,2025-01-25 10:03:34.698857
65,20250829,20250901,11,172,3,335,288,2025-08-29,2025-09-01,2025-09-01,2025-09-01 14:48:00,2025-09-02 12:34:13.736841
66,20250509,20250519,12,7,3,99,92,2025-05-09,2025-05-19,2025-05-19,2025-05-19 11:29:00,2025-05-24 14:25:33.329314
67,20251127,20251206,4,165,2,285,279,2025-11-27,2025-12-06,2025-12-06,2025-12-06 09:02:00,2025-12-10 10:14:23.791101
68,20250412,20250420,5,180,2,461,450,2025-04-12,2025-04-20,2025-04-20,2025-04-20 11:50:00,2025-04-22 06:27:19.949890
69,20250203,20250208,11,168,2,372,325,2025-02-03,2025-02-08,2025-02-08,2025-02-08 07:13:00,2025-02-10 18:15:11.026380
70,20251012,20251016,12,69,2,190,177,2025-10-12,2025-10-16,2025-10-16,2025-10-16 15:49:00,2025-10-17 16:37:16.182753
71,20250315,20250321,8,89,1,405,390,2025-03-15,2025-03-21,2025-03-21,2025-03-21 17:56:00,2025-03-25 12:26:19.721540
72,20250715,20250718,7,64,1,112,111,2025-07-15,2025-07-18,2025-07-18,2025-07-18 14:22:00,2025-07-18 22:25:51.639236
73,20250414,20250420,1,151,3,432,400,2025-04-14,2025-04-21,2025-04-20,2025-04-20 17:15:00,2025-04-21 15:15:55.159784
74,20250410,20250419,2,183,1,139,133,2025-04-10,2025-04-19,2025-04-19,2025-04-19 15:49:00,2025-04-22 04:21:00.906255
75,20250403,20250409,13,39,3,237,231,2025-04-03,2025-04-09,2025-04-09,2025-04-09 08:46:00,2025-04-09 22:52:46.988514
76,20250803,20250809,9,108,3,236,209,2025-08-03,2025-08-07,2025-08-09,2025-08-09 11:19:00,2025-08-12 07:48:11.787593
77,20250406,20250412,10,58,1,178,161,2025-04-06,2025-04-13,2025-04-12,2025-04-12 09:23:00,2025-04-13 08:54:03.579566
78,20251012,20251022,5,83,2,88,82,2025-10-12,2025-10-22,2025-10-22,2025-10-22 10:50:00,2025-10-26 08:27:58.765103
79,20251114,20251117,15,132,3,152,138,2025-11-14,2025-11-18,2025-11-17,2025-11-17 09:42:00,2025-11-19 06:02:32.740520
80,20250120,20250130,6,198,1,187,186,2025-01-20,2025-01-27,2025-01-30,2025-01-30 14:01:00,2025-01-31 14:28:15.063688
81,20250708,20250713,11,127,1,131,113,2025-07-08,2025-07-13,2025-07-13,2025-07-13 07:01:00,2025-07-17 16:51:56.549560
82,20250115,20250121,1,68,3,117,110,2025-01-15,2025-01-21,2025-01-21,2025-01-21 07:57:00,2025-01-26 12:47:17.950247
83,20250628,20250710,14,98,2,271,246,2025-06-28,2025-07-07,2025-07-10,2025-07-10 13:59:00,2025-07-11 07:41:02.517340
84,20250607,20250619,6,151,1,218,188,2025-06-07,2025-06-17,2025-06-19,2025-06-19 13:30:00,2025-06-22 07:15:20.432146
85,20250602,20250614,5,104,1,88,84,2025-06-02,2025-06-12,2025-06-14,2025-06-14 09:00:00,2025-06-16 22:34:26.024813
86,20251107,20251116,3,192,1,149,140,2025-11-07,2025-11-17,2025-11-16,2025-11-16 14:52:00,2025-11-19 21:40:22.996469
87,20250503,20250509,8,173,1,425,367,2025-05-03,2025-05-06,2025-05-09,2025-05-09 13:56:00,2025-05-14 20:28:34.348645
88,20251018,20251029,13,102,1,208,177,2025-10-18,2025-10-24,2025-10-29,2025-10-29 10:47:00,2025-10-31 20:49:54.765975
89,20250213,20250221,9,144,1,241,211,2025-02-13,2025-02-21,2025-02-21,2025-02-21 12:23:00,2025-02-23 18:09:26.646930
90,20250904,20250913,11,124,2,347,339,2025-09-04,2025-09-11,2025-09-13,2025-09-13 08:15:00,2025-09-14 14:30:35.657648
91,20250312,20250319,4,74,2,442,427,2025-03-12,2025-03-20,2025-03-19,2025-03-19 13:07:00,2025-03-19 19:09:43.357355
92,20250715,20250725,2,156,2,374,358,2025-07-15,2025-07-25,2025-07-25,2025-07-25 15:04:00,2025-07-27 17:19:06.213269
93,20250307,20250317,4,22,1,130,115,2025-03-07,2025-03-17,2025-03-17,2025-03-17 08:38:00,2025-03-20 05:48:58.418172
94,20250125,20250128,5,153,1,249,240,2025-01-25,2025-01-28,2025-01-28,2025-01-28 15:05:00,2025-01-29 09:02:55.939427
95,20250921,20250930,5,5,2,157,142,2025-09-21,2025-09-30,2025-09-30,2025-09-30 11:44:00,2025-10-01 10:02:09.623587
96,20250103,20250111,2,155,1,178,165,2025-01-03,2025-01-11,2025-01-11,2025-01-11 15:47:00,2025-01-16 08:12:15.374332
97,20250925,20251001,13,38,1,99,94,2025-09-25,2025-10-01,2025-10-01,2025-10-01 12:26:00,2025-10-05 05:54:14.608444
98,20250803,20250806,7,19,1,423,384,2025-08-03,2025-08-06,2025-08-06,2025-08-06 17:21:00,2025-08-08 17:28:58.838344
99,20250902,20250904,11,161,3,252,228,2025-09-02,2025-09-05,2025-09-04,2025-09-04 15:48:00,2025-09-09 10:46:14.541079
100,20250915,20250925,13,34,1,94,80,2025-09-15,2025-09-25,2025-09-25,2025-09-25 16:33:00,2025-09-26 10:49:15.335704
101,20250619,20250702,6,163,1,139,120,2025-06-19,2025-06-27,2025-07-02,2025-07-02 10:38:00,2025-07-03 18:16:08.292549
102,20250618,20250623,9,19,1,460,411,2025-06-18,2025-06-24,2025-06-23,2025-06-23 14:34:00,2025-06-24 12:05:21.579460
103,20250113,20250116,13,86,1,98,85,2025-01-13,2025-01-16,2025-01-16,2025-01-16 12:05:00,2025-01-17 09:47:16.798809
104,20250121,20250130,7,133,1,499,439,2025-01-21,2025-01-31,2025-01-30,2025-01-30 10:23:00,2025-02-01 23:28:21.231840
105,20250825,20250829,12,101,2,351,318,2025-08-25,2025-08-29,2025-08-29,2025-08-29 07:56:00,2025-08-31 06:18:32.914753
106,20250316,20250325,2,166,2,416,399,2025-03-16,2025-03-25,2025-03-25,2025-03-25 17:31:00,2025-03-29 17:12:50.474561
107,20250905,20250913,8,157,1,499,478,2025-09-05,2025-09-13,2025-09-13,2025-09-13 13:52:00,2025-09-17 21:57:11.444737
108,20250727,20250805,15,27,3,152,140,2025-07-27,2025-08-02,2025-08-05,2025-08-05 12:25:00,2025-08-11 02:41:49.251549
109,20250820,20250825,13,123,2,123,115,2025-08-20,2025-08-26,2025-08-25,2025-08-25 16:05:00,2025-08-26 22:59:48.117931
110,20250629,20250703,15,56,3,95,81,2025-06-29,2025-07-03,2025-07-03,2025-07-03 11:34:00,2025-07-08 04:23:27.352659
111,20250604,20250609,1,100,2,473,449,2025-06-04,2025-06-09,2025-06-09,2025-06-09 17:54:00,2025-06-11 09:55:34.686884
112,20250112,20250120,1,34,1,483,447,2025-01-12,2025-01-20,2025-01-20,2025-01-20 07:14:00,2025-01-23 22:22:38.997712
113,20250415,20250422,2,98,3,102,98,2025-04-15,2025-04-22,2025-04-22,2025-04-22 17:43:00,2025-04-23 11:27:35.443177
114,20250710,20250716,11,66,3,456,419,2025-07-10,2025-07-16,2025-07-16,2025-07-16 15:12:00,2025-07-20 23:46:02.634710
115,20250119,20250127,3,174,2,94,89,2025-01-19,2025-01-27,2025-01-27,2025-01-27 17:16:00,2025-01-28 23:14:39.027986
116,20251008,20251015,6,122,1,410,357,2025-10-08,2025-10-15,2025-10-15,2025-10-15 07:44:00,2025-10-17 15:38:43.762502
117,20250622,20250627,14,180,2,366,352,2025-06-22,2025-06-25,2025-06-27,2025-06-27 14:31:00,2025-06-28 10:55:51.941125
118,20250319,20250328,14,137,2,439,376,2025-03-19,2025-03-28,2025-03-28,2025-03-28 17:47:00,2025-03-29 12:05:25.795690
119,20251017,20251028,3,152,2,220,215,2025-10-17,2025-10-26,2025-10-28,2025-10-28 11:30:00,2025-10-30 15:54:44.030597
120,20250716,20250722,4,149,1,237,220,2025-07-16,2025-07-23,2025-07-22,2025-07-22 17:15:00,2025-07-23 13:53:36.378818
121,20250904,20250913,9,147,1,391,366,2025-09-04,2025-09-13,2025-09-13,2025-09-13 17:15:00,2025-09-14 01:29:22.931609
122,20250220,20250225,13,199,3,23,20,2025-02-20,2025-02-25,2025-02-25,2025-02-25 15:32:00,2025-03-08 04:13:27.635385
123,20250817,20250821,12,87,2,192,175,2025-08-17,2025-08-21,2025-08-21,2025-08-21 07:11:00,2025-08-22 16:03:06.429659
124,20251118,20251126,15,197,3,30,28,2025-11-18,2025-11-22,2025-11-26,2025-11-26 15:29:00,2025-11-29 17:59:14.433271
125,20250628,20250630,5,51,3,289,282,2025-06-28,2025-07-01,2025-06-30,2025-06-30 17:24:00,2025-07-02 11:00:41.115479
126,20250511,20250513,9,74,1,256,230,2025-05-11,2025-05-14,2025-05-13,2025-05-13 16:03:00,2025-05-14 16:24:01.078007
127,20250324,20250330,9,92,1,238,235,2025-03-24,2025-03-30,2025-03-30,2025-03-30 11:47:00,2025-04-02 11:42:08.430142
128,20250318,20250328,11,136,1,73,65,2025-03-18,2025-03-28,2025-03-28,2025-03-28 15:00:00,2025-03-30 00:01:24.384984
129,20250817,20250826,12,11,1,283,254,2025-08-17,2025-08-26,2025-08-26,2025-08-26 13:48:00,2025-09-01 00:52:48.460932
130,20250310,20250316,12,50,3,155,134,2025-03-10,2025-03-17,2025-03-16,2025-03-16 14:20:00,2025-03-18 19:55:48.064322
131,20251001,20251011,12,89,1,129,117,2025-10-01,2025-10-11,2025-10-11,2025-10-11 10:38:00,2025-10-13 03:31:07.708812
132,20250318,20250325,14,178,2,148,144,2025-03-18,2025-03-21,2025-03-25,2025-03-25 13:29:00,2025-03-27 00:47:24.036126
133,20250812,20250816,12,116,1,476,447,2025-08-12,2025-08-16,2025-08-16,2025-08-16 14:02:00,2025-08-19 12:24:34.680232
134,20250125,20250204,10,55,1,97,93,2025-01-25,2025-02-03,2025-02-04,2025-02-04 11:07:00,2025-02-06 02:06:26.273107
135,20250604,20250612,3,58,2,279,268,2025-06-04,2025-06-12,2025-06-12,2025-06-12 07:45:00,2025-06-16 11:00:30.128851
136,20250302,20250305,2,94,3,433,431,2025-03-02,2025-03-05,2025-03-05,2025-03-05 16:14:00,2025-03-11 07:24:39.679524
137,20250501,20250506,4,122,1,284,244,2025-05-01,2025-05-06,2025-05-06,2025-05-06 14:37:00,2025-05-06 21:22:11.401475
138,20251126,20251129,2,4,1,242,223,2025-11-26,2025-11-29,2025-11-29,2025-11-29 17:16:00,2025-12-03 18:27:04.689076
139,20250329,20250405,11,124,2,478,420,2025-03-29,2025-04-03,2025-04-05,2025-04-05 14:26:00,2025-04-10 16:09:53.617100
140,20250616,20250623,11,94,1,83,77,2025-06-16,2025-06-24,2025-06-23,2025-06-23 09:18:00,2025-06-24 01:01:56.943095
141,20250720,20250727,6,150,1,138,126,2025-07-20,2025-07-28,2025-07-27,2025-07-27 12:20:00,2025-07-28 19:48:21.187484
142,20250113,20250116,4,172,3,360,351,2025-01-13,2025-01-16,2025-01-16,2025-01-16 09:04:00,2025-01-18 12:07:48.238487
143,20251027,20251103,15,156,2,313,303,2025-10-27,2025-11-03,2025-11-03,2025-11-03 16:37:00,2025-11-06 07:08:57.537249
144,20251120,20251125,14,86,2,84,77,2025-11-20,2025-11-25,2025-11-25,2025-11-25 09:43:00,2025-11-28 01:26:00.331748
145,20250709,20250712,15,140,2,67,58,2025-07-09,2025-07-13,2025-07-12,2025-07-12 09:23:00,2025-07-12 19:52:00.196423
146,20250925,20251003,15,192,1,286,268,2025-09-25,2025-09-28,2025-10-03,2025-10-03 09:43:00,2025-10-06 13:11:48.738559
147,20250308,20250311,13,112,2,176,161,2025-03-08,2025-03-11,2025-03-11,2025-03-11 11:45:00,2025-03-12 09:06:24.275596
148,20251107,20251110,5,153,2,73,67,2025-11-07,2025-11-10,2025-11-10,2025-11-10 07:26:00,2025-11-12 20:58:15.266763
149,20251123,20251201,8,18,2,110,98,2025-11-23,2025-12-01,2025-12-01,2025-12-01 09:47:00,2025-12-08 20:40:11.476678
150,20250611,20250617,7,161,1,179,158,2025-06-11,2025-06-17,2025-06-17,2025-06-17 11:10:00,2025-06-20 13:27:32.347928
151,20250503,20250506,13,28,3,406,396,2025-05-03,2025-05-06,2025-05-06,2025-05-06 10:48:00,2025-05-10 23:26:18.010004
152,20250221,20250228,14,188,1,450,418,2025-02-21,2025-02-25,2025-02-28,2025-02-28 14:52:00,2025-03-02 07:53:19.045664
153,20250809,20250813,4,141,3,180,158,2025-08-09,2025-08-13,2025-08-13,2025-08-13 10:40:00,2025-08-16 23:06:32.290879
154,20250328,20250404,2,104,3,333,297,2025-03-28,2025-04-04,2025-04-04,2025-04-04 14:05:00,2025-04-05 15:54:44.065778
155,20251106,20251114,9,160,1,244,239,2025-11-06,2025-11-15,2025-11-14,2025-11-14 15:22:00,2025-11-20 00:46:28.762770
156,20251106,20251110,12,149,1,280,274,2025-11-06,2025-11-10,2025-11-10,2025-11-10 15:23:00,2025-11-11 14:49:02.228065
157,20250301,20250309,2,78,1,357,341,2025-03-01,2025-03-09,2025-03-09,2025-03-09 12:16:00,2025-03-10 11:52:56.071777
158,20250802,20250807,14,176,1,250,224,2025-08-02,2025-08-07,2025-08-07,2025-08-07 09:35:00,2025-08-12 02:39:57.017789
159,20250625,20250628,5,179,1,280,265,2025-06-25,2025-06-28,2025-06-28,2025-06-28 09:16:00,2025-06-29 12:11:51.075884
160,20250101,20250114,14,7,3,352,314,2025-01-01,2025-01-10,2025-01-14,2025-01-14 16:39:00,2025-01-17 01:04:39.809310
161,20250412,20250424,9,32,1,20,19,2025-04-12,2025-04-19,2025-04-24,2025-04-24 14:58:00,2025-04-28 18:51:50.073213
162,20251009,20251013,11,160,3,433,372,2025-10-09,2025-10-12,2025-10-13,2025-10-13 09:25:00,2025-10-14 13:19:21.800377
163,20250725,20250729,9,8,2,38,37,2025-07-25,2025-07-30,2025-07-29,2025-07-29 11:29:00,2025-07-31 21:22:38.571881
164,20250929,20251005,14,109,1,340,333,2025-09-29,2025-10-04,2025-10-05,2025-10-05 11:04:00,2025-10-11 03:09:13.264600
165,20250216,20250228,10,60,3,298,269,2025-02-16,2025-02-25,2025-02-28,2025-02-28 09:07:00,2025-03-02 15:40:40.252703
166,20250127,20250130,15,168,1,304,277,2025-01-27,2025-01-30,2025-01-30,2025-01-30 11:13:00,2025-02-02 13:50:59.410262
167,20251026,20251109,13,126,1,332,319,2025-10-26,2025-11-04,2025-11-09,2025-11-09 08:29:00,2025-11-12 19:12:48.554159
168,20250212,20250219,2,59,1,399,394,2025-02-12,2025-02-19,2025-02-19,2025-02-19 16:41:00,2025-02-20 04:57:49.294046
169,20250501,20250508,1,131,3,129,112,2025-05-01,2025-05-04,2025-05-08,2025-05-08 07:54:00,2025-05-13 19:05:41.937508
170,20250228,20250307,1,199,3,83,75,2025-02-28,2025-03-07,2025-03-07,2025-03-07 07:59:00,2025-03-07 21:53:14.175671
171,20251106,20251111,3,13,1,421,415,2025-11-06,2025-11-11,2025-11-11,2025-11-11 14:40:00,2025-11-13 23:10:13.672490
172,20250913,20250921,10,106,2,148,142,2025-09-13,2025-09-18,2025-09-21,2025-09-21 14:46:00,2025-09-22 07:46:41.686752
173,20250302,20250312,14,125,2,498,436,2025-03-02,2025-03-11,2025-03-12,2025-03-12 12:41:00,2025-03-15 04:19:12.371987
174,20250117,20250121,14,194,2,26,22,2025-01-17,2025-01-21,2025-01-21,2025-01-21 10:56:00,2025-01-28 17:49:55.171916
175,20250708,20250712,9,133,2,124,117,2025-07-08,2025-07-12,2025-07-12,2025-07-12 08:28:00,2025-07-12 18:05:07.756490
176,20251016,20251026,12,126,1,268,266,2025-10-16,2025-10-26,2025-10-26,2025-10-26 12:20:00,2025-10-27 00:17:38.961895
177,20251126,20251204,11,42,3,364,322,2025-11-26,2025-11-29,2025-12-04,2025-12-04 07:52:00,2025-12-07 18:13:40.191164
178,20250905,20250908,5,160,1,415,360,2025-09-05,2025-09-08,2025-09-08,2025-09-08 12:45:00,2025-09-10 03:48:46.267109
179,20250831,20250903,2,75,1,213,206,2025-08-31,2025-09-03,2025-09-03,2025-09-03 08:26:00,2025-09-06 10:43:25.524360
180,20250414,20250421,15,179,1,317,284,2025-04-14,2025-04-21,2025-04-21,2025-04-21 08:35:00,2025-04-23 18:42:57.857232
181,20250612,20250620,10,178,2,172,163,2025-06-12,2025-06-20,2025-06-20,2025-06-20 12:44:00,2025-06-21 06:08:45.959727
182,20251118,20251126,14,198,1,55,54,2025-11-18,2025-11-27,2025-11-26,2025-11-26 14:25:00,2025-11-26 22:23:54.681275
183,20250810,20250816,11,136,2,348,314,2025-08-10,2025-08-16,2025-08-16,2025-08-16 14:35:00,2025-08-16 18:47:22.183010
184,20250613,20250624,9,1,1,95,88,2025-06-13,2025-06-22,2025-06-24,2025-06-24 17:01:00,2025-06-28 16:22:10.301164
185,20251012,20251022,11,150,2,161,142,2025-10-12,2025-10-19,2025-10-22,2025-10-22 11:09:00,2025-10-25 13:28:52.349426
186,20250621,20250624,9,181,1,331,309,2025-06-21,2025-06-25,2025-06-24,2025-06-24 15:08:00,2025-06-27 09:15:58.869806
187,20250909,20250918,1,76,2,38,35,2025-09-09,2025-09-18,2025-09-18,2025-09-18 12:39:00,2025-09-22 09:17:55.907131
188,20250716,20250725,3,182,3,229,218,2025-07-16,2025-07-25,2025-07-25,2025-07-25 09:48:00,2025-07-27 14:58:01.605751
189,20250807,20250813,7,30,1,366,354,2025-08-07,2025-08-13,2025-08-13,2025-08-13 15:43:00,2025-08-14 18:07:19.589898
190,20250614,20250627,14,181,2,212,181,2025-06-14,2025-06-24,2025-06-27,2025-06-27 17:25:00,2025-07-01 08:22:48.106354
191,20250930,20251004,4,179,2,407,377,2025-09-30,2025-10-03,2025-10-04,2025-10-04 08:32:00,2025-10-06 11:26:56.224112
192,20250504,20250515,10,76,2,301,272,2025-05-04,2025-05-12,2025-05-15,2025-05-15 07:15:00,2025-05-16 09:14:50.625086
193,20250419,20250504,6,91,1,415,360,2025-04-19,2025-04-29,2025-05-04,2025-05-04 13:13:00,2025-05-07 07:16:18.661906
194,20251013,20251016,13,134,2,107,100,2025-10-13,2025-10-16,2025-10-16,2025-10-16 14:51:00,2025-10-17 22:32:05.839675
195,20250722,20250801,5,54,1,443,415,2025-07-22,2025-07-31,2025-08-01,2025-08-01 08:45:00,2025-08-03 20:20:43.817056
196,20250104,20250110,7,199,2,428,421,2025-01-04,2025-01-10,2025-01-10,2025-01-10 15:17:00,2025-01-14 12:35:17.622643
197,20250608,20250615,5,122,3,348,300,2025-06-08,2025-06-15,2025-06-15,2025-06-15 11:09:00,2025-06-16 21:31:42.044527
198,20250301,20250305,9,1,1,452,408,2025-03-01,2025-03-05,2025-03-05,2025-03-05 11:46:00,2025-03-09 08:25:35.825443
199,20250516,20250523,14,134,1,488,459,2025-05-16,2025-05-23,2025-05-23,2025-05-23 14:29:00,2025-05-26 06:31:52.064677
200,20250619,20250629,6,23,1,467,443,2025-06-19,2025-06-25,2025-06-29,2025-06-29 09:37:00,2025-06-30 23:43:31.287917
201,20250410,20250415,11,34,1,156,133,2025-04-10,2025-04-14,2025-04-15,2025-04-15 13:08:00,2025-04-18 05:01:40.012524
202,20250711,20250719,1,110,1,490,435,2025-07-11,2025-07-20,2025-07-19,2025-07-19 14:24:00,2025-07-20 05:10:30.108570
203,20250905,20250920,14,88,1,397,379,2025-09-05,2025-09-15,2025-09-20,2025-09-20 12:29:00,2025-09-23 16:16:04.122617
204,20250722,20250801,12,18,2,175,155,2025-07-22,2025-08-01,2025-08-01,2025-08-01 11:49:00,2025-08-02 19:49:59.247992
205,20251109,20251112,10,21,1,459,458,2025-11-09,2025-11-13,2025-11-12,2025-11-12 13:44:00,2025-11-16 19:49:49.824091
206,20250829,20250906,8,106,2,164,152,2025-08-29,2025-09-03,2025-09-06,2025-09-06 12:35:00,2025-09-08 05:54:33.595309
207,20250312,20250319,1,79,2,100,86,2025-03-12,2025-03-19,2025-03-19,2025-03-19 15:01:00,2025-03-21 11:20:14.987009
208,20250503,20250511,15,178,1,223,214,2025-05-03,2025-05-08,2025-05-11,2025-05-11 07:13:00,2025-05-11 18:41:29.674897
209,20250822,20250828,3,126,1,409,350,2025-08-22,2025-08-28,2025-08-28,2025-08-28 15:29:00,2025-08-31 04:40:18.497191
210,20250126,20250129,8,185,1,291,261,2025-01-26,2025-01-30,2025-01-29,2025-01-29 09:05:00,2025-01-31 14:29:25.546122
211,20250420,20250430,15,16,1,59,57,2025-04-20,2025-04-26,2025-04-30,2025-04-30 11:09:00,2025-05-01 07:47:37.867857
212,20250630,20250708,14,149,1,477,440,2025-06-30,2025-07-08,2025-07-08,2025-07-08 13:04:00,2025-07-10 03:40:32.316691
213,20250216,20250220,6,111,2,66,64,2025-02-16,2025-02-20,2025-02-20,2025-02-20 14:58:00,2025-02-21 07:52:57.400479
214,20250914,20250923,13,46,2,117,116,2025-09-14,2025-09-23,2025-09-23,2025-09-23 08:52:00,2025-09-25 05:36:39.510055
215,20250908,20250915,2,108,2,426,380,2025-09-08,2025-09-16,2025-09-15,2025-09-15 13:09:00,2025-09-16 16:16:42.574660
216,20250801,20250811,14,102,1,198,168,2025-08-01,2025-08-11,2025-08-11,2025-08-11 15:17:00,2025-08-13 10:36:37.462260
217,20250710,20250714,1,136,2,338,320,2025-07-10,2025-07-14,2025-07-14,2025-07-14 08:01:00,2025-07-16 15:45:44.505354
218,20250306,20250308,4,29,3,464,453,2025-03-06,2025-03-09,2025-03-08,2025-03-08 08:08:00,2025-03-10 13:26:06.416057
219,20250502,20250508,9,34,1,22,21,2025-05-02,2025-05-08,2025-05-08,2025-05-08 07:44:00,2025-05-10 12:05:55.854390
220,20250526,20250604,8,113,1,445,389,2025-05-26,2025-06-04,2025-06-04,2025-06-04 12:34:00,2025-06-05 08:03:02.098269
221,20250601,20250606,14,169,1,241,212,2025-06-01,2025-06-06,2025-06-06,2025-06-06 14:30:00,2025-06-07 00:15:45.010081
222,20250111,20250115,8,44,2,319,272,2025-01-11,2025-01-15,2025-01-15,2025-01-15 15:54:00,2025-01-17 03:18:12.377060
223,20250107,20250116,11,103,1,218,188,2025-01-07,2025-01-16,2025-01-16,2025-01-16 13:33:00,2025-01-18 05:59:50.568000
224,20250104,20250108,12,59,3,146,138,2025-01-04,2025-01-09,2025-01-08,2025-01-08 13:30:00,2025-01-10 04:21:25.049623
225,20250403,20250417,14,119,1,318,283,2025-04-03,2025-04-12,2025-04-17,2025-04-17 08:15:00,2025-04-18 06:55:58.954489
226,20250301,20250304,2,58,1,203,186,2025-03-01,2025-03-05,2025-03-04,2025-03-04 12:21:00,2025-03-05 16:55:49.362424
227,20250506,20250514,11,142,3,160,148,2025-05-06,2025-05-14,2025-05-14,2025-05-14 13:21:00,2025-05-15 15:56:23.423134
228,20250529,20250606,8,19,2,137,130,2025-05-29,2025-06-04,2025-06-06,2025-06-06 16:19:00,2025-06-11 20:42:47.450196
229,20250927,20251008,14,105,3,45,38,2025-09-27,2025-10-03,2025-10-08,2025-10-08 14:23:00,2025-10-10 19:19:53.751094
230,20250710,20250715,2,131,2,493,485,2025-07-10,2025-07-15,2025-07-15,2025-07-15 13:03:00,2025-07-17 03:04:39.329574
231,20251201,20251210,6,102,1,457,435,2025-12-01,2025-12-05,2025-12-10,2025-12-10 16:31:00,2025-12-12 08:58:29.223912
232,20250224,20250305,10,61,3,444,400,2025-02-24,2025-03-05,2025-03-05,2025-03-05 08:27:00,2025-03-05 21:45:31.479541
233,20250318,20250324,15,163,2,317,285,2025-03-18,2025-03-21,2025-03-24,2025-03-24 11:00:00,2025-04-01 03:42:12.409325
234,20250221,20250302,1,60,1,251,228,2025-02-21,2025-03-02,2025-03-02,2025-03-02 14:01:00,2025-03-03 05:24:24.629399
235,20251011,20251019,9,77,1,286,264,2025-10-11,2025-10-20,2025-10-19,2025-10-19 10:12:00,2025-10-19 21:07:12.537726
236,20251107,20251114,3,28,1,281,280,2025-11-07,2025-11-14,2025-11-14,2025-11-14 12:55:00,2025-11-18 14:09:45.675629
237,20250407,20250411,4,21,1,173,160,2025-04-07,2025-04-12,2025-04-11,2025-04-11 10:22:00,2025-04-13 01:33:48.950432
238,20250108,20250119,3,85,3,263,252,2025-01-08,2025-01-18,2025-01-19,2025-01-19 16:01:00,2025-01-20 11:54:29.553601
239,20250304,20250314,15,22,1,173,172,2025-03-04,2025-03-14,2025-03-14,2025-03-14 14:16:00,2025-03-19 12:48:26.761440
240,20250911,20250914,6,171,2,226,214,2025-09-11,2025-09-15,2025-09-14,2025-09-14 14:21:00,2025-09-21 17:33:17.925909
241,20251125,20251130,5,65,1,492,418,2025-11-25,2025-11-30,2025-11-30,2025-11-30 13:03:00,2025-12-04 20:13:13.349429
242,20250110,20250116,1,43,2,172,162,2025-01-10,2025-01-16,2025-01-16,2025-01-16 14:53:00,2025-01-21 08:07:04.886442
243,20250322,20250326,11,34,1,42,38,2025-03-22,2025-03-26,2025-03-26,2025-03-26 17:58:00,2025-03-27 11:47:54.497690
244,20250406,20250409,2,187,1,340,296,2025-04-06,2025-04-10,2025-04-09,2025-04-09 09:03:00,2025-04-13 02:08:17.307274
245,20250326,20250406,15,169,1,292,271,2025-03-26,2025-04-05,2025-04-06,2025-04-06 09:33:00,2025-04-06 18:56:42.501463
246,20250531,20250606,10,71,1,115,99,2025-05-31,2025-06-07,2025-06-06,2025-06-06 17:35:00,2025-06-07 14:15:53.689729
247,20251122,20251127,7,186,1,294,288,2025-11-22,2025-11-27,2025-11-27,2025-11-27 12:46:00,2025-11-28 21:40:58.016870
248,20250909,20250919,4,60,3,67,66,2025-09-09,2025-09-19,2025-09-19,2025-09-19 17:54:00,2025-09-21 18:11:28.613958
249,20250830,20250907,15,13,1,238,222,2025-08-30,2025-09-07,2025-09-07,2025-09-07 11:53:00,2025-09-09 05:19:25.410135
250,20250404,20250413,4,5,2,489,468,2025-04-04,2025-04-09,2025-04-13,2025-04-13 09:17:00,2025-04-22 15:56:05.510450
251,20250220,20250222,8,35,1,473,418,2025-02-20,2025-02-23,2025-02-22,2025-02-22 10:22:00,2025-02-24 23:07:20.881039
252,20250830,20250907,1,173,3,101,93,2025-08-30,2025-09-08,2025-09-07,2025-09-07 12:01:00,2025-09-10 06:13:08.174442
253,20250302,20250308,7,164,2,147,135,2025-03-02,2025-03-06,2025-03-08,2025-03-08 10:46:00,2025-03-10 10:41:26.664836
254,20250717,20250724,9,167,1,122,108,2025-07-17,2025-07-23,2025-07-24,2025-07-24 15:43:00,2025-07-30 05:45:42.453452
255,20250604,20250614,3,8,2,86,75,2025-06-04,2025-06-14,2025-06-14,2025-06-14 16:25:00,2025-06-15 04:16:15.503595
256,20251121,20251126,10,127,1,125,118,2025-11-21,2025-11-26,2025-11-26,2025-11-26 17:10:00,2025-11-27 21:50:32.026342
257,20250829,20250901,6,126,3,93,84,2025-08-29,2025-09-01,2025-09-01,2025-09-01 15:18:00,2025-09-03 21:51:59.750515
258,20251025,20251102,3,116,1,64,58,2025-10-25,2025-11-03,2025-11-02,2025-11-02 07:49:00,2025-11-04 14:35:42.371754
259,20251129,20251202,15,106,2,171,149,2025-11-29,2025-12-02,2025-12-02,2025-12-02 14:12:00,2025-12-03 19:47:36.745768
260,20250907,20250916,9,30,2,331,320,2025-09-07,2025-09-16,2025-09-16,2025-09-16 09:47:00,2025-09-19 08:18:19.016795
261,20250420,20250424,4,53,2,382,343,2025-04-20,2025-04-25,2025-04-24,2025-04-24 09:38:00,2025-04-26 01:09:14.624848
262,20250402,20250415,6,61,3,264,251,2025-04-02,2025-04-11,2025-04-15,2025-04-15 16:36:00,2025-04-18 17:39:18.202217
263,20250126,20250203,6,28,3,126,119,2025-01-26,2025-02-03,2025-02-03,2025-02-03 17:54:00,2025-02-06 00:03:31.307558
264,20250404,20250411,3,43,1,230,226,2025-04-04,2025-04-11,2025-04-11,2025-04-11 13:39:00,2025-04-13 04:32:12.904446
265,20250803,20250808,7,62,1,489,467,2025-08-03,2025-08-09,2025-08-08,2025-08-08 17:53:00,2025-08-10 06:02:37.789795
266,20250525,20250602,11,106,1,197,170,2025-05-25,2025-06-02,2025-06-02,2025-06-02 12:38:00,2025-06-02 22:26:34.480720
267,20250721,20250728,11,132,2,29,24,2025-07-21,2025-07-28,2025-07-28,2025-07-28 07:29:00,2025-07-29 23:21:28.011281
268,20250806,20250814,3,12,1,401,393,2025-08-06,2025-08-15,2025-08-14,2025-08-14 09:53:00,2025-08-17 12:04:06.161154
269,20251121,20251129,5,145,1,477,452,2025-11-21,2025-11-27,2025-11-29,2025-11-29 15:02:00,2025-12-04 07:36:12.801587
270,20250218,20250225,15,124,1,64,62,2025-02-18,2025-02-25,2025-02-25,2025-02-25 15:43:00,2025-03-02 10:46:12.069064
271,20250312,20250321,10,59,2,237,208,2025-03-12,2025-03-22,2025-03-21,2025-03-21 09:06:00,2025-03-22 09:19:55.255328
272,20250705,20250712,9,59,1,265,242,2025-07-05,2025-07-12,2025-07-12,2025-07-12 15:33:00,2025-07-15 07:59:02.752594
273,20250424,20250430,9,136,2,419,383,2025-04-24,2025-05-01,2025-04-30,2025-04-30 11:35:00,2025-04-30 23:43:33.671526
274,20250510,20250516,5,79,1,23,20,2025-05-10,2025-05-16,2025-05-16,2025-05-16 11:20:00,2025-05-17 13:23:14.601413
275,20250905,20250912,7,114,3,95,80,2025-09-05,2025-09-12,2025-09-12,2025-09-12 17:18:00,2025-09-16 20:48:15.019092
276,20250523,20250528,8,96,2,136,128,2025-05-23,2025-05-29,2025-05-28,2025-05-28 09:41:00,2025-06-01 06:21:17.897589
277,20250615,20250620,9,31,3,402,373,2025-06-15,2025-06-20,2025-06-20,2025-06-20 15:21:00,2025-06-21 03:51:22.479988
278,20250414,20250417,6,107,3,57,48,2025-04-14,2025-04-17,2025-04-17,2025-04-17 16:18:00,2025-04-18 02:37:18.740868
279,20251119,20251123,12,125,1,355,327,2025-11-19,2025-11-23,2025-11-23,2025-11-23 09:19:00,2025-11-23 21:03:31.177594
280,20250325,20250329,12,17,3,451,414,2025-03-25,2025-03-29,2025-03-29,2025-03-29 09:35:00,2025-03-30 11:48:09.468803
281,20250825,20250905,11,55,3,364,353,2025-08-25,2025-09-02,2025-09-05,2025-09-05 14:31:00,2025-09-06 02:33:23.543448
282,20251115,20251128,1,120,2,268,266,2025-11-15,2025-11-23,2025-11-28,2025-11-28 14:39:00,2025-11-29 08:11:29.650503
283,20250429,20250510,2,155,1,160,152,2025-04-29,2025-05-08,2025-05-10,2025-05-10 16:02:00,2025-05-11 00:57:45.472863
284,20251011,20251014,7,60,1,26,24,2025-10-11,2025-10-14,2025-10-14,2025-10-14 13:19:00,2025-10-17 02:32:34.673317
285,20250512,20250516,7,178,2,375,343,2025-05-12,2025-05-16,2025-05-16,2025-05-16 08:15:00,2025-05-18 02:39:27.766038
286,20250330,20250409,13,25,3,411,389,2025-03-30,2025-04-09,2025-04-09,2025-04-09 13:49:00,2025-04-10 18:05:19.709889
287,20251003,20251006,2,59,2,86,84,2025-10-03,2025-10-06,2025-10-06,2025-10-06 15:59:00,2025-10-07 09:38:04.437333
288,20250826,20250830,5,89,1,39,36,2025-08-26,2025-08-30,2025-08-30,2025-08-30 16:15:00,2025-09-01 00:09:35.334972
289,20250623,20250701,11,16,1,154,139,2025-06-23,2025-06-30,2025-07-01,2025-07-01 09:18:00,2025-07-02 20:43:49.057861
290,20250215,20250227,4,22,2,294,272,2025-02-15,2025-02-24,2025-02-27,2025-02-27 14:25:00,2025-03-05 13:29:19.629261
291,20251118,20251125,15,78,1,422,410,2025-11-18,2025-11-24,2025-11-25,2025-11-25 09:15:00,2025-11-26 10:05:49.301975
292,20250703,20250710,15,92,3,489,455,2025-07-03,2025-07-10,2025-07-10,2025-07-10 07:51:00,2025-07-10 16:12:34.929180
293,20250404,20250415,9,91,3,495,490,2025-04-04,2025-04-10,2025-04-15,2025-04-15 15:30:00,2025-04-21 13:51:12.121770
294,20250926,20251003,10,68,2,60,59,2025-09-26,2025-10-04,2025-10-03,2025-10-03 07:39:00,2025-10-06 10:33:27.295844
295,20251101,20251106,12,160,2,217,201,2025-11-01,2025-11-07,2025-11-06,2025-11-06 09:31:00,2025-11-10 06:58:32.724242
296,20250329,20250406,5,55,1,454,446,2025-03-29,2025-04-06,2025-04-06,2025-04-06 07:57:00,2025-04-07 03:40:04.351652
297,20250105,20250112,4,69,1,51,44,2025-01-05,2025-01-12,2025-01-12,2025-01-12 08:57:00,2025-01-16 10:24:01.648643
298,20250912,20250915,13,82,2,249,221,2025-09-12,2025-09-15,2025-09-15,2025-09-15 07:22:00,2025-09-16 05:58:40.478027
299,20250407,20250410,10,125,1,317,272,2025-04-07,2025-04-10,2025-04-10,2025-04-10 10:45:00,2025-04-11 07:02:09.452226
300,20250118,20250125,3,169,1,142,127,2025-01-18,2025-01-26,2025-01-25,2025-01-25 14:02:00,2025-01-25 22:19:05.267826
301,20250803,20250812,3,42,2,221,213,2025-08-03,2025-08-12,2025-08-12,2025-08-12 15:53:00,2025-08-20 02:26:04.736768
302,20250107,20250116,8,44,3,104,92,2025-01-07,2025-01-17,2025-01-16,2025-01-16 16:16:00,2025-01-17 13:05:18.889345
303,20251012,20251016,8,130,2,350,324,2025-10-12,2025-10-15,2025-10-16,2025-10-16 09:03:00,2025-10-22 18:01:07.682567
304,20250518,20250525,7,155,1,296,292,2025-05-18,2025-05-25,2025-05-25,2025-05-25 17:42:00,2025-05-27 03:17:19.062301
305,20250525,20250605,14,183,2,453,404,2025-05-25,2025-06-01,2025-06-05,2025-06-05 14:08:00,2025-06-11 00:53:07.043991
306,20250831,20250906,7,111,1,89,83,2025-08-31,2025-09-07,2025-09-06,2025-09-06 11:38:00,2025-09-08 06:40:16.819473
307,20250113,20250118,2,152,1,375,329,2025-01-13,2025-01-19,2025-01-18,2025-01-18 09:49:00,2025-01-21 15:47:20.975683
308,20251104,20251111,13,13,1,471,458,2025-11-04,2025-11-11,2025-11-11,2025-11-11 11:52:00,2025-11-16 12:34:57.764008
309,20250703,20250705,1,95,3,225,208,2025-07-03,2025-07-06,2025-07-05,2025-07-05 11:31:00,2025-07-11 04:24:23.293868
310,20250601,20250610,6,79,1,73,66,2025-06-01,2025-06-07,2025-06-10,2025-06-10 11:39:00,2025-06-10 21:27:42.249477
311,20251201,20251206,6,137,3,372,324,2025-12-01,2025-12-07,2025-12-06,2025-12-06 12:54:00,2025-12-08 08:31:34.646402
312,20251115,20251120,1,8,2,431,422,2025-11-15,2025-11-20,2025-11-20,2025-11-20 15:56:00,2025-11-21 22:32:37.125360
313,20250408,20250412,3,121,3,257,220,2025-04-08,2025-04-13,2025-04-12,2025-04-12 09:19:00,2025-04-14 01:03:43.896313
314,20250422,20250501,2,3,3,421,402,2025-04-22,2025-05-01,2025-05-01,2025-05-01 13:48:00,2025-05-03 16:49:39.115618
315,20250322,20250330,9,102,3,47,43,2025-03-22,2025-03-30,2025-03-30,2025-03-30 07:05:00,2025-04-01 17:28:45.879791
316,20251008,20251020,10,172,2,277,271,2025-10-08,2025-10-16,2025-10-20,2025-10-20 10:09:00,2025-10-20 22:34:57.621102
317,20250422,20250426,9,190,3,282,263,2025-04-22,2025-04-25,2025-04-26,2025-04-26 07:16:00,2025-04-27 07:34:17.647554
318,20250224,20250302,4,158,3,201,197,2025-02-24,2025-03-01,2025-03-02,2025-03-02 11:21:00,2025-03-03 10:29:25.890404
319,20250124,20250131,14,60,2,95,94,2025-01-24,2025-01-29,2025-01-31,2025-01-31 16:28:00,2025-02-06 04:14:59.314870
320,20250227,20250307,5,105,2,229,208,2025-02-27,2025-03-07,2025-03-07,2025-03-07 09:17:00,2025-03-11 05:32:13.473026
321,20251018,20251024,3,7,2,82,81,2025-10-18,2025-10-24,2025-10-24,2025-10-24 10:26:00,2025-10-31 09:54:07.970874
322,20251019,20251024,6,63,2,83,70,2025-10-19,2025-10-24,2025-10-24,2025-10-24 17:18:00,2025-10-26 13:44:22.042685
323,20251002,20251012,9,1,2,246,241,2025-10-02,2025-10-12,2025-10-12,2025-10-12 16:15:00,2025-10-16 12:05:36.027102
324,20250925,20251005,5,87,3,75,67,2025-09-25,2025-10-05,2025-10-05,2025-10-05 11:36:00,2025-10-06 00:29:28.617907
325,20251130,20251209,15,12,1,421,359,2025-11-30,2025-12-09,2025-12-09,2025-12-09 16:56:00,2025-12-10 11:45:19.836503
326,20250227,20250302,8,111,3,314,294,2025-02-27,2025-03-02,2025-03-02,2025-03-02 17:36:00,2025-03-05 21:56:43.277355
327,20250412,20250420,7,111,2,414,377,2025-04-12,2025-04-21,2025-04-20,2025-04-20 15:27:00,2025-04-21 00:43:56.513476
328,20251013,20251018,11,123,2,192,179,2025-10-13,2025-10-18,2025-10-18,2025-10-18 10:51:00,2025-10-21 01:31:11.241596
329,20250306,20250312,7,171,1,326,287,2025-03-06,2025-03-12,2025-03-12,2025-03-12 17:01:00,2025-03-16 21:55:19.838372
330,20250406,20250416,5,129,2,232,211,2025-04-06,2025-04-16,2025-04-16,2025-04-16 07:12:00,2025-04-19 21:11:40.117651
331,20250105,20250108,3,16,1,437,412,2025-01-05,2025-01-08,2025-01-08,2025-01-08 11:27:00,2025-01-12 20:56:46.000135
332,20251108,20251114,3,147,2,309,284,2025-11-08,2025-11-14,2025-11-14,2025-11-14 07:29:00,2025-11-17 13:57:46.307559
333,20250517,20250527,7,155,2,496,463,2025-05-17,2025-05-27,2025-05-27,2025-05-27 15:41:00,2025-05-30 06:30:20.856819
334,20250319,20250327,4,98,3,333,302,2025-03-19,2025-03-28,2025-03-27,2025-03-27 15:10:00,2025-03-29 18:00:17.848231
335,20250630,20250705,13,62,2,211,188,2025-06-30,2025-07-05,2025-07-05,2025-07-05 12:23:00,2025-07-08 06:29:35.101507
336,20250522,20250529,8,68,2,294,271,2025-05-22,2025-05-29,2025-05-29,2025-05-29 15:27:00,2025-06-01 09:37:30.099956
337,20251118,20251124,1,180,1,132,128,2025-11-18,2025-11-21,2025-11-24,2025-11-24 12:40:00,2025-11-28 21:18:30.065641
338,20250506,20250513,12,39,3,401,342,2025-05-06,2025-05-13,2025-05-13,2025-05-13 17:37:00,2025-05-15 22:57:46.681359
339,20250120,20250129,13,50,3,166,159,2025-01-20,2025-01-29,2025-01-29,2025-01-29 07:54:00,2025-01-31 15:22:59.946944
340,20250204,20250214,1,31,2,321,291,2025-02-04,2025-02-14,2025-02-14,2025-02-14 17:52:00,2025-02-17 00:43:56.230572
341,20250315,20250320,9,120,1,287,260,2025-03-15,2025-03-20,2025-03-20,2025-03-20 12:46:00,2025-03-20 17:25:20.943075
342,20250227,20250306,10,110,3,75,71,2025-02-27,2025-03-07,2025-03-06,2025-03-06 15:57:00,2025-03-09 23:21:53.340741
343,20251008,20251018,8,134,1,106,92,2025-10-08,2025-10-18,2025-10-18,2025-10-18 10:02:00,2025-10-23 10:10:54.578759
344,20250729,20250809,7,44,1,121,113,2025-07-29,2025-08-05,2025-08-09,2025-08-09 07:05:00,2025-08-10 19:34:11.514332
345,20251014,20251023,6,119,1,494,458,2025-10-14,2025-10-21,2025-10-23,2025-10-23 17:31:00,2025-10-24 21:03:02.872751
346,20250522,20250524,5,186,1,334,308,2025-05-22,2025-05-25,2025-05-24,2025-05-24 13:57:00,2025-05-26 22:55:54.498334
347,20250419,20250422,10,194,1,189,176,2025-04-19,2025-04-22,2025-04-22,2025-04-22 12:25:00,2025-04-24 14:01:45.903498
348,20250608,20250612,12,20,1,225,207,2025-06-08,2025-06-12,2025-06-12,2025-06-12 15:34:00,2025-06-14 20:02:43.599598
349,20250901,20250905,11,5,3,162,141,2025-09-01,2025-09-06,2025-09-05,2025-09-05 16:46:00,2025-09-09 11:11:26.766622
350,20250102,20250110,8,34,3,418,408,2025-01-02,2025-01-11,2025-01-10,2025-01-10 12:13:00,2025-01-11 18:36:25.247474
351,20251123,20251202,11,182,2,430,390,2025-11-23,2025-12-03,2025-12-02,2025-12-02 09:24:00,2025-12-05 11:11:06.172726
352,20250219,20250301,3,141,1,119,116,2025-02-19,2025-03-01,2025-03-01,2025-03-01 14:33:00,2025-03-06 06:57:18.338047
353,20251119,20251201,7,186,2,142,130,2025-11-19,2025-11-26,2025-12-01,2025-12-01 11:56:00,2025-12-02 22:50:55.493017
354,20250423,20250505,7,35,2,37,33,2025-04-23,2025-05-01,2025-05-05,2025-05-05 11:53:00,2025-05-12 01:17:17.623164
355,20250725,20250729,12,127,1,488,464,2025-07-25,2025-07-29,2025-07-29,2025-07-29 13:47:00,2025-07-31 04:39:50.510512
356,20250510,20250517,14,109,1,415,413,2025-05-10,2025-05-15,2025-05-17,2025-05-17 17:56:00,2025-05-21 21:04:37.120580
357,20250930,20251004,4,21,2,85,81,2025-09-30,2025-10-04,2025-10-04,2025-10-04 15:47:00,2025-10-05 04:54:17.396322
358,20250822,20250829,4,59,2,125,124,2025-08-22,2025-08-29,2025-08-29,2025-08-29 07:24:00,2025-09-01 15:52:28.156218
359,20250813,20250823,3,137,3,299,288,2025-08-13,2025-08-23,2025-08-23,2025-08-23 12:16:00,2025-08-26 10:21:00.045829
360,20250615,20250618,1,155,3,387,350,2025-06-15,2025-06-18,2025-06-18,2025-06-18 12:31:00,2025-06-19 10:26:47.597037
361,20251110,20251116,8,106,2,141,129,2025-11-10,2025-11-17,2025-11-16,2025-11-16 15:19:00,2025-11-16 17:19:00.000000
362,20250630,20250705,2,160,1,226,225,2025-06-30,2025-07-05,2025-07-05,2025-07-05 07:47:00,2025-07-05 21:55:59.561507
363,20250406,20250409,2,198,1,423,375,2025-04-06,2025-04-09,2025-04-09,2025-04-09 16:43:00,2025-04-11 05:36:49.145044
364,20251024,20251102,4,186,3,200,183,2025-10-24,2025-11-02,2025-11-02,2025-11-02 07:47:00,2025-11-06 04:06:29.924488
365,20250114,20250121,10,104,2,261,255,2025-01-14,2025-01-21,2025-01-21,2025-01-21 16:44:00,2025-01-24 01:12:17.206047
366,20250823,20250902,10,3,1,305,263,2025-08-23,2025-08-31,2025-09-02,2025-09-02 10:46:00,2025-09-04 22:21:07.551888
367,20250313,20250316,2,121,2,479,457,2025-03-13,2025-03-16,2025-03-16,2025-03-16 10:15:00,2025-03-24 01:36:47.987453
368,20250725,20250727,3,83,1,175,150,2025-07-25,2025-07-28,2025-07-27,2025-07-27 13:24:00,2025-08-06 22:45:43.084710
369,20250208,20250215,13,170,2,237,229,2025-02-08,2025-02-15,2025-02-15,2025-02-15 09:00:00,2025-02-19 01:41:35.410465
370,20250227,20250301,1,107,3,413,351,2025-02-27,2025-03-02,2025-03-01,2025-03-01 09:25:00,2025-03-04 14:56:17.515706
371,20251024,20251030,1,122,1,123,112,2025-10-24,2025-10-28,2025-10-30,2025-10-30 07:49:00,2025-11-01 01:25:10.131187
372,20250824,20250905,9,66,2,317,277,2025-08-24,2025-09-01,2025-09-05,2025-09-05 17:43:00,2025-09-08 13:31:35.273327
373,20250519,20250528,8,111,2,301,287,2025-05-19,2025-05-28,2025-05-28,2025-05-28 12:27:00,2025-05-30 23:26:36.225231
374,20250827,20250830,3,68,1,44,43,2025-08-27,2025-08-31,2025-08-30,2025-08-30 16:02:00,2025-08-31 17:43:24.070467
375,20250911,20250918,5,14,1,206,203,2025-09-11,2025-09-18,2025-09-18,2025-09-18 11:14:00,2025-09-22 12:34:23.086745
376,20250207,20250213,5,140,1,352,324,2025-02-07,2025-02-13,2025-02-13,2025-02-13 10:54:00,2025-02-18 07:08:44.854665
377,20250612,20250623,8,84,3,330,308,2025-06-12,2025-06-18,2025-06-23,2025-06-23 13:07:00,2025-06-25 11:19:08.831913
378,20250118,20250122,12,113,1,28,24,2025-01-18,2025-01-22,2025-01-22,2025-01-22 17:17:00,2025-01-23 07:16:28.841076
379,20250511,20250518,1,163,1,29,25,2025-05-11,2025-05-18,2025-05-18,2025-05-18 08:32:00,2025-05-20 05:57:46.841274
380,20250915,20250918,13,85,1,414,363,2025-09-15,2025-09-18,2025-09-18,2025-09-18 17:09:00,2025-09-19 02:13:05.170162
381,20250108,20250114,11,123,2,464,460,2025-01-08,2025-01-14,2025-01-14,2025-01-14 10:15:00,2025-01-17 10:51:56.682307
382,20250420,20250423,3,87,1,270,238,2025-04-20,2025-04-23,2025-04-23,2025-04-23 17:38:00,2025-04-26 10:22:45.801031
383,20251205,20251209,14,154,1,385,331,2025-12-05,2025-12-09,2025-12-09,2025-12-09 16:37:00,2025-12-18 05:18:36.824469
384,20250502,20250512,7,44,2,382,347,2025-05-02,2025-05-07,2025-05-12,2025-05-12 11:47:00,2025-05-12 22:18:36.813109
385,20250306,20250312,9,186,3,198,187,2025-03-06,2025-03-12,2025-03-12,2025-03-12 12:36:00,2025-03-13 12:56:17.883094
386,20250308,20250317,15,24,1,200,198,2025-03-08,2025-03-17,2025-03-17,2025-03-17 09:47:00,2025-03-19 19:01:23.595384
387,20250106,20250119,1,44,1,315,280,2025-01-06,2025-01-16,2025-01-19,2025-01-19 14:05:00,2025-01-21 13:36:54.723484
388,20251026,20251104,7,1,1,103,88,2025-10-26,2025-11-04,2025-11-04,2025-11-04 10:51:00,2025-11-05 10:21:51.658119
389,20250531,20250609,4,158,3,319,286,2025-05-31,2025-06-10,2025-06-09,2025-06-09 09:19:00,2025-06-11 23:06:01.005754
390,20250810,20250823,1,175,1,291,251,2025-08-10,2025-08-20,2025-08-23,2025-08-23 09:32:00,2025-08-25 01:41:19.218424
391,20250116,20250121,8,14,1,144,140,2025-01-16,2025-01-21,2025-01-21,2025-01-21 07:34:00,2025-01-21 09:34:00.000000
392,20250826,20250902,4,53,1,157,135,2025-08-26,2025-09-02,2025-09-02,2025-09-02 17:08:00,2025-09-04 21:07:36.580288
393,20251127,20251203,12,105,1,173,165,2025-11-27,2025-12-04,2025-12-03,2025-12-03 15:19:00,2025-12-07 11:05:20.217211
394,20250224,20250227,10,96,1,480,448,2025-02-24,2025-02-28,2025-02-27,2025-02-27 14:00:00,2025-02-28 20:10:31.325890
395,20250709,20250717,6,156,1,76,67,2025-07-09,2025-07-16,2025-07-17,2025-07-17 16:47:00,2025-07-20 02:53:02.803663
396,20251024,20251031,8,115,3,80,71,2025-10-24,2025-10-31,2025-10-31,2025-10-31 13:45:00,2025-11-02 04:18:45.412526
397,20250309,20250312,13,78,1,185,175,2025-03-09,2025-03-12,2025-03-12,2025-03-12 09:12:00,2025-03-16 12:23:55.046900
398,20251012,20251016,3,56,1,161,154,2025-10-12,2025-10-16,2025-10-16,2025-10-16 14:37:00,2025-10-17 23:40:57.370891
399,20250723,20250805,15,127,3,273,271,2025-07-23,2025-07-31,2025-08-05,2025-08-05 16:41:00,2025-08-09 22:32:29.399571
400,20250415,20250425,9,61,1,73,71,2025-04-15,2025-04-25,2025-04-25,2025-04-25 13:24:00,2025-04-26 23:58:40.920219
401,20250122,20250128,15,197,2,260,223,2025-01-22,2025-01-28,2025-01-28,2025-01-28 09:37:00,2025-02-02 15:01:19.553510
402,20250520,20250603,11,145,2,419,374,2025-05-20,2025-05-29,2025-06-03,2025-06-03 07:17:00,2025-06-05 18:55:44.747008
403,20250105,20250113,9,34,1,389,334,2025-01-05,2025-01-13,2025-01-13,2025-01-13 13:44:00,2025-01-13 23:35:00.346376
404,20250104,20250107,2,177,2,103,99,2025-01-04,2025-01-07,2025-01-07,2025-01-07 12:10:00,2025-01-07 23:21:16.755874
405,20250911,20250919,14,145,1,173,149,2025-09-11,2025-09-20,2025-09-19,2025-09-19 17:34:00,2025-09-22 10:42:45.738610
406,20250310,20250319,6,80,1,186,163,2025-03-10,2025-03-19,2025-03-19,2025-03-19 17:53:00,2025-03-22 02:26:55.212431
407,20250827,20250831,7,89,1,264,246,2025-08-27,2025-08-31,2025-08-31,2025-08-31 15:42:00,2025-09-03 02:43:19.683392
408,20250319,20250324,13,159,1,89,76,2025-03-19,2025-03-24,2025-03-24,2025-03-24 09:21:00,2025-03-28 09:41:43.908614
409,20250201,20250208,9,193,1,135,130,2025-02-01,2025-02-08,2025-02-08,2025-02-08 15:25:00,2025-02-13 17:56:48.657337
410,20250805,20250809,5,62,2,441,420,2025-08-05,2025-08-09,2025-08-09,2025-08-09 16:07:00,2025-08-12 13:33:41.781209
411,20250219,20250228,4,166,1,246,237,2025-02-19,2025-02-26,2025-02-28,2025-02-28 07:24:00,2025-03-03 00:46:09.635555
412,20250409,20250418,4,184,1,338,317,2025-04-09,2025-04-15,2025-04-18,2025-04-18 08:01:00,2025-04-20 03:25:25.657174
413,20251010,20251018,11,23,1,437,392,2025-10-10,2025-10-18,2025-10-18,2025-10-18 08:07:00,2025-10-19 09:59:54.515501
414,20250320,20250327,11,144,3,321,282,2025-03-20,2025-03-23,2025-03-27,2025-03-27 07:14:00,2025-03-29 18:02:06.398038
415,20250330,20250402,5,9,1,228,211,2025-03-30,2025-04-02,2025-04-02,2025-04-02 07:08:00,2025-04-03 22:43:41.744156
416,20250412,20250422,2,126,1,371,350,2025-04-12,2025-04-22,2025-04-22,2025-04-22 15:10:00,2025-04-23 14:41:53.504295
417,20250828,20250906,12,125,3,248,236,2025-08-28,2025-09-07,2025-09-06,2025-09-06 14:51:00,2025-09-08 11:16:40.137481
418,20250306,20250309,9,64,2,345,321,2025-03-06,2025-03-09,2025-03-09,2025-03-09 16:53:00,2025-03-15 00:11:21.445639
419,20250801,20250805,3,45,3,150,129,2025-08-01,2025-08-05,2025-08-05,2025-08-05 14:18:00,2025-08-09 00:48:39.482952
420,20250527,20250530,3,176,3,248,228,2025-05-27,2025-05-30,2025-05-30,2025-05-30 07:31:00,2025-05-31 13:50:30.539544
421,20250704,20250714,13,156,1,176,163,2025-07-04,2025-07-09,2025-07-14,2025-07-14 13:08:00,2025-07-16 12:56:39.480799
422,20250512,20250516,4,12,1,85,77,2025-05-12,2025-05-16,2025-05-16,2025-05-16 16:18:00,2025-05-21 18:56:43.936634
423,20251202,20251209,9,2,2,89,78,2025-12-02,2025-12-10,2025-12-09,2025-12-09 12:11:00,2025-12-10 01:51:51.455899
424,20250409,20250419,3,88,1,158,145,2025-04-09,2025-04-19,2025-04-19,2025-04-19 17:32:00,2025-04-24 10:16:13.091881
425,20250117,20250124,9,81,2,447,403,2025-01-17,2025-01-24,2025-01-24,2025-01-24 15:09:00,2025-01-26 06:05:07.903273
426,20250220,20250227,1,95,3,229,200,2025-02-20,2025-02-27,2025-02-27,2025-02-27 12:27:00,2025-02-28 20:13:15.949394
427,20250112,20250119,1,89,1,173,165,2025-01-12,2025-01-19,2025-01-19,2025-01-19 09:37:00,2025-01-22 01:29:45.098329
428,20250605,20250613,9,107,1,475,410,2025-06-05,2025-06-13,2025-06-13,2025-06-13 14:45:00,2025-06-13 23:02:13.727446
429,20250301,20250308,15,183,3,158,145,2025-03-01,2025-03-07,2025-03-08,2025-03-08 15:55:00,2025-03-11 00:12:51.399074
430,20250325,20250331,6,188,2,440,383,2025-03-25,2025-04-01,2025-03-31,2025-03-31 07:25:00,2025-04-02 13:51:44.810841
431,20250219,20250226,7,71,1,94,90,2025-02-19,2025-02-26,2025-02-26,2025-02-26 11:57:00,2025-03-02 13:00:42.250968
432,20250718,20250726,13,79,1,496,482,2025-07-18,2025-07-27,2025-07-26,2025-07-26 09:01:00,2025-07-28 00:06:13.447050
433,20250619,20250624,3,64,1,94,83,2025-06-19,2025-06-24,2025-06-24,2025-06-24 13:24:00,2025-06-25 01:23:01.150005
434,20251103,20251109,8,41,2,340,297,2025-11-03,2025-11-10,2025-11-09,2025-11-09 11:03:00,2025-11-10 01:17:41.992128
435,20250710,20250721,6,142,1,350,309,2025-07-10,2025-07-20,2025-07-21,2025-07-21 15:05:00,2025-07-22 06:32:19.896845
436,20250825,20250904,1,175,1,467,426,2025-08-25,2025-08-31,2025-09-04,2025-09-04 13:46:00,2025-09-05 01:01:35.438048
437,20251202,20251210,15,5,2,132,127,2025-12-02,2025-12-10,2025-12-10,2025-12-10 07:19:00,2025-12-13 03:03:53.848559
438,20251010,20251020,5,164,2,145,129,2025-10-10,2025-10-15,2025-10-20,2025-10-20 14:10:00,2025-10-22 01:55:52.804236
439,20250920,20250928,4,181,3,211,203,2025-09-20,2025-09-28,2025-09-28,2025-09-28 10:14:00,2025-10-02 11:48:42.451903
440,20251117,20251122,2,81,2,116,105,2025-11-17,2025-11-22,2025-11-22,2025-11-22 07:37:00,2025-11-27 16:34:19.191386
441,20251108,20251116,8,52,1,492,471,2025-11-08,2025-11-16,2025-11-16,2025-11-16 15:40:00,2025-11-19 16:05:21.259751
442,20250309,20250322,15,8,1,123,109,2025-03-09,2025-03-18,2025-03-22,2025-03-22 07:45:00,2025-03-26 00:42:19.579780
443,20250301,20250311,9,133,1,243,219,2025-03-01,2025-03-09,2025-03-11,2025-03-11 13:48:00,2025-03-13 15:52:40.877513
444,20250625,20250706,15,162,1,298,256,2025-06-25,2025-07-05,2025-07-06,2025-07-06 08:58:00,2025-07-07 15:12:42.852987
445,20250622,20250629,2,114,2,207,198,2025-06-22,2025-06-29,2025-06-29,2025-06-29 13:30:00,2025-07-08 05:49:45.719461
446,20250402,20250412,15,73,2,312,267,2025-04-02,2025-04-11,2025-04-12,2025-04-12 16:11:00,2025-04-17 21:20:00.072893
447,20250124,20250129,13,11,2,198,189,2025-01-24,2025-01-29,2025-01-29,2025-01-29 13:59:00,2025-01-31 08:25:44.705604
448,20250224,20250302,13,167,2,304,298,2025-02-24,2025-03-01,2025-03-02,2025-03-02 07:33:00,2025-03-06 13:35:37.985334
449,20250920,20250926,14,88,1,488,463,2025-09-20,2025-09-23,2025-09-26,2025-09-26 11:12:00,2025-09-29 11:46:47.958783
450,20250411,20250414,4,56,2,311,307,2025-04-11,2025-04-14,2025-04-14,2025-04-14 09:04:00,2025-04-19 19:52:58.446145
451,20251205,20251210,13,53,1,458,456,2025-12-05,2025-12-10,2025-12-10,2025-12-10 15:18:00,2025-12-12 15:54:40.240777
452,20250708,20250718,7,171,2,45,38,2025-07-08,2025-07-16,2025-07-18,2025-07-18 07:00:00,2025-07-18 19:29:58.509104
453,20250316,20250322,4,97,1,332,311,2025-03-16,2025-03-22,2025-03-22,2025-03-22 08:53:00,2025-03-23 19:46:26.333367
454,20250425,20250504,11,168,2,44,43,2025-04-25,2025-05-05,2025-05-04,2025-05-04 08:53:00,2025-05-09 08:47:26.157239
455,20251004,20251012,5,16,1,255,240,2025-10-04,2025-10-13,2025-10-12,2025-10-12 14:08:00,2025-10-12 16:25:46.150753
456,20250225,20250303,3,121,1,426,374,2025-02-25,2025-03-03,2025-03-03,2025-03-03 12:05:00,2025-03-04 00:54:53.364602
457,20250302,20250312,5,154,1,305,261,2025-03-02,2025-03-12,2025-03-12,2025-03-12 10:41:00,2025-03-15 12:35:53.154712
458,20250222,20250303,10,90,1,351,340,2025-02-22,2025-03-03,2025-03-03,2025-03-03 17:17:00,2025-03-05 07:42:54.597909
459,20250424,20250429,2,188,2,270,232,2025-04-24,2025-04-29,2025-04-29,2025-04-29 12:26:00,2025-05-01 09:07:11.875721
460,20250521,20250527,14,89,3,230,206,2025-05-21,2025-05-27,2025-05-27,2025-05-27 08:41:00,2025-05-29 09:09:13.383973
461,20250519,20250525,7,52,2,285,270,2025-05-19,2025-05-25,2025-05-25,2025-05-25 08:09:00,2025-05-27 05:17:35.174031
462,20250202,20250211,4,161,3,149,137,2025-02-02,2025-02-11,2025-02-11,2025-02-11 11:36:00,2025-02-13 02:04:56.468987
463,20250107,20250112,15,190,1,32,29,2025-01-07,2025-01-12,2025-01-12,2025-01-12 08:02:00,2025-01-12 13:13:13.819676
464,20251114,20251117,7,41,3,366,332,2025-11-14,2025-11-17,2025-11-17,2025-11-17 08:43:00,2025-11-19 09:39:06.199612
465,20250123,20250131,12,5,3,442,433,2025-01-23,2025-01-28,2025-01-31,2025-01-31 11:47:00,2025-02-04 14:18:59.499631
466,20250309,20250313,2,24,2,266,249,2025-03-09,2025-03-13,2025-03-13,2025-03-13 17:53:00,2025-03-15 12:06:49.922556
467,20251107,20251112,6,188,2,449,448,2025-11-07,2025-11-10,2025-11-12,2025-11-12 13:36:00,2025-11-16 05:16:00.980655
468,20250412,20250419,7,94,3,327,296,2025-04-12,2025-04-15,2025-04-19,2025-04-19 14:00:00,2025-04-27 07:12:15.843314
469,20250810,20250819,12,128,3,297,292,2025-08-10,2025-08-19,2025-08-19,2025-08-19 08:14:00,2025-08-20 11:11:40.010764
470,20250721,20250728,4,85,1,132,119,2025-07-21,2025-07-29,2025-07-28,2025-07-28 17:50:00,2025-08-02 17:12:40.901403
471,20251103,20251109,8,41,2,101,91,2025-11-03,2025-11-09,2025-11-09,2025-11-09 09:50:00,2025-11-10 01:40:01.458744
472,20250318,20250328,12,83,2,484,483,2025-03-18,2025-03-28,2025-03-28,2025-03-28 07:12:00,2025-03-29 13:36:32.029126
473,20250425,20250504,12,177,3,341,293,2025-04-25,2025-05-04,2025-05-04,2025-05-04 11:33:00,2025-05-07 10:24:25.438536
474,20251126,20251203,5,29,3,458,396,2025-11-26,2025-12-03,2025-12-03,2025-12-03 07:33:00,2025-12-06 12:22:35.832943
475,20250529,20250607,5,143,2,353,352,2025-05-29,2025-06-07,2025-06-07,2025-06-07 17:48:00,2025-06-08 09:10:45.918417
476,20251006,20251011,9,17,3,237,204,2025-10-06,2025-10-12,2025-10-11,2025-10-11 08:00:00,2025-10-13 02:51:32.488640
477,20251021,20251028,11,174,3,359,354,2025-10-21,2025-10-25,2025-10-28,2025-10-28 11:13:00,2025-10-29 08:47:50.294286
478,20250122,20250127,11,194,1,96,92,2025-01-22,2025-01-27,2025-01-27,2025-01-27 08:04:00,2025-02-03 19:21:41.762220
479,20250119,20250129,13,34,3,199,169,2025-01-19,2025-01-29,2025-01-29,2025-01-29 14:12:00,2025-01-30 10:04:06.102432
480,20250728,20250731,15,146,3,107,101,2025-07-28,2025-07-31,2025-07-31,2025-07-31 15:42:00,2025-07-31 22:33:56.718418
481,20250313,20250322,10,83,1,289,275,2025-03-13,2025-03-22,2025-03-22,2025-03-22 14:32:00,2025-03-28 18:02:55.235057
482,20251103,20251109,11,93,2,392,384,2025-11-03,2025-11-10,2025-11-09,2025-11-09 12:01:00,2025-11-10 05:22:42.378083
483,20250518,20250523,12,99,3,210,185,2025-05-18,2025-05-23,2025-05-23,2025-05-23 15:04:00,2025-05-25 17:52:10.205170
484,20250502,20250506,15,118,2,99,94,2025-05-02,2025-05-06,2025-05-06,2025-05-06 16:51:00,2025-05-16 23:51:06.151467
485,20250619,20250626,15,79,1,396,359,2025-06-19,2025-06-27,2025-06-26,2025-06-26 16:04:00,2025-07-01 14:33:11.276801
486,20251118,20251125,5,142,3,177,165,2025-11-18,2025-11-25,2025-11-25,2025-11-25 12:58:00,2025-11-30 16:42:18.865826
487,20250710,20250713,12,112,1,73,66,2025-07-10,2025-07-13,2025-07-13,2025-07-13 07:41:00,2025-07-14 13:12:34.462357
488,20250806,20250814,6,125,3,131,129,2025-08-06,2025-08-14,2025-08-14,2025-08-14 11:44:00,2025-08-17 07:53:47.708199
489,20250729,20250808,5,7,2,184,182,2025-07-29,2025-08-07,2025-08-08,2025-08-08 09:17:00,2025-08-10 00:00:32.004492
490,20250501,20250510,7,162,2,312,309,2025-05-01,2025-05-10,2025-05-10,2025-05-10 11:18:00,2025-05-13 09:07:19.715582
491,20250617,20250625,15,58,3,213,209,2025-06-17,2025-06-22,2025-06-25,2025-06-25 11:41:00,2025-06-27 09:15:53.728183
492,20250119,20250125,9,181,1,279,247,2025-01-19,2025-01-25,2025-01-25,2025-01-25 15:43:00,2025-01-27 01:54:34.003769
493,20250127,20250131,14,150,1,425,375,2025-01-27,2025-01-31,2025-01-31,2025-01-31 07:57:00,2025-02-02 05:23:49.478941
494,20250423,20250427,1,118,2,345,311,2025-04-23,2025-04-27,2025-04-27,2025-04-27 11:21:00,2025-05-01 09:50:04.569154
495,20251121,20251130,12,72,3,48,41,2025-11-21,2025-11-30,2025-11-30,2025-11-30 10:39:00,2025-12-03 02:37:07.277699
496,20250120,20250127,15,5,1,187,174,2025-01-20,2025-01-28,2025-01-27,2025-01-27 08:22:00,2025-01-31 11:50:16.238067
497,20250530,20250602,14,92,1,203,194,2025-05-30,2025-06-03,2025-06-02,2025-06-02 11:22:00,2025-06-08 19:23:23.400413
498,20250825,20250905,15,59,1,355,324,2025-08-25,2025-09-01,2025-09-05,2025-09-05 09:57:00,2025-09-06 05:57:43.022113
499,20251202,20251204,12,43,1,442,393,2025-12-02,2025-12-05,2025-12-04,2025-12-04 16:41:00,2025-12-13 12:56:40.260499
500,20251031,20251107,15,134,1,131,114,2025-10-31,2025-11-04,2025-11-07,2025-11-07 16:26:00,2025-11-10 01:06:45.360608
501,20250110,20250116,2,200,1,345,304,2025-01-10,2025-01-16,2025-01-16,2025-01-16 07:29:00,2025-01-17 18:49:12.883476
502,20250430,20250508,10,86,1,472,416,2025-04-30,2025-05-08,2025-05-08,2025-05-08 12:17:00,2025-05-12 19:10:12.337907
503,20250824,20250902,15,138,1,463,449,2025-08-24,2025-08-31,2025-09-02,2025-09-02 09:40:00,2025-09-05 22:17:09.934156
504,20250123,20250201,14,189,1,389,340,2025-01-23,2025-02-01,2025-02-01,2025-02-01 13:55:00,2025-02-03 12:05:09.713582
505,20250223,20250227,6,192,2,139,137,2025-02-23,2025-02-27,2025-02-27,2025-02-27 14:34:00,2025-03-01 06:14:00.230313
506,20250618,20250624,6,64,1,272,234,2025-06-18,2025-06-23,2025-06-24,2025-06-24 16:12:00,2025-06-25 18:03:31.541295
507,20250505,20250513,4,4,2,291,264,2025-05-05,2025-05-13,2025-05-13,2025-05-13 07:30:00,2025-05-13 22:25:39.135278
508,20250319,20250326,9,52,1,474,416,2025-03-19,2025-03-26,2025-03-26,2025-03-26 13:40:00,2025-04-01 16:44:44.180666
509,20250819,20250828,2,71,2,65,62,2025-08-19,2025-08-29,2025-08-28,2025-08-28 08:00:00,2025-09-03 15:16:03.451475
510,20251026,20251031,1,16,1,21,19,2025-10-26,2025-10-29,2025-10-31,2025-10-31 15:05:00,2025-11-02 14:17:30.741635
511,20250708,20250714,7,115,1,226,209,2025-07-08,2025-07-15,2025-07-14,2025-07-14 17:12:00,2025-07-21 21:10:18.964146
512,20250418,20250422,12,155,1,320,303,2025-04-18,2025-04-23,2025-04-22,2025-04-22 11:33:00,2025-04-25 12:17:58.508351
513,20250717,20250726,6,10,2,135,119,2025-07-17,2025-07-26,2025-07-26,2025-07-26 15:49:00,2025-07-28 06:44:31.169747
514,20251120,20251128,12,104,1,262,245,2025-11-20,2025-11-28,2025-11-28,2025-11-28 14:36:00,2025-12-01 03:16:49.557069
515,20251011,20251020,9,195,1,459,411,2025-10-11,2025-10-19,2025-10-20,2025-10-20 09:56:00,2025-10-23 21:00:28.523735
516,20250416,20250420,8,175,2,456,388,2025-04-16,2025-04-20,2025-04-20,2025-04-20 09:18:00,2025-04-28 20:14:01.949924
517,20250425,20250503,4,173,3,434,388,2025-04-25,2025-05-03,2025-05-03,2025-05-03 08:12:00,2025-05-05 21:28:40.395790
518,20250301,20250311,15,32,3,298,273,2025-03-01,2025-03-10,2025-03-11,2025-03-11 14:07:00,2025-03-12 19:08:05.830756
519,20250809,20250819,13,192,2,392,371,2025-08-09,2025-08-19,2025-08-19,2025-08-19 14:31:00,2025-08-21 17:48:33.573212
520,20250114,20250126,15,171,2,163,144,2025-01-14,2025-01-22,2025-01-26,2025-01-26 11:34:00,2025-02-01 07:17:57.319735
521,20250108,20250111,9,6,2,445,419,2025-01-08,2025-01-11,2025-01-11,2025-01-11 11:20:00,2025-01-11 22:33:47.846478
522,20250310,20250325,5,30,1,203,189,2025-03-10,2025-03-20,2025-03-25,2025-03-25 13:56:00,2025-03-27 04:11:15.964893
523,20250421,20250426,6,137,1,147,131,2025-04-21,2025-04-27,2025-04-26,2025-04-26 10:34:00,2025-05-01 07:56:33.753797
524,20250710,20250719,10,160,1,183,171,2025-07-10,2025-07-19,2025-07-19,2025-07-19 10:24:00,2025-07-20 14:21:47.042285
525,20250409,20250412,1,13,1,103,89,2025-04-09,2025-04-12,2025-04-12,2025-04-12 14:52:00,2025-04-14 05:08:15.564271
526,20250721,20250724,10,173,1,371,368,2025-07-21,2025-07-24,2025-07-24,2025-07-24 10:17:00,2025-07-26 01:17:56.554641
527,20250210,20250216,13,43,1,373,351,2025-02-10,2025-02-16,2025-02-16,2025-02-16 07:23:00,2025-02-20 23:08:02.963901
528,20251027,20251106,4,97,2,219,198,2025-10-27,2025-11-06,2025-11-06,2025-11-06 09:03:00,2025-11-09 04:16:29.393326
529,20250113,20250120,1,168,3,414,353,2025-01-13,2025-01-21,2025-01-20,2025-01-20 12:06:00,2025-01-23 05:17:59.552693
530,20250316,20250320,12,28,3,297,255,2025-03-16,2025-03-20,2025-03-20,2025-03-20 12:25:00,2025-03-23 22:54:15.136703
531,20250214,20250218,8,90,3,378,373,2025-02-14,2025-02-18,2025-02-18,2025-02-18 07:59:00,2025-02-21 07:58:25.498591
532,20250118,20250122,8,18,1,246,239,2025-01-18,2025-01-22,2025-01-22,2025-01-22 12:06:00,2025-01-26 18:31:49.765389
533,20250308,20250311,10,24,2,383,374,2025-03-08,2025-03-11,2025-03-11,2025-03-11 17:26:00,2025-03-13 21:30:52.275102
534,20250906,20250912,6,183,3,271,231,2025-09-06,2025-09-12,2025-09-12,2025-09-12 10:34:00,2025-09-13 08:33:03.833050
535,20250114,20250121,10,198,1,171,161,2025-01-14,2025-01-21,2025-01-21,2025-01-21 12:30:00,2025-01-24 18:21:47.148349
536,20250708,20250712,1,68,1,162,147,2025-07-08,2025-07-13,2025-07-12,2025-07-12 15:29:00,2025-07-15 16:30:10.723973
537,20250923,20250930,2,61,3,324,310,2025-09-23,2025-09-30,2025-09-30,2025-09-30 14:27:00,2025-10-02 09:51:39.851318
538,20250829,20250903,11,3,1,286,262,2025-08-29,2025-09-02,2025-09-03,2025-09-03 12:22:00,2025-09-05 09:58:57.860091
539,20250827,20250905,2,92,1,235,207,2025-08-27,2025-09-05,2025-09-05,2025-09-05 15:14:00,2025-09-06 22:43:47.094450
540,20250927,20251005,9,67,1,210,206,2025-09-27,2025-10-05,2025-10-05,2025-10-05 07:39:00,2025-10-07 12:18:56.867193
541,20251124,20251129,13,90,2,379,362,2025-11-24,2025-11-29,2025-11-29,2025-11-29 11:52:00,2025-12-01 21:33:45.030377
542,20251027,20251030,13,18,2,458,395,2025-10-27,2025-10-30,2025-10-30,2025-10-30 08:46:00,2025-11-02 05:14:17.593629
543,20251026,20251101,3,36,1,49,41,2025-10-26,2025-11-01,2025-11-01,2025-11-01 13:51:00,2025-11-04 18:49:24.274498
544,20251017,20251023,9,173,2,400,371,2025-10-17,2025-10-23,2025-10-23,2025-10-23 10:24:00,2025-10-26 02:07:13.605070
545,20250804,20250813,7,50,3,164,140,2025-08-04,2025-08-13,2025-08-13,2025-08-13 11:32:00,2025-08-14 19:35:31.599287
546,20250827,20250904,11,47,2,167,143,2025-08-27,2025-09-04,2025-09-04,2025-09-04 11:40:00,2025-09-07 03:05:23.037348
547,20251128,20251204,5,123,1,454,452,2025-11-28,2025-12-02,2025-12-04,2025-12-04 13:03:00,2025-12-10 00:21:40.141728
548,20251123,20251201,2,178,3,341,335,2025-11-23,2025-11-28,2025-12-01,2025-12-01 11:11:00,2025-12-02 04:35:55.189789
549,20250227,20250308,15,185,1,97,90,2025-02-27,2025-03-08,2025-03-08,2025-03-08 11:44:00,2025-03-09 16:54:14.117729
550,20250614,20250622,7,77,1,402,397,2025-06-14,2025-06-20,2025-06-22,2025-06-22 11:19:00,2025-06-24 15:30:23.322804
551,20251110,20251115,15,46,2,80,73,2025-11-10,2025-11-15,2025-11-15,2025-11-15 17:04:00,2025-11-18 00:02:57.130475
552,20250810,20250813,14,48,2,366,345,2025-08-10,2025-08-13,2025-08-13,2025-08-13 17:40:00,2025-08-15 02:23:26.247105
553,20250426,20250504,14,159,1,483,424,2025-04-26,2025-05-02,2025-05-04,2025-05-04 17:41:00,2025-05-05 22:40:22.783552
554,20250728,20250809,15,132,1,345,310,2025-07-28,2025-08-07,2025-08-09,2025-08-09 10:14:00,2025-08-10 18:37:33.039907
555,20250818,20250823,15,39,1,276,261,2025-08-18,2025-08-23,2025-08-23,2025-08-23 07:14:00,2025-08-23 23:50:34.307132
556,20250331,20250408,15,186,3,388,336,2025-03-31,2025-04-09,2025-04-08,2025-04-08 14:57:00,2025-04-09 02:50:29.711108
557,20250510,20250516,15,120,2,431,393,2025-05-10,2025-05-14,2025-05-16,2025-05-16 08:03:00,2025-05-19 15:45:28.485214
558,20250204,20250211,6,109,2,180,174,2025-02-04,2025-02-11,2025-02-11,2025-02-11 07:09:00,2025-02-13 08:26:21.351827
559,20250415,20250423,13,8,1,219,190,2025-04-15,2025-04-23,2025-04-23,2025-04-23 08:48:00,2025-04-26 07:15:13.234115
560,20250307,20250316,1,87,2,444,390,2025-03-07,2025-03-16,2025-03-16,2025-03-16 07:39:00,2025-03-17 20:12:00.960530
561,20250828,20250909,9,164,1,128,109,2025-08-28,2025-09-07,2025-09-09,2025-09-09 17:35:00,2025-09-10 23:20:10.988817
562,20251021,20251024,2,12,1,188,174,2025-10-21,2025-10-24,2025-10-24,2025-10-24 12:25:00,2025-10-26 08:57:07.678069
563,20250308,20250313,6,169,2,411,375,2025-03-08,2025-03-12,2025-03-13,2025-03-13 07:56:00,2025-03-15 03:05:35.878826
564,20250220,20250225,14,89,1,188,172,2025-02-20,2025-02-25,2025-02-25,2025-02-25 10:31:00,2025-02-27 21:19:27.677718
565,20250827,20250903,11,107,1,34,33,2025-08-27,2025-08-30,2025-09-03,2025-09-03 09:58:00,2025-09-05 03:59:20.170316
566,20250902,20250909,8,150,1,108,91,2025-09-02,2025-09-07,2025-09-09,2025-09-09 14:09:00,2025-09-16 08:17:00.519419
567,20250523,20250531,9,148,3,63,53,2025-05-23,2025-05-31,2025-05-31,2025-05-31 08:17:00,2025-06-04 15:24:01.941073
568,20250707,20250711,8,56,1,74,63,2025-07-07,2025-07-11,2025-07-11,2025-07-11 08:39:00,2025-07-12 17:56:41.240100
569,20250621,20250624,5,28,3,488,483,2025-06-21,2025-06-24,2025-06-24,2025-06-24 17:39:00,2025-06-26 03:16:13.673853
570,20250406,20250415,5,179,3,268,232,2025-04-06,2025-04-15,2025-04-15,2025-04-15 13:23:00,2025-04-21 08:14:54.295396
571,20250520,20250528,7,60,1,447,409,2025-05-20,2025-05-29,2025-05-28,2025-05-28 08:56:00,2025-05-31 03:25:00.356538
572,20250326,20250329,12,35,1,33,31,2025-03-26,2025-03-30,2025-03-29,2025-03-29 07:11:00,2025-03-31 07:33:09.703418
573,20250714,20250723,6,147,2,104,98,2025-07-14,2025-07-21,2025-07-23,2025-07-23 17:57:00,2025-07-24 18:30:38.108541
574,20250507,20250514,8,50,1,421,399,2025-05-07,2025-05-15,2025-05-14,2025-05-14 16:46:00,2025-05-20 06:00:00.264653
575,20250123,20250127,4,140,2,336,302,2025-01-23,2025-01-27,2025-01-27,2025-01-27 17:10:00,2025-01-27 19:49:34.306490
576,20250828,20250903,11,194,1,236,219,2025-08-28,2025-09-01,2025-09-03,2025-09-03 14:45:00,2025-09-05 07:38:26.093282
577,20251202,20251208,14,108,1,254,227,2025-12-02,2025-12-07,2025-12-08,2025-12-08 10:53:00,2025-12-12 08:59:45.399043
578,20250303,20250313,3,47,1,199,194,2025-03-03,2025-03-13,2025-03-13,2025-03-13 16:25:00,2025-03-16 02:21:00.657574
579,20250618,20250701,5,103,3,349,335,2025-06-18,2025-06-28,2025-07-01,2025-07-01 09:38:00,2025-07-03 23:15:21.656561
580,20250608,20250615,4,94,1,308,265,2025-06-08,2025-06-15,2025-06-15,2025-06-15 07:50:00,2025-06-16 23:33:01.504432
581,20250704,20250712,14,112,1,123,114,2025-07-04,2025-07-08,2025-07-12,2025-07-12 14:15:00,2025-07-14 12:14:51.635194
582,20250630,20250703,6,150,1,359,322,2025-06-30,2025-07-03,2025-07-03,2025-07-03 15:05:00,2025-07-04 17:50:32.807511
583,20250409,20250414,11,16,3,498,469,2025-04-09,2025-04-14,2025-04-14,2025-04-14 17:54:00,2025-04-16 12:28:11.442863
584,20250319,20250323,10,173,1,79,68,2025-03-19,2025-03-23,2025-03-23,2025-03-23 07:27:00,2025-03-27 04:43:19.805253
585,20250427,20250507,6,59,1,86,77,2025-04-27,2025-05-07,2025-05-07,2025-05-07 13:33:00,2025-05-10 21:18:57.428995
586,20250225,20250306,14,125,1,394,393,2025-02-25,2025-03-06,2025-03-06,2025-03-06 13:41:00,2025-03-09 04:20:57.535410
587,20250218,20250227,3,83,1,458,448,2025-02-18,2025-02-27,2025-02-27,2025-02-27 15:21:00,2025-02-28 14:28:26.368236
588,20250618,20250622,4,121,2,361,354,2025-06-18,2025-06-22,2025-06-22,2025-06-22 14:08:00,2025-06-23 14:22:47.936970
589,20250502,20250512,9,102,2,23,19,2025-05-02,2025-05-07,2025-05-12,2025-05-12 08:27:00,2025-05-13 23:49:04.121737
590,20251101,20251106,4,180,1,433,372,2025-11-01,2025-11-04,2025-11-06,2025-11-06 15:54:00,2025-11-08 18:57:22.123520
591,20250830,20250908,5,78,2,383,353,2025-08-30,2025-09-08,2025-09-08,2025-09-08 16:43:00,2025-09-11 07:09:26.609179
592,20250419,20250425,14,200,1,163,157,2025-04-19,2025-04-26,2025-04-25,2025-04-25 08:25:00,2025-04-25 19:34:09.651422
593,20250926,20251002,10,78,3,232,223,2025-09-26,2025-10-02,2025-10-02,2025-10-02 16:28:00,2025-10-03 20:14:23.752083
594,20250424,20250502,4,161,1,127,111,2025-04-24,2025-05-03,2025-05-02,2025-05-02 11:35:00,2025-05-06 08:45:39.513564
595,20250101,20250107,12,158,3,422,369,2025-01-01,2025-01-07,2025-01-07,2025-01-07 10:04:00,2025-01-09 13:26:29.004537
596,20250318,20250327,4,54,1,407,398,2025-03-18,2025-03-23,2025-03-27,2025-03-27 16:11:00,2025-03-28 04:48:02.266526
597,20250806,20250813,14,141,2,241,210,2025-08-06,2025-08-14,2025-08-13,2025-08-13 10:11:00,2025-08-15 18:12:05.273897
598,20250619,20250622,8,60,2,217,192,2025-06-19,2025-06-22,2025-06-22,2025-06-22 16:15:00,2025-06-23 13:42:07.759528
599,20251101,20251108,8,84,3,483,457,2025-11-01,2025-11-08,2025-11-08,2025-11-08 13:27:00,2025-11-12 02:59:35.789528
600,20250207,20250218,6,76,1,498,424,2025-02-07,2025-02-16,2025-02-18,2025-02-18 16:56:00,2025-02-20 18:16:51.221742
601,20250426,20250502,13,19,1,387,343,2025-04-26,2025-05-02,2025-05-02,2025-05-02 14:38:00,2025-05-03 23:13:15.738813
602,20250825,20250831,2,130,1,74,65,2025-08-25,2025-08-31,2025-08-31,2025-08-31 17:14:00,2025-09-03 17:28:54.377512
603,20250127,20250205,3,99,1,202,171,2025-01-27,2025-02-05,2025-02-05,2025-02-05 14:21:00,2025-02-07 11:54:26.985293
604,20250901,20250908,3,60,1,220,196,2025-09-01,2025-09-04,2025-09-08,2025-09-08 08:03:00,2025-09-11 19:03:54.081494
605,20250809,20250811,13,43,1,48,44,2025-08-09,2025-08-12,2025-08-11,2025-08-11 09:41:00,2025-08-14 20:01:22.630193
606,20250320,20250328,2,143,1,155,150,2025-03-20,2025-03-28,2025-03-28,2025-03-28 14:15:00,2025-03-30 03:16:36.423919
607,20250206,20250210,9,113,2,137,116,2025-02-06,2025-02-09,2025-02-10,2025-02-10 07:48:00,2025-02-10 13:51:28.430476
608,20251201,20251203,10,92,1,454,450,2025-12-01,2025-12-04,2025-12-03,2025-12-03 12:25:00,2025-12-05 07:28:15.576264
609,20250728,20250802,15,184,1,357,338,2025-07-28,2025-08-03,2025-08-02,2025-08-02 09:58:00,2025-08-02 14:59:02.561580
610,20250123,20250127,13,186,3,424,375,2025-01-23,2025-01-27,2025-01-27,2025-01-27 12:26:00,2025-01-27 16:28:33.454496
611,20250228,20250303,8,5,1,446,399,2025-02-28,2025-03-03,2025-03-03,2025-03-03 13:07:00,2025-03-06 15:34:26.211365
612,20251025,20251031,4,21,2,132,130,2025-10-25,2025-10-31,2025-10-31,2025-10-31 13:47:00,2025-11-02 13:29:41.016941
613,20250301,20250303,4,157,1,298,275,2025-03-01,2025-03-04,2025-03-03,2025-03-03 07:21:00,2025-03-07 05:37:43.277520
614,20250816,20250819,14,134,1,351,333,2025-08-16,2025-08-19,2025-08-19,2025-08-19 07:28:00,2025-08-23 03:00:45.821292
615,20250217,20250226,12,120,2,145,123,2025-02-17,2025-02-27,2025-02-26,2025-02-26 14:18:00,2025-02-27 12:16:23.324866
616,20250531,20250604,5,47,1,361,359,2025-05-31,2025-06-04,2025-06-04,2025-06-04 09:38:00,2025-06-16 07:00:28.766275
617,20250528,20250602,3,186,1,342,303,2025-05-28,2025-06-02,2025-06-02,2025-06-02 07:01:00,2025-06-04 00:46:15.161353
618,20250720,20250730,5,30,3,394,363,2025-07-20,2025-07-30,2025-07-30,2025-07-30 13:45:00,2025-07-31 13:12:59.118283
619,20250828,20250831,15,41,3,290,250,2025-08-28,2025-08-31,2025-08-31,2025-08-31 08:52:00,2025-09-01 13:25:47.736495
620,20250113,20250117,2,184,2,335,286,2025-01-13,2025-01-18,2025-01-17,2025-01-17 17:18:00,2025-01-20 01:11:22.849804
621,20250513,20250515,4,96,3,66,65,2025-05-13,2025-05-16,2025-05-15,2025-05-15 14:44:00,2025-05-17 07:51:02.919853
622,20250827,20250904,2,128,2,383,332,2025-08-27,2025-09-04,2025-09-04,2025-09-04 17:14:00,2025-09-06 22:51:35.006306
623,20250929,20251006,9,141,1,139,124,2025-09-29,2025-10-07,2025-10-06,2025-10-06 14:03:00,2025-10-08 08:29:58.295196
624,20250925,20250929,11,45,1,227,209,2025-09-25,2025-09-30,2025-09-29,2025-09-29 07:58:00,2025-10-02 23:39:00.174528
625,20250909,20250920,3,18,2,306,294,2025-09-09,2025-09-15,2025-09-20,2025-09-20 09:11:00,2025-09-27 01:46:10.794157
626,20250128,20250205,13,92,2,320,315,2025-01-28,2025-02-05,2025-02-05,2025-02-05 15:44:00,2025-02-09 00:27:30.387158
627,20250720,20250723,11,65,3,106,91,2025-07-20,2025-07-23,2025-07-23,2025-07-23 08:49:00,2025-07-29 15:39:49.605101
628,20250226,20250307,12,64,3,274,269,2025-02-26,2025-03-07,2025-03-07,2025-03-07 10:06:00,2025-03-13 07:25:07.221003
629,20251201,20251210,3,96,1,105,89,2025-12-01,2025-12-10,2025-12-10,2025-12-10 15:56:00,2025-12-12 22:06:41.302823
630,20250101,20250108,1,164,2,248,225,2025-01-01,2025-01-09,2025-01-08,2025-01-08 08:06:00,2025-01-08 11:16:54.614758
631,20250503,20250515,1,40,2,87,81,2025-05-03,2025-05-13,2025-05-15,2025-05-15 08:21:00,2025-05-17 06:14:30.016946
632,20250523,20250601,15,47,1,442,418,2025-05-23,2025-06-01,2025-06-01,2025-06-01 10:35:00,2025-06-09 17:22:35.315542
633,20250807,20250815,14,138,3,416,360,2025-08-07,2025-08-15,2025-08-15,2025-08-15 15:49:00,2025-08-17 01:36:34.232457
634,20251104,20251111,13,137,2,63,58,2025-11-04,2025-11-12,2025-11-11,2025-11-11 14:42:00,2025-11-12 15:51:56.123679
635,20250429,20250508,6,170,2,452,392,2025-04-29,2025-05-08,2025-05-08,2025-05-08 11:02:00,2025-05-10 07:14:45.070113
636,20250305,20250311,3,106,1,489,482,2025-03-05,2025-03-11,2025-03-11,2025-03-11 12:30:00,2025-03-11 23:13:36.678629
637,20250316,20250321,7,68,2,348,317,2025-03-16,2025-03-21,2025-03-21,2025-03-21 13:19:00,2025-03-22 21:36:06.874851
638,20251112,20251120,6,189,1,292,253,2025-11-12,2025-11-21,2025-11-20,2025-11-20 09:12:00,2025-11-22 16:31:42.888312
639,20251015,20251022,5,180,1,82,77,2025-10-15,2025-10-23,2025-10-22,2025-10-22 14:46:00,2025-10-26 21:57:18.996259
640,20251107,20251117,11,9,1,393,392,2025-11-07,2025-11-17,2025-11-17,2025-11-17 09:46:00,2025-11-17 20:29:37.143237
641,20250507,20250515,15,139,2,367,337,2025-05-07,2025-05-15,2025-05-15,2025-05-15 07:53:00,2025-05-19 11:49:51.086846
642,20250605,20250613,9,116,1,144,136,2025-06-05,2025-06-08,2025-06-13,2025-06-13 16:24:00,2025-06-13 22:08:36.942205
643,20250216,20250223,5,90,2,304,298,2025-02-16,2025-02-21,2025-02-23,2025-02-23 17:13:00,2025-02-26 05:57:52.046273
644,20250729,20250801,13,132,1,155,135,2025-07-29,2025-08-01,2025-08-01,2025-08-01 14:47:00,2025-08-07 08:08:06.813832
645,20250403,20250410,4,133,1,298,294,2025-04-03,2025-04-10,2025-04-10,2025-04-10 14:46:00,2025-04-10 21:13:15.743039
646,20251121,20251129,7,90,1,414,374,2025-11-21,2025-11-25,2025-11-29,2025-11-29 10:44:00,2025-11-30 04:55:23.885458
647,20250321,20250401,11,24,1,372,360,2025-03-21,2025-03-27,2025-04-01,2025-04-01 08:28:00,2025-04-02 09:33:34.411323
648,20250920,20250927,14,34,1,286,265,2025-09-20,2025-09-28,2025-09-27,2025-09-27 10:47:00,2025-09-29 02:22:44.125764
649,20250501,20250508,7,149,1,274,235,2025-05-01,2025-05-08,2025-05-08,2025-05-08 16:01:00,2025-05-08 18:01:00.000000
650,20250415,20250423,6,58,2,179,165,2025-04-15,2025-04-23,2025-04-23,2025-04-23 14:32:00,2025-04-24 05:23:51.926584
651,20251112,20251115,12,151,2,467,438,2025-11-12,2025-11-15,2025-11-15,2025-11-15 07:37:00,2025-11-18 12:55:56.179663
652,20250415,20250425,11,25,2,419,416,2025-04-15,2025-04-21,2025-04-25,2025-04-25 10:35:00,2025-04-26 19:32:46.185414
653,20250331,20250405,14,87,1,139,124,2025-03-31,2025-04-05,2025-04-05,2025-04-05 07:37:00,2025-04-09 05:11:07.653140
654,20250520,20250528,11,120,2,36,32,2025-05-20,2025-05-24,2025-05-28,2025-05-28 08:40:00,2025-05-30 01:51:47.999846
655,20250725,20250805,14,160,2,30,28,2025-07-25,2025-08-01,2025-08-05,2025-08-05 14:19:00,2025-08-06 08:15:38.754340
656,20250307,20250317,2,98,2,267,237,2025-03-07,2025-03-17,2025-03-17,2025-03-17 12:39:00,2025-03-18 06:28:07.195825
657,20250124,20250205,7,141,3,195,179,2025-01-24,2025-01-31,2025-02-05,2025-02-05 11:42:00,2025-02-07 03:32:53.883623
658,20251109,20251117,2,198,1,105,91,2025-11-09,2025-11-17,2025-11-17,2025-11-17 17:55:00,2025-11-20 03:41:13.618547
659,20250329,20250405,11,130,3,267,244,2025-03-29,2025-04-05,2025-04-05,2025-04-05 07:58:00,2025-04-08 10:48:35.324906
660,20250423,20250506,5,133,2,451,425,2025-04-23,2025-05-03,2025-05-06,2025-05-06 16:55:00,2025-05-08 07:51:43.147870
661,20250826,20250902,9,196,1,441,433,2025-08-26,2025-09-02,2025-09-02,2025-09-02 15:20:00,2025-09-07 04:14:21.283331
662,20250901,20250913,7,164,1,357,315,2025-09-01,2025-09-08,2025-09-13,2025-09-13 12:37:00,2025-09-14 10:14:37.770413
663,20250604,20250610,9,85,2,390,349,2025-06-04,2025-06-10,2025-06-10,2025-06-10 13:13:00,2025-06-14 14:16:25.154891
664,20251123,20251129,5,90,1,273,236,2025-11-23,2025-11-28,2025-11-29,2025-11-29 11:38:00,2025-11-30 15:31:36.628443
665,20250302,20250305,10,34,1,160,151,2025-03-02,2025-03-05,2025-03-05,2025-03-05 09:52:00,2025-03-05 18:13:07.190255
666,20250803,20250810,14,97,1,395,369,2025-08-03,2025-08-10,2025-08-10,2025-08-10 11:12:00,2025-08-13 07:12:15.320870
667,20250908,20250917,13,162,1,189,177,2025-09-08,2025-09-17,2025-09-17,2025-09-17 14:23:00,2025-09-18 20:47:19.407363
668,20250916,20250919,12,185,1,378,365,2025-09-16,2025-09-20,2025-09-19,2025-09-19 09:12:00,2025-09-21 11:21:50.811638
669,20250417,20250427,4,35,2,99,91,2025-04-17,2025-04-27,2025-04-27,2025-04-27 14:52:00,2025-04-28 04:50:41.846228
670,20250624,20250629,4,123,1,471,409,2025-06-24,2025-06-29,2025-06-29,2025-06-29 08:45:00,2025-06-30 23:00:58.258039
671,20250516,20250521,8,47,1,165,161,2025-05-16,2025-05-21,2025-05-21,2025-05-21 15:04:00,2025-05-22 08:35:41.846826
672,20250820,20250822,10,122,1,301,293,2025-08-20,2025-08-23,2025-08-22,2025-08-22 13:36:00,2025-08-26 21:39:31.320854
673,20250109,20250113,4,15,2,96,90,2025-01-09,2025-01-13,2025-01-13,2025-01-13 08:21:00,2025-01-18 06:19:55.639541
674,20250520,20250530,2,189,3,147,144,2025-05-20,2025-05-30,2025-05-30,2025-05-30 07:17:00,2025-05-30 12:27:31.232851
675,20250418,20250427,11,32,1,441,405,2025-04-18,2025-04-27,2025-04-27,2025-04-27 15:57:00,2025-05-02 02:06:24.036012
676,20250826,20250903,10,76,1,174,159,2025-08-26,2025-09-02,2025-09-03,2025-09-03 14:13:00,2025-09-04 08:01:41.391807
677,20250227,20250305,3,154,1,325,299,2025-02-27,2025-03-05,2025-03-05,2025-03-05 09:29:00,2025-03-07 01:19:27.676465
678,20250423,20250427,4,113,1,24,20,2025-04-23,2025-04-28,2025-04-27,2025-04-27 15:19:00,2025-04-29 23:35:59.379274
679,20251114,20251122,4,30,2,382,357,2025-11-14,2025-11-22,2025-11-22,2025-11-22 13:05:00,2025-11-24 14:16:54.941993
680,20250617,20250623,14,73,1,251,225,2025-06-17,2025-06-23,2025-06-23,2025-06-23 15:25:00,2025-06-27 20:54:00.632677
681,20251025,20251102,11,11,1,39,33,2025-10-25,2025-11-02,2025-11-02,2025-11-02 10:16:00,2025-11-03 20:30:26.683469
682,20250507,20250516,9,112,3,156,153,2025-05-07,2025-05-16,2025-05-16,2025-05-16 16:37:00,2025-05-17 02:42:55.288308
683,20250910,20250917,2,127,3,303,294,2025-09-10,2025-09-17,2025-09-17,2025-09-17 10:04:00,2025-09-21 07:23:57.877874
684,20251117,20251127,15,49,1,40,34,2025-11-17,2025-11-27,2025-11-27,2025-11-27 12:12:00,2025-11-29 01:52:20.213253
685,20250904,20250906,8,16,2,328,296,2025-09-04,2025-09-07,2025-09-06,2025-09-06 10:12:00,2025-09-09 12:23:40.385652
686,20251111,20251120,6,127,3,399,354,2025-11-11,2025-11-21,2025-11-20,2025-11-20 07:24:00,2025-11-20 19:34:53.440366
687,20250405,20250412,5,61,2,320,295,2025-04-05,2025-04-11,2025-04-12,2025-04-12 10:13:00,2025-04-14 00:03:55.102516
688,20250505,20250507,8,68,2,394,346,2025-05-05,2025-05-08,2025-05-07,2025-05-07 09:20:00,2025-05-10 14:09:18.494527
689,20250112,20250117,10,104,2,371,325,2025-01-12,2025-01-17,2025-01-17,2025-01-17 07:27:00,2025-01-20 02:41:30.902380
690,20250405,20250415,1,126,3,388,344,2025-04-05,2025-04-15,2025-04-15,2025-04-15 16:19:00,2025-04-16 17:03:37.143014
691,20250717,20250723,4,18,1,97,83,2025-07-17,2025-07-24,2025-07-23,2025-07-23 11:07:00,2025-07-27 00:25:03.946969
692,20250603,20250606,3,66,2,89,76,2025-06-03,2025-06-06,2025-06-06,2025-06-06 17:31:00,2025-06-08 10:08:56.445236
693,20250320,20250328,2,14,1,292,263,2025-03-20,2025-03-28,2025-03-28,2025-03-28 13:53:00,2025-03-31 17:28:53.669320
694,20251123,20251201,7,155,1,189,166,2025-11-23,2025-12-02,2025-12-01,2025-12-01 09:34:00,2025-12-03 21:41:45.583668
695,20250321,20250326,10,116,1,327,279,2025-03-21,2025-03-26,2025-03-26,2025-03-26 15:05:00,2025-03-28 08:03:31.837147
696,20250919,20250929,1,151,3,385,365,2025-09-19,2025-09-24,2025-09-29,2025-09-29 12:15:00,2025-09-30 23:06:53.368768
697,20250628,20250708,10,173,1,183,174,2025-06-28,2025-07-04,2025-07-08,2025-07-08 11:37:00,2025-07-10 10:57:20.253514
698,20250216,20250221,4,89,3,461,456,2025-02-16,2025-02-21,2025-02-21,2025-02-21 07:37:00,2025-02-22 09:44:01.571218
699,20250816,20250820,13,36,1,302,275,2025-08-16,2025-08-20,2025-08-20,2025-08-20 14:13:00,2025-08-21 13:01:55.287614
700,20250212,20250221,9,159,2,190,182,2025-02-12,2025-02-16,2025-02-21,2025-02-21 16:48:00,2025-03-01 22:31:48.472331
701,20250424,20250429,8,138,1,42,39,2025-04-24,2025-04-29,2025-04-29,2025-04-29 11:16:00,2025-05-05 05:53:23.527178
702,20251030,20251108,2,179,2,167,142,2025-10-30,2025-11-04,2025-11-08,2025-11-08 08:27:00,2025-11-09 08:41:02.238066
703,20250706,20250715,4,8,2,435,376,2025-07-06,2025-07-13,2025-07-15,2025-07-15 15:11:00,2025-07-16 16:34:46.660111
704,20250818,20250825,1,12,2,297,261,2025-08-18,2025-08-25,2025-08-25,2025-08-25 08:16:00,2025-08-26 00:46:20.593895
705,20250307,20250315,1,95,1,137,134,2025-03-07,2025-03-15,2025-03-15,2025-03-15 14:24:00,2025-03-19 02:08:34.601067
706,20251123,20251128,4,189,3,48,41,2025-11-23,2025-11-28,2025-11-28,2025-11-28 12:40:00,2025-11-29 20:50:54.816032
707,20250621,20250629,7,78,2,341,318,2025-06-21,2025-06-30,2025-06-29,2025-06-29 08:10:00,2025-06-30 19:29:38.950708
708,20250129,20250203,14,154,3,32,28,2025-01-29,2025-02-04,2025-02-03,2025-02-03 09:04:00,2025-02-06 08:52:02.987560
709,20250326,20250329,2,34,2,443,401,2025-03-26,2025-03-29,2025-03-29,2025-03-29 11:36:00,2025-03-30 16:58:31.451325
710,20250712,20250715,8,184,1,53,49,2025-07-12,2025-07-16,2025-07-15,2025-07-15 10:30:00,2025-07-16 15:46:41.678910
711,20250516,20250519,9,147,1,427,390,2025-05-16,2025-05-20,2025-05-19,2025-05-19 10:12:00,2025-05-23 13:19:28.141991
712,20250724,20250802,2,136,1,233,205,2025-07-24,2025-08-02,2025-08-02,2025-08-02 08:51:00,2025-08-05 02:37:25.760804
713,20250916,20250919,12,144,3,115,103,2025-09-16,2025-09-19,2025-09-19,2025-09-19 12:15:00,2025-09-20 11:33:27.408699
714,20251029,20251108,7,23,2,48,43,2025-10-29,2025-11-06,2025-11-08,2025-11-08 15:18:00,2025-11-12 11:10:14.387637
715,20251008,20251018,9,44,3,297,294,2025-10-08,2025-10-18,2025-10-18,2025-10-18 15:45:00,2025-10-27 14:49:47.197328
716,20250524,20250604,7,2,3,317,282,2025-05-24,2025-06-02,2025-06-04,2025-06-04 11:52:00,2025-06-06 07:55:38.418835
717,20250617,20250626,6,156,1,147,146,2025-06-17,2025-06-26,2025-06-26,2025-06-26 09:10:00,2025-06-29 19:43:40.217109
718,20251008,20251013,13,119,2,282,248,2025-10-08,2025-10-13,2025-10-13,2025-10-13 09:29:00,2025-10-22 11:54:25.901910
719,20251103,20251107,12,92,2,218,199,2025-11-03,2025-11-07,2025-11-07,2025-11-07 10:07:00,2025-11-07 15:49:19.218071
720,20250918,20250923,12,44,1,124,121,2025-09-18,2025-09-23,2025-09-23,2025-09-23 12:28:00,2025-09-27 00:01:41.310089
721,20250712,20250718,14,129,3,151,130,2025-07-12,2025-07-18,2025-07-18,2025-07-18 14:49:00,2025-07-21 16:07:13.525081
722,20250426,20250502,13,6,1,201,182,2025-04-26,2025-05-02,2025-05-02,2025-05-02 08:13:00,2025-05-02 10:24:48.956962
723,20250213,20250223,13,54,3,108,99,2025-02-13,2025-02-19,2025-02-23,2025-02-23 09:32:00,2025-03-01 11:13:55.821447
724,20251119,20251123,13,78,1,138,133,2025-11-19,2025-11-23,2025-11-23,2025-11-23 08:14:00,2025-11-25 02:16:05.214013
725,20250902,20250906,15,194,2,273,265,2025-09-02,2025-09-07,2025-09-06,2025-09-06 09:36:00,2025-09-09 02:19:23.202039
726,20250409,20250412,7,146,2,111,99,2025-04-09,2025-04-12,2025-04-12,2025-04-12 07:48:00,2025-04-13 18:41:48.126260
727,20250405,20250413,5,36,2,322,307,2025-04-05,2025-04-13,2025-04-13,2025-04-13 10:37:00,2025-04-18 07:00:01.012035
728,20250711,20250722,11,81,1,55,49,2025-07-11,2025-07-18,2025-07-22,2025-07-22 11:25:00,2025-07-23 21:44:11.629926
729,20250718,20250727,4,67,2,423,406,2025-07-18,2025-07-24,2025-07-27,2025-07-27 13:19:00,2025-07-27 15:19:00.000000
730,20250104,20250113,7,51,1,159,136,2025-01-04,2025-01-08,2025-01-13,2025-01-13 13:55:00,2025-01-14 08:52:34.333813
731,20251020,20251029,13,19,2,425,375,2025-10-20,2025-10-29,2025-10-29,2025-10-29 07:10:00,2025-10-30 11:28:51.163310
732,20250515,20250520,14,108,1,294,278,2025-05-15,2025-05-21,2025-05-20,2025-05-20 10:34:00,2025-05-22 19:37:32.641545
733,20250913,20250916,14,45,2,36,32,2025-09-13,2025-09-16,2025-09-16,2025-09-16 13:42:00,2025-09-17 15:50:56.726288
734,20250519,20250524,13,111,1,469,407,2025-05-19,2025-05-25,2025-05-24,2025-05-24 08:42:00,2025-05-28 10:10:24.675693
735,20251026,20251105,7,108,2,459,416,2025-10-26,2025-11-05,2025-11-05,2025-11-05 14:06:00,2025-11-08 21:33:54.588909
736,20250116,20250121,7,68,1,324,292,2025-01-16,2025-01-21,2025-01-21,2025-01-21 12:54:00,2025-01-25 06:40:55.537492
737,20250209,20250217,1,147,1,145,134,2025-02-09,2025-02-12,2025-02-17,2025-02-17 16:56:00,2025-02-19 07:31:07.846979
738,20250909,20250913,14,135,3,202,199,2025-09-09,2025-09-13,2025-09-13,2025-09-13 16:57:00,2025-09-17 11:31:25.019111
739,20251128,20251206,8,116,3,244,225,2025-11-28,2025-12-07,2025-12-06,2025-12-06 11:23:00,2025-12-09 06:21:54.432746
740,20251030,20251107,10,92,3,244,240,2025-10-30,2025-11-07,2025-11-07,2025-11-07 07:51:00,2025-11-08 21:06:14.132442
741,20250916,20250919,1,25,1,190,188,2025-09-16,2025-09-19,2025-09-19,2025-09-19 13:01:00,2025-09-25 10:24:56.722448
742,20250627,20250712,5,103,3,486,414,2025-06-27,2025-07-07,2025-07-12,2025-07-12 12:07:00,2025-07-13 11:38:59.487422
743,20250403,20250411,4,53,1,201,188,2025-04-03,2025-04-11,2025-04-11,2025-04-11 14:55:00,2025-04-11 21:19:19.072422
744,20250219,20250227,12,23,2,462,411,2025-02-19,2025-02-27,2025-02-27,2025-02-27 08:47:00,2025-02-27 17:16:30.998978
745,20250730,20250807,8,154,1,459,422,2025-07-30,2025-08-07,2025-08-07,2025-08-07 08:30:00,2025-08-12 07:52:00.971899
746,20250911,20250918,15,73,1,476,462,2025-09-11,2025-09-14,2025-09-18,2025-09-18 13:15:00,2025-09-19 11:24:00.877754
747,20250411,20250418,6,40,1,318,285,2025-04-11,2025-04-19,2025-04-18,2025-04-18 07:07:00,2025-04-21 12:35:02.631157
748,20250922,20251002,2,189,1,434,386,2025-09-22,2025-10-02,2025-10-02,2025-10-02 12:47:00,2025-10-03 10:15:33.880919
749,20250622,20250702,13,90,3,357,317,2025-06-22,2025-07-02,2025-07-02,2025-07-02 09:32:00,2025-07-02 18:09:35.687820
750,20251126,20251202,5,117,3,398,391,2025-11-26,2025-12-02,2025-12-02,2025-12-02 09:51:00,2025-12-04 01:24:05.925586
751,20250812,20250821,3,17,2,361,330,2025-08-12,2025-08-22,2025-08-21,2025-08-21 11:20:00,2025-08-25 10:23:34.146623
752,20250426,20250506,14,117,2,204,176,2025-04-26,2025-05-02,2025-05-06,2025-05-06 07:51:00,2025-05-08 12:16:59.619582
753,20250810,20250819,5,179,1,371,324,2025-08-10,2025-08-19,2025-08-19,2025-08-19 10:56:00,2025-08-19 22:41:45.411451
754,20250418,20250423,3,119,3,219,189,2025-04-18,2025-04-23,2025-04-23,2025-04-23 17:07:00,2025-04-24 06:47:14.009199
755,20251026,20251110,9,84,1,199,169,2025-10-26,2025-11-05,2025-11-10,2025-11-10 16:15:00,2025-11-11 17:55:29.014661
756,20250823,20250905,6,67,2,443,399,2025-08-23,2025-09-01,2025-09-05,2025-09-05 15:12:00,2025-09-06 19:08:04.271254
757,20250818,20250822,1,114,1,431,393,2025-08-18,2025-08-22,2025-08-22,2025-08-22 11:04:00,2025-08-25 07:14:04.513087
758,20250205,20250208,10,126,2,322,311,2025-02-05,2025-02-08,2025-02-08,2025-02-08 14:24:00,2025-02-10 12:48:28.247569
759,20250621,20250626,8,58,1,119,101,2025-06-21,2025-06-26,2025-06-26,2025-06-26 16:07:00,2025-07-01 02:59:39.038865
760,20250330,20250409,10,187,1,429,414,2025-03-30,2025-04-05,2025-04-09,2025-04-09 17:28:00,2025-04-10 01:53:26.114024
761,20250905,20250911,5,199,1,475,427,2025-09-05,2025-09-11,2025-09-11,2025-09-11 15:53:00,2025-09-12 13:12:47.112491
762,20250912,20250923,14,97,1,165,155,2025-09-12,2025-09-18,2025-09-23,2025-09-23 07:54:00,2025-10-06 09:17:01.954014
763,20250122,20250130,1,128,1,51,45,2025-01-22,2025-01-30,2025-01-30,2025-01-30 12:07:00,2025-01-31 14:01:20.535765
764,20250710,20250720,13,190,2,67,63,2025-07-10,2025-07-20,2025-07-20,2025-07-20 13:03:00,2025-07-24 06:37:10.710216
765,20251017,20251027,8,144,3,189,160,2025-10-17,2025-10-27,2025-10-27,2025-10-27 16:33:00,2025-11-01 19:22:09.949418
766,20250516,20250524,1,181,2,65,64,2025-05-16,2025-05-24,2025-05-24,2025-05-24 07:00:00,2025-05-26 10:42:22.313591
767,20250801,20250807,10,5,1,468,452,2025-08-01,2025-08-04,2025-08-07,2025-08-07 16:13:00,2025-08-09 05:03:28.195389
768,20250227,20250307,9,37,3,86,79,2025-02-27,2025-03-04,2025-03-07,2025-03-07 16:39:00,2025-03-08 16:09:30.550411
769,20250207,20250214,10,191,1,460,399,2025-02-07,2025-02-15,2025-02-14,2025-02-14 11:29:00,2025-02-15 23:08:21.574981
770,20250427,20250507,7,23,2,241,223,2025-04-27,2025-05-07,2025-05-07,2025-05-07 11:00:00,2025-05-09 11:43:39.036519
771,20250502,20250515,7,123,2,109,102,2025-05-02,2025-05-11,2025-05-15,2025-05-15 09:23:00,2025-05-16 03:29:53.490244
772,20250308,20250313,6,59,2,440,402,2025-03-08,2025-03-13,2025-03-13,2025-03-13 10:10:00,2025-03-14 05:44:26.068419
773,20250919,20250923,5,121,3,32,31,2025-09-19,2025-09-23,2025-09-23,2025-09-23 17:48:00,2025-09-25 06:01:51.393765
774,20250702,20250709,3,77,1,468,403,2025-07-02,2025-07-09,2025-07-09,2025-07-09 14:52:00,2025-07-11 13:50:28.539448
775,20250106,20250108,15,189,1,367,361,2025-01-06,2025-01-09,2025-01-08,2025-01-08 14:04:00,2025-01-08 19:23:29.320831
776,20251009,20251017,9,51,1,95,88,2025-10-09,2025-10-17,2025-10-17,2025-10-17 07:43:00,2025-10-18 16:52:48.960628
777,20250320,20250324,3,116,3,392,374,2025-03-20,2025-03-24,2025-03-24,2025-03-24 10:48:00,2025-03-25 21:04:08.085753
778,20250325,20250401,3,110,1,362,344,2025-03-25,2025-04-01,2025-04-01,2025-04-01 07:38:00,2025-04-02 09:01:32.071649
779,20251017,20251024,8,90,1,210,191,2025-10-17,2025-10-24,2025-10-24,2025-10-24 12:51:00,2025-10-26 21:20:19.214489
780,20250409,20250417,10,172,3,350,304,2025-04-09,2025-04-17,2025-04-17,2025-04-17 14:01:00,2025-04-19 01:58:29.885940
781,20250125,20250202,11,134,1,216,184,2025-01-25,2025-01-29,2025-02-02,2025-02-02 07:19:00,2025-02-09 15:14:27.698692
782,20250524,20250603,10,66,2,180,173,2025-05-24,2025-06-02,2025-06-03,2025-06-03 13:31:00,2025-06-05 21:24:36.751046
783,20250622,20250628,15,104,1,327,278,2025-06-22,2025-06-29,2025-06-28,2025-06-28 13:59:00,2025-07-02 18:06:30.972893
784,20251119,20251126,11,16,2,280,276,2025-11-19,2025-11-26,2025-11-26,2025-11-26 08:35:00,2025-11-28 09:02:03.915775
785,20250615,20250626,11,85,1,377,354,2025-06-15,2025-06-22,2025-06-26,2025-06-26 13:38:00,2025-06-27 15:06:08.699126
786,20250311,20250318,12,161,3,349,299,2025-03-11,2025-03-18,2025-03-18,2025-03-18 12:57:00,2025-03-23 16:04:51.409911
787,20251025,20251027,4,54,1,238,225,2025-10-25,2025-10-28,2025-10-27,2025-10-27 15:40:00,2025-11-07 23:31:38.877482
788,20250513,20250520,9,84,1,328,282,2025-05-13,2025-05-21,2025-05-20,2025-05-20 11:41:00,2025-05-31 12:39:45.516087
789,20250323,20250327,7,17,3,404,357,2025-03-23,2025-03-27,2025-03-27,2025-03-27 10:11:00,2025-03-30 18:35:30.080909
790,20250630,20250709,4,25,1,439,438,2025-06-30,2025-07-09,2025-07-09,2025-07-09 11:54:00,2025-07-16 08:45:52.728857
791,20250818,20250827,4,21,1,81,80,2025-08-18,2025-08-27,2025-08-27,2025-08-27 13:28:00,2025-08-29 02:29:52.887931
792,20250718,20250723,9,116,1,426,384,2025-07-18,2025-07-23,2025-07-23,2025-07-23 14:20:00,2025-07-24 09:27:53.139420
793,20250317,20250328,7,70,1,329,289,2025-03-17,2025-03-25,2025-03-28,2025-03-28 09:18:00,2025-03-28 23:28:29.747378
794,20250906,20250912,5,7,1,241,215,2025-09-06,2025-09-10,2025-09-12,2025-09-12 16:16:00,2025-09-13 22:51:56.859578
795,20250329,20250404,1,68,1,220,200,2025-03-29,2025-04-04,2025-04-04,2025-04-04 09:07:00,2025-04-07 09:47:06.070864
796,20250619,20250626,10,164,2,163,141,2025-06-19,2025-06-26,2025-06-26,2025-06-26 12:14:00,2025-06-28 12:58:13.148260
797,20251005,20251010,5,37,2,142,141,2025-10-05,2025-10-10,2025-10-10,2025-10-10 08:21:00,2025-10-11 09:44:09.229427
798,20250203,20250208,2,200,3,108,98,2025-02-03,2025-02-08,2025-02-08,2025-02-08 16:13:00,2025-02-12 20:54:44.600963
799,20251127,20251130,6,45,1,328,310,2025-11-27,2025-11-30,2025-11-30,2025-11-30 09:06:00,2025-12-04 12:21:12.400311
800,20250825,20250901,14,45,2,374,357,2025-08-25,2025-09-01,2025-09-01,2025-09-01 08:59:00,2025-09-02 00:02:36.388898
801,20250512,20250521,6,197,2,194,189,2025-05-12,2025-05-22,2025-05-21,2025-05-21 16:27:00,2025-05-22 04:26:48.746688
802,20250418,20250425,9,62,2,134,116,2025-04-18,2025-04-24,2025-04-25,2025-04-25 10:15:00,2025-04-25 21:25:15.564298
803,20250918,20250924,4,30,1,176,163,2025-09-18,2025-09-24,2025-09-24,2025-09-24 17:34:00,2025-09-24 23:53:31.719414
804,20250425,20250501,13,152,1,290,289,2025-04-25,2025-05-01,2025-05-01,2025-05-01 16:27:00,2025-05-03 18:12:40.783280
805,20250122,20250130,12,38,1,181,180,2025-01-22,2025-01-30,2025-01-30,2025-01-30 09:56:00,2025-02-04 18:22:51.146015
806,20250727,20250730,12,171,1,173,156,2025-07-27,2025-07-30,2025-07-30,2025-07-30 11:18:00,2025-08-04 05:27:24.478959
807,20250227,20250307,9,135,2,455,409,2025-02-27,2025-03-07,2025-03-07,2025-03-07 10:25:00,2025-03-09 02:06:28.338637
808,20250117,20250126,3,4,3,199,172,2025-01-17,2025-01-27,2025-01-26,2025-01-26 15:53:00,2025-01-30 00:26:11.201804
809,20250711,20250718,2,140,1,216,199,2025-07-11,2025-07-18,2025-07-18,2025-07-18 16:51:00,2025-07-20 10:43:53.648962
810,20250117,20250127,6,4,1,382,333,2025-01-17,2025-01-22,2025-01-27,2025-01-27 08:20:00,2025-02-02 10:54:12.764290
811,20250320,20250329,6,168,1,438,387,2025-03-20,2025-03-28,2025-03-29,2025-03-29 08:50:00,2025-03-31 04:05:27.262650
812,20250205,20250217,4,181,1,44,41,2025-02-05,2025-02-12,2025-02-17,2025-02-17 08:28:00,2025-02-17 22:13:15.298017
813,20250802,20250810,4,53,1,366,335,2025-08-02,2025-08-06,2025-08-10,2025-08-10 16:36:00,2025-08-11 15:20:28.312277
814,20251027,20251101,1,121,1,140,119,2025-10-27,2025-10-31,2025-11-01,2025-11-01 10:02:00,2025-11-05 04:46:23.243148
815,20250123,20250203,6,143,2,134,130,2025-01-23,2025-01-30,2025-02-03,2025-02-03 11:38:00,2025-02-05 06:04:53.679826
816,20251123,20251203,3,107,3,69,64,2025-11-23,2025-12-03,2025-12-03,2025-12-03 11:06:00,2025-12-04 01:47:30.697814
817,20250717,20250724,13,106,2,316,311,2025-07-17,2025-07-25,2025-07-24,2025-07-24 11:51:00,2025-07-25 10:24:45.375996
818,20250620,20250627,12,95,3,201,177,2025-06-20,2025-06-27,2025-06-27,2025-06-27 14:11:00,2025-06-29 16:23:30.676965
819,20250205,20250214,4,92,2,486,420,2025-02-05,2025-02-15,2025-02-14,2025-02-14 12:33:00,2025-02-19 23:25:09.122290
820,20250218,20250226,10,53,2,145,135,2025-02-18,2025-02-24,2025-02-26,2025-02-26 14:13:00,2025-02-27 03:52:38.155072
821,20250512,20250520,10,23,1,111,98,2025-05-12,2025-05-20,2025-05-20,2025-05-20 08:11:00,2025-05-25 05:13:55.397282
822,20250512,20250514,12,124,1,206,201,2025-05-12,2025-05-15,2025-05-14,2025-05-14 15:25:00,2025-05-15 18:29:45.056994
823,20251127,20251206,7,45,2,314,274,2025-11-27,2025-12-06,2025-12-06,2025-12-06 13:10:00,2025-12-08 06:46:59.264730
824,20250628,20250702,9,174,1,193,168,2025-06-28,2025-07-03,2025-07-02,2025-07-02 15:01:00,2025-07-03 15:26:44.708049
825,20250530,20250602,3,175,3,417,360,2025-05-30,2025-06-02,2025-06-02,2025-06-02 09:22:00,2025-06-04 15:18:15.942193
826,20251204,20251211,7,5,1,261,223,2025-12-04,2025-12-11,2025-12-11,2025-12-11 08:55:00,2025-12-12 02:57:59.350748
827,20251130,20251205,8,75,2,184,181,2025-11-30,2025-12-03,2025-12-05,2025-12-05 14:09:00,2025-12-06 02:12:09.836527
828,20250822,20250827,15,154,1,197,196,2025-08-22,2025-08-28,2025-08-27,2025-08-27 10:57:00,2025-08-30 00:38:05.209449
829,20250526,20250529,9,190,1,225,196,2025-05-26,2025-05-29,2025-05-29,2025-05-29 13:17:00,2025-06-03 08:07:29.997552
830,20250804,20250807,14,94,3,408,380,2025-08-04,2025-08-07,2025-08-07,2025-08-07 17:35:00,2025-08-11 12:27:38.159579
831,20250120,20250124,15,53,1,36,35,2025-01-20,2025-01-24,2025-01-24,2025-01-24 13:01:00,2025-01-24 22:50:25.172368
832,20250813,20250820,2,57,1,355,326,2025-08-13,2025-08-20,2025-08-20,2025-08-20 07:10:00,2025-08-23 22:32:50.961547
833,20250202,20250207,11,76,2,207,176,2025-02-02,2025-02-07,2025-02-07,2025-02-07 13:40:00,2025-02-09 10:01:23.731301
834,20250629,20250703,14,161,1,464,408,2025-06-29,2025-07-03,2025-07-03,2025-07-03 17:00:00,2025-07-05 21:04:45.805222
835,20250308,20250311,11,86,3,331,309,2025-03-08,2025-03-11,2025-03-11,2025-03-11 15:35:00,2025-03-16 07:04:29.655887
836,20250225,20250305,14,6,2,379,341,2025-02-25,2025-03-03,2025-03-05,2025-03-05 11:00:00,2025-03-07 22:12:01.936938
837,20251002,20251011,4,160,2,446,422,2025-10-02,2025-10-11,2025-10-11,2025-10-11 13:00:00,2025-10-17 15:56:51.824623
838,20251118,20251128,13,135,1,28,24,2025-11-18,2025-11-28,2025-11-28,2025-11-28 16:28:00,2025-11-28 21:12:41.358036
839,20250531,20250607,7,139,1,124,108,2025-05-31,2025-06-03,2025-06-07,2025-06-07 16:10:00,2025-06-10 07:55:37.238971
840,20250909,20250916,7,54,3,493,467,2025-09-09,2025-09-17,2025-09-16,2025-09-16 12:17:00,2025-09-22 13:34:56.642516
841,20251205,20251209,3,10,2,377,375,2025-12-05,2025-12-09,2025-12-09,2025-12-09 08:09:00,2025-12-09 23:03:26.369157
842,20251114,20251118,14,114,3,459,429,2025-11-14,2025-11-18,2025-11-18,2025-11-18 09:16:00,2025-11-19 10:47:14.237320
843,20250304,20250310,15,171,1,323,300,2025-03-04,2025-03-10,2025-03-10,2025-03-10 08:22:00,2025-03-14 10:25:23.207490
844,20250428,20250504,11,5,3,365,334,2025-04-28,2025-05-04,2025-05-04,2025-05-04 14:54:00,2025-05-05 14:39:03.554369
845,20250108,20250112,13,59,2,240,239,2025-01-08,2025-01-13,2025-01-12,2025-01-12 13:19:00,2025-01-14 13:14:38.762192
846,20251129,20251208,3,138,2,442,434,2025-11-29,2025-12-08,2025-12-08,2025-12-08 15:22:00,2025-12-10 23:59:03.878316
847,20251016,20251030,7,198,3,337,309,2025-10-16,2025-10-25,2025-10-30,2025-10-30 10:08:00,2025-11-01 01:09:26.727915
848,20250920,20250926,10,32,1,369,334,2025-09-20,2025-09-26,2025-09-26,2025-09-26 15:57:00,2025-09-27 20:47:05.543784
849,20250308,20250318,13,176,2,161,141,2025-03-08,2025-03-18,2025-03-18,2025-03-18 13:42:00,2025-03-20 09:37:39.004235
850,20250524,20250530,14,180,1,321,308,2025-05-24,2025-05-30,2025-05-30,2025-05-30 14:01:00,2025-06-02 17:19:32.169536
851,20250510,20250519,11,150,3,25,21,2025-05-10,2025-05-16,2025-05-19,2025-05-19 11:44:00,2025-05-24 01:10:36.618052
852,20250131,20250209,11,178,2,113,98,2025-01-31,2025-02-10,2025-02-09,2025-02-09 11:32:00,2025-02-10 20:52:57.756679
853,20251025,20251108,1,157,1,192,184,2025-10-25,2025-11-03,2025-11-08,2025-11-08 17:26:00,2025-11-09 20:38:49.417973
854,20250207,20250214,13,145,3,293,279,2025-02-07,2025-02-14,2025-02-14,2025-02-14 17:24:00,2025-02-15 10:04:34.739220
855,20250627,20250707,9,46,2,270,244,2025-06-27,2025-07-04,2025-07-07,2025-07-07 07:45:00,2025-07-11 09:08:29.100886
856,20250612,20250616,11,71,2,282,250,2025-06-12,2025-06-16,2025-06-16,2025-06-16 15:23:00,2025-06-24 05:04:10.887352
857,20250418,20250428,10,42,3,374,365,2025-04-18,2025-04-28,2025-04-28,2025-04-28 16:08:00,2025-04-30 06:04:07.807538
858,20250719,20250726,10,198,3,401,389,2025-07-19,2025-07-26,2025-07-26,2025-07-26 07:27:00,2025-07-29 04:58:51.513266
859,20250203,20250212,12,104,1,491,462,2025-02-03,2025-02-12,2025-02-12,2025-02-12 15:17:00,2025-02-13 08:49:27.864051
860,20250116,20250120,4,115,1,409,372,2025-01-16,2025-01-21,2025-01-20,2025-01-20 15:42:00,2025-01-27 18:28:34.447877
861,20250222,20250302,5,178,3,219,206,2025-02-22,2025-03-02,2025-03-02,2025-03-02 15:17:00,2025-03-05 05:40:28.645329
862,20251122,20251129,14,172,1,310,295,2025-11-22,2025-11-29,2025-11-29,2025-11-29 07:05:00,2025-12-03 00:17:56.217608
863,20250108,20250113,1,53,1,99,98,2025-01-08,2025-01-13,2025-01-13,2025-01-13 15:40:00,2025-01-14 17:54:30.768922
864,20250330,20250403,7,111,2,136,117,2025-03-30,2025-04-03,2025-04-03,2025-04-03 17:37:00,2025-04-05 19:12:57.490120
865,20250829,20250904,3,50,1,491,427,2025-08-29,2025-09-04,2025-09-04,2025-09-04 13:41:00,2025-09-06 14:44:59.183228
866,20251017,20251024,15,95,1,282,251,2025-10-17,2025-10-24,2025-10-24,2025-10-24 09:21:00,2025-10-26 06:17:52.566580
867,20250316,20250318,4,154,2,428,376,2025-03-16,2025-03-19,2025-03-18,2025-03-18 09:43:00,2025-03-21 18:17:30.560252
868,20250615,20250622,4,185,2,83,78,2025-06-15,2025-06-19,2025-06-22,2025-06-22 07:29:00,2025-06-23 07:47:57.403278
869,20250430,20250504,9,156,2,36,34,2025-04-30,2025-05-04,2025-05-04,2025-05-04 14:26:00,2025-05-07 16:30:37.890022
870,20250117,20250124,15,143,1,489,452,2025-01-17,2025-01-23,2025-01-24,2025-01-24 16:15:00,2025-01-26 09:32:30.373553
871,20250209,20250214,12,192,3,450,426,2025-02-09,2025-02-14,2025-02-14,2025-02-14 14:42:00,2025-02-18 09:19:17.037956
872,20250728,20250802,1,159,3,291,285,2025-07-28,2025-08-02,2025-08-02,2025-08-02 16:19:00,2025-08-04 07:10:59.861944
873,20250703,20250706,8,16,2,38,32,2025-07-03,2025-07-06,2025-07-06,2025-07-06 16:06:00,2025-07-08 13:48:25.819633
874,20250918,20250930,5,145,2,118,112,2025-09-18,2025-09-27,2025-09-30,2025-09-30 10:21:00,2025-10-01 09:30:33.197962
875,20250922,20250927,13,99,1,179,174,2025-09-22,2025-09-27,2025-09-27,2025-09-27 15:06:00,2025-09-28 23:33:10.958377
876,20251104,20251110,9,94,1,343,339,2025-11-04,2025-11-10,2025-11-10,2025-11-10 11:37:00,2025-11-17 22:30:04.380831
877,20250910,20250918,6,158,1,438,414,2025-09-10,2025-09-15,2025-09-18,2025-09-18 08:41:00,2025-09-22 18:31:39.448772
878,20250925,20250930,6,9,1,267,230,2025-09-25,2025-09-30,2025-09-30,2025-09-30 12:45:00,2025-10-02 05:40:10.741330
879,20250724,20250803,7,139,1,281,241,2025-07-24,2025-08-03,2025-08-03,2025-08-03 08:06:00,2025-08-04 04:12:35.051832
880,20250331,20250409,12,49,3,128,119,2025-03-31,2025-04-09,2025-04-09,2025-04-09 07:19:00,2025-04-12 01:04:48.570541
881,20250925,20250928,4,31,2,66,65,2025-09-25,2025-09-29,2025-09-28,2025-09-28 17:56:00,2025-09-30 01:14:53.797795
882,20250811,20250818,14,160,1,218,201,2025-08-11,2025-08-14,2025-08-18,2025-08-18 09:11:00,2025-08-19 03:22:34.855224
883,20250720,20250727,4,197,1,198,197,2025-07-20,2025-07-25,2025-07-27,2025-07-27 09:28:00,2025-07-28 20:13:55.528356
884,20250528,20250602,10,18,2,348,333,2025-05-28,2025-06-02,2025-06-02,2025-06-02 17:20:00,2025-06-03 23:00:38.028676
885,20250202,20250207,8,20,2,377,334,2025-02-02,2025-02-07,2025-02-07,2025-02-07 13:08:00,2025-02-12 10:43:46.943448
886,20250405,20250408,5,25,1,363,319,2025-04-05,2025-04-08,2025-04-08,2025-04-08 13:15:00,2025-04-15 04:46:38.113186
887,20251017,20251026,9,171,2,64,62,2025-10-17,2025-10-26,2025-10-26,2025-10-26 11:34:00,2025-10-28 17:26:50.590382
888,20250422,20250426,3,6,3,236,209,2025-04-22,2025-04-26,2025-04-26,2025-04-26 15:18:00,2025-04-28 20:18:56.018696
889,20250730,20250805,2,117,1,491,424,2025-07-30,2025-08-05,2025-08-05,2025-08-05 12:59:00,2025-08-06 06:14:39.339938
890,20251102,20251106,2,163,2,423,361,2025-11-02,2025-11-07,2025-11-06,2025-11-06 14:33:00,2025-11-08 13:00:53.796082
891,20250925,20251003,3,81,1,316,291,2025-09-25,2025-10-03,2025-10-03,2025-10-03 10:33:00,2025-10-05 06:31:35.044249
892,20250509,20250523,15,39,1,179,154,2025-05-09,2025-05-18,2025-05-23,2025-05-23 13:39:00,2025-05-25 00:40:35.080746
893,20250131,20250213,11,72,1,283,241,2025-01-31,2025-02-10,2025-02-13,2025-02-13 13:39:00,2025-02-15 08:54:05.177654
894,20250101,20250106,6,40,1,439,436,2025-01-01,2025-01-06,2025-01-06,2025-01-06 17:08:00,2025-01-11 11:22:08.594978
895,20250416,20250420,9,10,1,38,32,2025-04-16,2025-04-20,2025-04-20,2025-04-20 15:29:00,2025-04-23 07:09:18.561984
896,20250927,20250930,15,130,1,438,380,2025-09-27,2025-09-30,2025-09-30,2025-09-30 14:54:00,2025-10-01 09:07:51.949655
897,20250105,20250115,4,170,2,194,190,2025-01-05,2025-01-15,2025-01-15,2025-01-15 13:29:00,2025-01-16 22:58:25.107577
898,20251021,20251028,14,64,1,399,389,2025-10-21,2025-10-28,2025-10-28,2025-10-28 11:06:00,2025-10-30 19:52:16.003213
899,20250823,20250831,15,10,3,409,368,2025-08-23,2025-08-31,2025-08-31,2025-08-31 14:26:00,2025-09-03 01:00:39.919383
900,20250817,20250829,11,170,3,454,436,2025-08-17,2025-08-27,2025-08-29,2025-08-29 08:44:00,2025-08-29 20:40:31.779982
901,20250113,20250121,4,196,3,308,265,2025-01-13,2025-01-21,2025-01-21,2025-01-21 07:57:00,2025-01-26 03:26:45.983567
902,20250906,20250910,2,124,2,227,195,2025-09-06,2025-09-10,2025-09-10,2025-09-10 13:01:00,2025-09-14 09:07:16.234020
903,20251206,20251213,8,32,1,298,292,2025-12-06,2025-12-13,2025-12-13,2025-12-13 13:34:00,2025-12-16 01:28:36.318462
904,20251010,20251015,9,17,2,330,289,2025-10-10,2025-10-15,2025-10-15,2025-10-15 12:28:00,2025-10-21 05:13:15.634819
905,20250803,20250814,13,69,2,148,137,2025-08-03,2025-08-09,2025-08-14,2025-08-14 12:52:00,2025-08-27 14:22:03.279273
906,20250313,20250318,10,17,2,447,446,2025-03-13,2025-03-18,2025-03-18,2025-03-18 17:02:00,2025-03-19 14:03:47.315136
907,20250512,20250518,2,158,1,266,233,2025-05-12,2025-05-18,2025-05-18,2025-05-18 16:53:00,2025-05-23 14:11:07.747762
908,20251007,20251013,15,96,2,34,29,2025-10-07,2025-10-13,2025-10-13,2025-10-13 15:08:00,2025-10-15 22:55:00.572733
909,20250225,20250228,13,15,1,465,410,2025-02-25,2025-02-28,2025-02-28,2025-02-28 16:52:00,2025-03-01 16:44:06.001424
910,20250403,20250409,9,101,1,141,122,2025-04-03,2025-04-09,2025-04-09,2025-04-09 09:17:00,2025-04-11 05:38:34.551956
911,20251009,20251012,10,56,1,493,434,2025-10-09,2025-10-12,2025-10-12,2025-10-12 10:26:00,2025-10-14 00:02:49.307817
912,20250429,20250507,10,58,1,112,108,2025-04-29,2025-05-07,2025-05-07,2025-05-07 07:19:00,2025-05-08 03:02:40.929044
913,20251115,20251121,5,8,2,439,427,2025-11-15,2025-11-21,2025-11-21,2025-11-21 10:12:00,2025-11-22 07:43:26.036388
914,20250306,20250314,14,92,3,104,92,2025-03-06,2025-03-14,2025-03-14,2025-03-14 12:41:00,2025-03-15 19:03:35.046898
915,20250126,20250130,3,194,1,230,205,2025-01-26,2025-01-30,2025-01-30,2025-01-30 09:23:00,2025-02-04 11:03:03.855639
916,20250618,20250628,2,166,2,173,158,2025-06-18,2025-06-28,2025-06-28,2025-06-28 16:21:00,2025-07-01 03:41:46.769032
917,20250517,20250520,12,121,2,353,305,2025-05-17,2025-05-20,2025-05-20,2025-05-20 10:55:00,2025-05-20 21:30:40.355211
918,20250811,20250819,9,131,1,420,405,2025-08-11,2025-08-16,2025-08-19,2025-08-19 16:51:00,2025-08-20 09:22:21.741582
919,20251112,20251120,3,183,2,485,466,2025-11-12,2025-11-21,2025-11-20,2025-11-20 15:59:00,2025-11-21 20:50:47.807215
920,20251119,20251125,5,9,3,294,257,2025-11-19,2025-11-26,2025-11-25,2025-11-25 10:35:00,2025-11-27 23:09:17.151405
921,20250622,20250703,4,188,2,41,36,2025-06-22,2025-06-29,2025-07-03,2025-07-03 07:13:00,2025-07-03 22:24:51.601849
922,20251101,20251106,2,71,3,458,424,2025-11-01,2025-11-06,2025-11-06,2025-11-06 07:22:00,2025-11-07 15:26:30.289089
923,20250414,20250427,1,76,2,153,130,2025-04-14,2025-04-24,2025-04-27,2025-04-27 12:57:00,2025-04-28 16:24:03.475730
924,20250428,20250506,12,98,2,322,277,2025-04-28,2025-05-06,2025-05-06,2025-05-06 11:37:00,2025-05-08 08:19:03.205400
925,20251125,20251129,13,72,1,111,95,2025-11-25,2025-11-30,2025-11-29,2025-11-29 17:47:00,2025-12-01 16:57:12.630862
926,20251014,20251021,3,47,1,209,192,2025-10-14,2025-10-21,2025-10-21,2025-10-21 13:36:00,2025-10-24 15:16:23.458382
927,20251008,20251014,8,45,2,218,202,2025-10-08,2025-10-15,2025-10-14,2025-10-14 17:12:00,2025-10-17 09:16:54.788329
928,20250718,20250722,1,110,1,64,57,2025-07-18,2025-07-22,2025-07-22,2025-07-22 08:32:00,2025-07-25 18:08:37.256994
929,20250523,20250602,10,2,1,340,327,2025-05-23,2025-06-02,2025-06-02,2025-06-02 11:26:00,2025-06-04 13:47:12.929293
930,20250924,20250930,7,100,1,185,173,2025-09-24,2025-09-30,2025-09-30,2025-09-30 16:49:00,2025-10-01 03:05:44.460470
931,20251005,20251014,6,110,1,241,227,2025-10-05,2025-10-12,2025-10-14,2025-10-14 13:45:00,2025-10-18 19:08:46.406121
932,20250406,20250414,3,87,1,246,228,2025-04-06,2025-04-14,2025-04-14,2025-04-14 15:49:00,2025-04-15 11:54:34.927247
933,20250522,20250525,9,130,3,363,330,2025-05-22,2025-05-25,2025-05-25,2025-05-25 16:33:00,2025-05-30 03:19:17.525263
934,20251003,20251014,15,112,3,376,321,2025-10-03,2025-10-13,2025-10-14,2025-10-14 10:52:00,2025-10-14 23:48:09.285131
935,20250512,20250519,6,124,1,327,298,2025-05-12,2025-05-19,2025-05-19,2025-05-19 13:07:00,2025-05-21 17:47:24.197514
936,20250826,20250902,11,174,1,369,333,2025-08-26,2025-08-29,2025-09-02,2025-09-02 16:23:00,2025-09-03 22:36:04.813810
937,20250319,20250326,4,108,2,354,326,2025-03-19,2025-03-27,2025-03-26,2025-03-26 09:41:00,2025-03-29 05:07:23.686813
938,20250519,20250523,13,192,1,444,425,2025-05-19,2025-05-23,2025-05-23,2025-05-23 08:08:00,2025-06-03 03:28:46.253077
939,20250413,20250422,15,99,2,184,178,2025-04-13,2025-04-18,2025-04-22,2025-04-22 16:31:00,2025-04-23 13:23:10.253548
940,20251108,20251122,14,87,1,395,376,2025-11-08,2025-11-18,2025-11-22,2025-11-22 11:10:00,2025-11-24 12:11:12.458141
941,20251122,20251201,13,31,3,132,124,2025-11-22,2025-12-02,2025-12-01,2025-12-01 16:16:00,2025-12-05 01:43:39.900328
942,20250320,20250328,13,81,2,467,438,2025-03-20,2025-03-28,2025-03-28,2025-03-28 10:24:00,2025-03-30 17:08:14.967054
943,20250710,20250716,4,111,3,54,47,2025-07-10,2025-07-16,2025-07-16,2025-07-16 08:09:00,2025-07-18 20:06:00.518213
944,20250104,20250111,4,96,1,96,81,2025-01-04,2025-01-07,2025-01-11,2025-01-11 12:10:00,2025-01-16 14:22:42.281610
945,20251112,20251122,2,80,2,342,323,2025-11-12,2025-11-22,2025-11-22,2025-11-22 09:29:00,2025-11-26 11:19:33.629551
946,20250817,20250827,5,16,2,70,63,2025-08-17,2025-08-27,2025-08-27,2025-08-27 12:25:00,2025-08-28 13:14:57.784627
947,20250817,20250822,10,40,1,408,396,2025-08-17,2025-08-22,2025-08-22,2025-08-22 11:45:00,2025-08-28 21:37:37.057650
948,20250323,20250402,4,133,3,240,208,2025-03-23,2025-04-02,2025-04-02,2025-04-02 17:53:00,2025-04-04 20:08:24.654763
949,20251005,20251012,15,141,2,392,359,2025-10-05,2025-10-10,2025-10-12,2025-10-12 12:09:00,2025-10-13 19:37:06.724526
950,20250519,20250527,14,141,1,471,450,2025-05-19,2025-05-27,2025-05-27,2025-05-27 12:58:00,2025-05-30 00:04:53.849330
951,20250611,20250615,5,80,2,230,199,2025-06-11,2025-06-15,2025-06-15,2025-06-15 15:27:00,2025-06-18 14:51:38.010634
952,20251102,20251109,14,92,2,73,70,2025-11-02,2025-11-09,2025-11-09,2025-11-09 10:12:00,2025-11-11 01:16:09.485098
953,20250121,20250129,5,179,1,475,418,2025-01-21,2025-01-25,2025-01-29,2025-01-29 08:14:00,2025-01-31 07:22:32.139393
954,20250404,20250412,11,141,1,203,196,2025-04-04,2025-04-12,2025-04-12,2025-04-12 11:15:00,2025-04-14 03:19:44.700319
955,20250516,20250522,8,30,3,402,368,2025-05-16,2025-05-22,2025-05-22,2025-05-22 07:45:00,2025-05-23 16:13:03.150723
956,20251014,20251025,11,154,1,141,122,2025-10-14,2025-10-24,2025-10-25,2025-10-25 12:56:00,2025-10-31 11:10:04.789236
957,20250718,20250726,13,115,1,448,396,2025-07-18,2025-07-26,2025-07-26,2025-07-26 11:50:00,2025-07-26 22:30:29.220827
958,20251020,20251023,2,187,2,40,37,2025-10-20,2025-10-24,2025-10-23,2025-10-23 08:41:00,2025-10-24 18:26:10.718905
959,20250612,20250621,12,81,3,176,170,2025-06-12,2025-06-21,2025-06-21,2025-06-21 09:46:00,2025-06-24 19:12:54.976336
960,20250719,20250725,13,65,3,70,64,2025-07-19,2025-07-25,2025-07-25,2025-07-25 17:50:00,2025-07-27 04:49:19.159734
961,20251003,20251009,3,122,3,469,435,2025-10-03,2025-10-09,2025-10-09,2025-10-09 16:05:00,2025-10-10 14:03:21.766600
962,20250915,20250922,2,171,3,486,470,2025-09-15,2025-09-22,2025-09-22,2025-09-22 17:49:00,2025-09-23 20:20:03.726113
963,20250210,20250216,15,121,2,404,398,2025-02-10,2025-02-16,2025-02-16,2025-02-16 15:41:00,2025-02-22 02:59:15.649897
964,20250728,20250808,5,187,1,241,219,2025-07-28,2025-08-06,2025-08-08,2025-08-08 16:40:00,2025-08-09 18:11:03.392578
965,20250501,20250504,9,135,2,60,51,2025-05-01,2025-05-05,2025-05-04,2025-05-04 14:13:00,2025-05-08 23:45:03.771092
966,20250831,20250910,3,165,1,87,81,2025-08-31,2025-09-10,2025-09-10,2025-09-10 07:47:00,2025-09-15 19:53:28.508538
967,20250418,20250427,3,195,3,448,427,2025-04-18,2025-04-25,2025-04-27,2025-04-27 07:56:00,2025-05-02 23:20:58.401333
968,20250701,20250709,15,186,1,57,49,2025-07-01,2025-07-04,2025-07-09,2025-07-09 12:38:00,2025-07-10 23:29:07.783789
969,20250316,20250319,4,140,2,49,43,2025-03-16,2025-03-19,2025-03-19,2025-03-19 13:31:00,2025-03-20 12:28:31.928123
970,20250131,20250205,10,87,3,345,340,2025-01-31,2025-02-04,2025-02-05,2025-02-05 11:43:00,2025-02-08 07:59:47.735560
971,20250224,20250304,15,141,2,102,91,2025-02-24,2025-03-02,2025-03-04,2025-03-04 09:46:00,2025-03-10 05:54:36.657024
972,20250913,20250924,11,198,1,30,26,2025-09-13,2025-09-23,2025-09-24,2025-09-24 08:25:00,2025-09-26 07:24:44.791907
973,20250417,20250422,1,30,2,329,327,2025-04-17,2025-04-22,2025-04-22,2025-04-22 12:44:00,2025-04-24 13:05:20.976242
974,20250711,20250716,10,37,3,182,179,2025-07-11,2025-07-14,2025-07-16,2025-07-16 17:17:00,2025-07-17 14:56:34.422205
975,20250927,20251003,11,129,1,340,330,2025-09-27,2025-10-04,2025-10-03,2025-10-03 15:55:00,2025-10-04 22:53:41.054209
976,20250722,20250728,8,25,1,490,441,2025-07-22,2025-07-28,2025-07-28,2025-07-28 14:34:00,2025-07-31 20:44:18.236491
977,20250417,20250422,2,200,1,447,415,2025-04-17,2025-04-22,2025-04-22,2025-04-22 09:44:00,2025-04-23 09:01:39.948022
978,20250406,20250412,12,35,1,429,379,2025-04-06,2025-04-12,2025-04-12,2025-04-12 11:14:00,2025-04-17 12:54:47.708156
979,20250217,20250220,8,44,1,450,400,2025-02-17,2025-02-21,2025-02-20,2025-02-20 11:53:00,2025-02-23 06:47:05.753733
980,20250130,20250203,15,42,2,389,337,2025-01-30,2025-02-04,2025-02-03,2025-02-03 09:32:00,2025-02-04 17:54:46.660109
981,20250623,20250627,8,90,1,393,345,2025-06-23,2025-06-27,2025-06-27,2025-06-27 14:36:00,2025-06-29 04:43:11.333470
982,20250709,20250715,6,15,1,120,112,2025-07-09,2025-07-15,2025-07-15,2025-07-15 10:22:00,2025-07-23 09:34:07.328174
983,20251025,20251029,1,110,2,369,355,2025-10-25,2025-10-30,2025-10-29,2025-10-29 13:34:00,2025-11-07 04:20:29.629703
984,20250216,20250223,13,158,1,46,39,2025-02-16,2025-02-23,2025-02-23,2025-02-23 11:20:00,2025-02-26 02:26:44.719395
985,20250128,20250206,5,34,1,263,226,2025-01-28,2025-02-01,2025-02-06,2025-02-06 09:31:00,2025-02-09 21:19:45.583719
986,20250725,20250802,11,20,2,114,112,2025-07-25,2025-08-03,2025-08-02,2025-08-02 17:49:00,2025-08-05 13:26:14.155196
987,20250626,20250630,7,90,1,188,165,2025-06-26,2025-06-29,2025-06-30,2025-06-30 14:23:00,2025-07-02 07:02:34.908585
988,20251019,20251027,9,189,2,168,156,2025-10-19,2025-10-27,2025-10-27,2025-10-27 14:21:00,2025-10-30 10:05:38.578285
989,20250310,20250316,2,110,1,468,455,2025-03-10,2025-03-16,2025-03-16,2025-03-16 17:05:00,2025-03-20 16:57:30.883426
990,20250121,20250131,13,13,1,266,251,2025-01-21,2025-01-31,2025-01-31,2025-01-31 13:20:00,2025-02-02 06:51:32.351644
991,20250109,20250117,14,49,2,44,38,2025-01-09,2025-01-17,2025-01-17,2025-01-17 17:27:00,2025-01-18 03:05:25.239870
992,20250730,20250809,11,54,2,76,73,2025-07-30,2025-08-09,2025-08-09,2025-08-09 09:10:00,2025-08-13 05:25:47.567024
993,20250810,20250824,10,119,2,425,401,2025-08-10,2025-08-20,2025-08-24,2025-08-24 16:00:00,2025-08-28 05:35:56.110143
994,20250221,20250303,13,134,1,108,100,2025-02-21,2025-03-03,2025-03-03,2025-03-03 11:30:00,2025-03-03 20:00:30.150559
995,20251118,20251125,3,45,1,169,160,2025-11-18,2025-11-26,2025-11-25,2025-11-25 12:01:00,2025-11-26 16:57:32.270297
996,20250518,20250526,6,191,1,138,117,2025-05-18,2025-05-22,2025-05-26,2025-05-26 10:54:00,2025-06-04 17:49:09.110627
997,20250426,20250429,14,170,1,388,340,2025-04-26,2025-04-29,2025-04-29,2025-04-29 14:21:00,2025-04-30 16:35:28.171245
998,20250328,20250401,2,189,1,491,485,2025-03-28,2025-04-02,2025-04-01,2025-04-01 07:27:00,2025-04-01 20:30:51.000000
999,20250820,20250825,9,23,2,118,101,2025-08-20,2025-08-25,2025-08-25,2025-08-25 13:55:00,2025-08-27 20:57:18.489789
1000,20250324,20250402,13,145,2,480,467,2025-03-24,2025-04-02,2025-04-02,2025-04-02 14:07:00,2025-04-06 20:22:22.306673
1001,20250222,20250302,10,114,1,292,266,2025-02-22,2025-03-03,2025-03-02,2025-03-02 10:32:00,2025-03-03 10:02:57.815917
1002,20251009,20251018,13,161,2,230,220,2025-10-09,2025-10-18,2025-10-18,2025-10-18 10:56:00,2025-10-19 01:33:14.230315
1003,20250227,20250305,11,12,3,483,422,2025-02-27,2025-03-04,2025-03-05,2025-03-05 13:45:00,2025-03-07 13:35:30.297676
1004,20250707,20250713,15,106,1,163,155,2025-07-07,2025-07-12,2025-07-13,2025-07-13 10:56:00,2025-07-14 03:20:39.468808
1005,20250422,20250430,6,65,1,169,166,2025-04-22,2025-04-30,2025-04-30,2025-04-30 08:28:00,2025-04-30 22:48:29.158073
1006,20250513,20250517,10,105,1,61,58,2025-05-13,2025-05-18,2025-05-17,2025-05-17 17:56:00,2025-05-18 01:52:20.370004
1007,20251027,20251103,3,53,1,360,309,2025-10-27,2025-11-03,2025-11-03,2025-11-03 11:29:00,2025-11-05 00:08:11.909648
1008,20250421,20250429,5,105,1,323,305,2025-04-21,2025-04-27,2025-04-29,2025-04-29 17:22:00,2025-04-30 22:47:31.277475
1009,20250716,20250723,15,9,1,260,234,2025-07-16,2025-07-23,2025-07-23,2025-07-23 12:53:00,2025-07-27 23:18:42.606466
1010,20250430,20250509,14,184,1,191,166,2025-04-30,2025-05-09,2025-05-09,2025-05-09 07:53:00,2025-05-10 06:28:47.163731
1011,20250504,20250510,15,103,1,93,88,2025-05-04,2025-05-10,2025-05-10,2025-05-10 07:04:00,2025-05-11 06:33:00.443513
1012,20250804,20250814,9,68,1,189,173,2025-08-04,2025-08-14,2025-08-14,2025-08-14 15:57:00,2025-08-15 23:42:17.821081
1013,20250513,20250522,15,10,2,437,381,2025-05-13,2025-05-22,2025-05-22,2025-05-22 07:56:00,2025-05-25 09:15:40.532786
1014,20250414,20250422,1,127,1,86,84,2025-04-14,2025-04-23,2025-04-22,2025-04-22 13:39:00,2025-04-24 20:01:15.995192
1015,20251129,20251207,7,168,2,395,352,2025-11-29,2025-12-08,2025-12-07,2025-12-07 08:00:00,2025-12-07 21:13:02.608736
1016,20250812,20250821,9,44,1,481,410,2025-08-12,2025-08-17,2025-08-21,2025-08-21 10:58:00,2025-08-27 17:03:38.087095
1017,20250627,20250705,12,5,1,280,246,2025-06-27,2025-07-05,2025-07-05,2025-07-05 07:50:00,2025-07-07 04:32:03.346312
1018,20250215,20250225,9,13,2,83,71,2025-02-15,2025-02-23,2025-02-25,2025-02-25 09:44:00,2025-02-27 08:21:27.513897
1019,20250312,20250318,4,75,1,235,221,2025-03-12,2025-03-18,2025-03-18,2025-03-18 13:15:00,2025-03-20 02:40:09.850399
1020,20250416,20250419,14,189,2,295,275,2025-04-16,2025-04-19,2025-04-19,2025-04-19 16:33:00,2025-04-20 16:16:24.430064
1021,20250707,20250715,12,32,3,164,157,2025-07-07,2025-07-10,2025-07-15,2025-07-15 14:58:00,2025-07-22 00:28:42.129969
1022,20250923,20251001,4,141,1,158,148,2025-09-23,2025-10-01,2025-10-01,2025-10-01 10:54:00,2025-10-03 02:03:09.324447
1023,20250705,20250716,14,137,1,292,279,2025-07-05,2025-07-15,2025-07-16,2025-07-16 08:50:00,2025-07-16 13:58:32.033867
1024,20250513,20250516,8,151,3,387,337,2025-05-13,2025-05-16,2025-05-16,2025-05-16 16:48:00,2025-05-17 11:57:25.032584
1025,20250705,20250712,11,53,2,27,26,2025-07-05,2025-07-12,2025-07-12,2025-07-12 09:28:00,2025-07-13 00:12:23.354918
1026,20250315,20250320,4,108,2,452,399,2025-03-15,2025-03-18,2025-03-20,2025-03-20 17:12:00,2025-03-30 10:17:14.291835
1027,20251016,20251023,1,87,1,343,341,2025-10-16,2025-10-21,2025-10-23,2025-10-23 07:59:00,2025-10-25 06:02:02.931204
1028,20250916,20250919,8,61,1,160,152,2025-09-16,2025-09-19,2025-09-19,2025-09-19 09:08:00,2025-09-20 11:30:32.089252
1029,20250330,20250405,12,48,3,40,37,2025-03-30,2025-04-06,2025-04-05,2025-04-05 17:44:00,2025-04-08 21:15:47.507874
1030,20250813,20250818,10,195,1,399,370,2025-08-13,2025-08-18,2025-08-18,2025-08-18 07:26:00,2025-08-30 13:47:02.011909
1031,20250902,20250906,8,117,1,336,330,2025-09-02,2025-09-06,2025-09-06,2025-09-06 17:36:00,2025-09-10 14:35:31.356214
1032,20250510,20250515,11,143,1,280,243,2025-05-10,2025-05-16,2025-05-15,2025-05-15 17:33:00,2025-05-19 06:44:50.424952
1033,20250221,20250228,9,88,2,431,417,2025-02-21,2025-02-28,2025-02-28,2025-02-28 14:22:00,2025-03-02 09:09:34.450113
1034,20250423,20250428,3,172,2,432,396,2025-04-23,2025-04-28,2025-04-28,2025-04-28 15:50:00,2025-04-29 00:48:19.973816
1035,20250714,20250720,14,141,1,145,144,2025-07-14,2025-07-19,2025-07-20,2025-07-20 17:06:00,2025-07-26 02:34:26.375624
1036,20250808,20250813,9,9,2,238,224,2025-08-08,2025-08-11,2025-08-13,2025-08-13 08:53:00,2025-08-15 12:17:34.589026
1037,20250425,20250501,10,78,1,416,392,2025-04-25,2025-05-01,2025-05-01,2025-05-01 07:00:00,2025-05-05 18:17:30.774372
1038,20250208,20250218,7,118,3,73,67,2025-02-08,2025-02-18,2025-02-18,2025-02-18 14:28:00,2025-02-21 22:10:01.193513
1039,20250420,20250429,10,66,3,291,260,2025-04-20,2025-04-29,2025-04-29,2025-04-29 09:53:00,2025-04-30 08:33:17.868149
1040,20250829,20250905,7,80,1,235,208,2025-08-29,2025-09-05,2025-09-05,2025-09-05 09:33:00,2025-09-07 02:56:46.665507
1041,20250410,20250417,1,103,1,190,188,2025-04-10,2025-04-17,2025-04-17,2025-04-17 08:40:00,2025-04-20 02:07:29.325044
1042,20250305,20250308,14,53,1,151,131,2025-03-05,2025-03-08,2025-03-08,2025-03-08 17:25:00,2025-03-10 04:41:29.512890
1043,20250709,20250718,2,131,1,299,292,2025-07-09,2025-07-18,2025-07-18,2025-07-18 08:30:00,2025-07-23 01:59:54.562889
1044,20251109,20251117,9,54,1,298,283,2025-11-09,2025-11-15,2025-11-17,2025-11-17 09:15:00,2025-11-18 04:58:05.609796
1045,20250520,20250529,15,105,2,81,75,2025-05-20,2025-05-30,2025-05-29,2025-05-29 14:40:00,2025-06-03 21:41:38.307731
1046,20250509,20250518,1,178,3,238,233,2025-05-09,2025-05-16,2025-05-18,2025-05-18 07:46:00,2025-05-18 21:04:15.299087
1047,20250615,20250625,6,39,1,23,22,2025-06-15,2025-06-23,2025-06-25,2025-06-25 08:01:00,2025-06-26 06:27:07.048727
1048,20250527,20250607,10,181,3,494,453,2025-05-27,2025-06-04,2025-06-07,2025-06-07 11:28:00,2025-06-10 13:11:24.778839
1049,20251124,20251127,9,96,1,133,114,2025-11-24,2025-11-27,2025-11-27,2025-11-27 10:26:00,2025-11-30 05:32:37.775479
1050,20250813,20250816,4,170,2,105,90,2025-08-13,2025-08-17,2025-08-16,2025-08-16 16:36:00,2025-08-18 11:55:40.143968
1051,20250701,20250708,11,50,3,65,60,2025-07-01,2025-07-08,2025-07-08,2025-07-08 15:58:00,2025-07-10 20:38:00.126025
1052,20250723,20250726,2,77,2,147,130,2025-07-23,2025-07-27,2025-07-26,2025-07-26 15:57:00,2025-07-30 09:30:34.760393
1053,20250531,20250607,8,27,1,162,161,2025-05-31,2025-06-08,2025-06-07,2025-06-07 15:31:00,2025-06-09 20:52:27.179558
1054,20250825,20250902,15,100,1,221,195,2025-08-25,2025-09-02,2025-09-02,2025-09-02 11:11:00,2025-09-05 10:37:21.967412
1055,20250929,20251006,9,88,2,230,218,2025-09-29,2025-10-06,2025-10-06,2025-10-06 07:41:00,2025-10-08 17:11:01.569895
1056,20250505,20250508,14,32,3,453,421,2025-05-05,2025-05-08,2025-05-08,2025-05-08 11:46:00,2025-05-11 14:28:53.050556
1057,20250915,20250918,1,132,2,499,435,2025-09-15,2025-09-19,2025-09-18,2025-09-18 17:38:00,2025-09-24 03:28:03.775098
1058,20250703,20250710,1,100,1,375,364,2025-07-03,2025-07-10,2025-07-10,2025-07-10 11:52:00,2025-07-14 06:31:12.277551
1059,20250418,20250423,15,85,2,348,301,2025-04-18,2025-04-23,2025-04-23,2025-04-23 07:09:00,2025-04-25 23:03:47.059463
1060,20251108,20251118,14,150,1,383,364,2025-11-08,2025-11-16,2025-11-18,2025-11-18 10:08:00,2025-11-20 05:52:03.006385
1061,20250115,20250118,14,188,2,152,140,2025-01-15,2025-01-18,2025-01-18,2025-01-18 14:28:00,2025-01-20 01:28:05.639751
1062,20250428,20250502,12,9,2,349,304,2025-04-28,2025-05-02,2025-05-02,2025-05-02 15:54:00,2025-05-07 02:20:20.055410
1063,20251009,20251013,14,35,3,79,75,2025-10-09,2025-10-13,2025-10-13,2025-10-13 13:56:00,2025-10-16 07:25:10.371253
1064,20250524,20250528,14,60,1,373,331,2025-05-24,2025-05-28,2025-05-28,2025-05-28 16:22:00,2025-05-29 19:45:40.034704
1065,20250809,20250816,6,5,1,285,272,2025-08-09,2025-08-16,2025-08-16,2025-08-16 07:18:00,2025-08-18 06:03:13.116041
1066,20251118,20251122,4,161,2,166,159,2025-11-18,2025-11-22,2025-11-22,2025-11-22 08:40:00,2025-11-23 11:14:24.246492
1067,20250425,20250428,10,187,3,301,261,2025-04-25,2025-04-28,2025-04-28,2025-04-28 12:53:00,2025-05-03 05:38:09.953888
1068,20251111,20251115,7,3,3,145,124,2025-11-11,2025-11-14,2025-11-15,2025-11-15 07:57:00,2025-11-18 22:01:39.021978
1069,20250616,20250625,7,29,1,207,188,2025-06-16,2025-06-21,2025-06-25,2025-06-25 13:19:00,2025-06-28 06:26:36.791157
1070,20250816,20250828,14,74,2,475,470,2025-08-16,2025-08-26,2025-08-28,2025-08-28 13:02:00,2025-08-29 12:28:04.815145
1071,20250312,20250315,9,115,1,162,142,2025-03-12,2025-03-15,2025-03-15,2025-03-15 09:13:00,2025-03-18 14:02:24.347931
1072,20250407,20250416,2,198,3,47,46,2025-04-07,2025-04-16,2025-04-16,2025-04-16 13:30:00,2025-04-18 12:57:26.748894
1073,20250525,20250531,1,129,1,355,308,2025-05-25,2025-05-31,2025-05-31,2025-05-31 08:25:00,2025-05-31 14:51:34.184140
1074,20251121,20251125,14,198,1,471,444,2025-11-21,2025-11-25,2025-11-25,2025-11-25 09:17:00,2025-11-29 08:19:56.543666
1075,20251019,20251023,9,54,3,388,337,2025-10-19,2025-10-24,2025-10-23,2025-10-23 16:27:00,2025-10-24 00:26:04.468459
1076,20250731,20250803,8,109,1,251,246,2025-07-31,2025-08-03,2025-08-03,2025-08-03 11:16:00,2025-08-06 08:35:03.085268
1077,20250620,20250627,1,52,3,121,115,2025-06-20,2025-06-27,2025-06-27,2025-06-27 15:28:00,2025-06-30 12:30:00.900547
1078,20250615,20250618,14,93,1,339,302,2025-06-15,2025-06-18,2025-06-18,2025-06-18 10:24:00,2025-06-22 01:09:57.874119
1079,20250120,20250124,7,155,1,489,462,2025-01-20,2025-01-23,2025-01-24,2025-01-24 17:29:00,2025-01-26 01:32:51.753623
1080,20250826,20250830,6,158,1,74,66,2025-08-26,2025-08-30,2025-08-30,2025-08-30 08:58:00,2025-09-01 18:57:45.019683
1081,20250323,20250329,1,135,1,247,211,2025-03-23,2025-03-27,2025-03-29,2025-03-29 08:44:00,2025-03-29 17:50:24.014788
1082,20250413,20250416,6,62,3,439,398,2025-04-13,2025-04-16,2025-04-16,2025-04-16 09:35:00,2025-04-20 01:58:16.643939
1083,20250822,20250830,4,164,1,86,84,2025-08-22,2025-08-30,2025-08-30,2025-08-30 09:04:00,2025-08-31 03:56:04.121273
1084,20250723,20250730,7,86,1,91,83,2025-07-23,2025-07-30,2025-07-30,2025-07-30 15:12:00,2025-08-02 02:19:52.162369
1085,20250329,20250408,10,110,3,71,64,2025-03-29,2025-04-07,2025-04-08,2025-04-08 16:40:00,2025-04-12 05:08:50.894928
1086,20250213,20250222,15,33,2,426,376,2025-02-13,2025-02-22,2025-02-22,2025-02-22 08:33:00,2025-02-24 03:13:01.822884
1087,20250824,20250903,14,46,1,73,68,2025-08-24,2025-09-01,2025-09-03,2025-09-03 16:00:00,2025-09-08 06:24:02.613181
1088,20251127,20251205,11,75,1,236,212,2025-11-27,2025-12-05,2025-12-05,2025-12-05 09:17:00,2025-12-09 13:40:38.960779
1089,20250106,20250113,9,194,2,46,42,2025-01-06,2025-01-13,2025-01-13,2025-01-13 08:48:00,2025-01-14 23:38:04.939278
1090,20251023,20251101,5,66,1,175,161,2025-10-23,2025-11-02,2025-11-01,2025-11-01 10:51:00,2025-11-03 02:02:47.468538
1091,20250824,20250830,9,167,3,380,342,2025-08-24,2025-08-30,2025-08-30,2025-08-30 12:40:00,2025-09-01 14:29:40.962319
1092,20250521,20250524,8,105,3,210,187,2025-05-21,2025-05-24,2025-05-24,2025-05-24 15:55:00,2025-05-29 20:18:21.207772
1093,20250422,20250502,11,185,1,92,85,2025-04-22,2025-05-01,2025-05-02,2025-05-02 16:38:00,2025-05-06 20:35:41.080329
1094,20250217,20250222,15,130,1,21,18,2025-02-17,2025-02-22,2025-02-22,2025-02-22 11:52:00,2025-02-25 00:25:02.987352
1095,20251010,20251020,8,50,1,244,214,2025-10-10,2025-10-20,2025-10-20,2025-10-20 09:26:00,2025-10-24 02:15:53.019634
1096,20250803,20250808,5,92,2,122,106,2025-08-03,2025-08-08,2025-08-08,2025-08-08 14:32:00,2025-08-10 15:37:32.199409
1097,20251125,20251201,10,200,1,260,253,2025-11-25,2025-11-30,2025-12-01,2025-12-01 07:58:00,2025-12-03 10:19:26.550275
1098,20250522,20250530,9,124,2,223,197,2025-05-22,2025-05-31,2025-05-30,2025-05-30 14:53:00,2025-06-01 07:58:33.469969
1099,20250911,20250919,3,51,3,302,265,2025-09-11,2025-09-19,2025-09-19,2025-09-19 12:34:00,2025-09-20 19:24:10.057565
1100,20250307,20250320,5,108,2,397,372,2025-03-07,2025-03-15,2025-03-20,2025-03-20 12:36:00,2025-03-22 17:43:29.157949
1101,20251118,20251122,5,106,1,122,107,2025-11-18,2025-11-21,2025-11-22,2025-11-22 14:22:00,2025-11-24 18:21:19.059413
1102,20250902,20250908,10,22,1,386,373,2025-09-02,2025-09-09,2025-09-08,2025-09-08 16:05:00,2025-09-09 18:44:16.217301
1103,20251105,20251115,10,10,1,36,33,2025-11-05,2025-11-15,2025-11-15,2025-11-15 11:09:00,2025-11-16 05:00:47.934694
1104,20250212,20250216,9,140,3,63,59,2025-02-12,2025-02-17,2025-02-16,2025-02-16 10:07:00,2025-02-19 17:57:56.720158
1105,20250820,20250826,5,149,2,410,358,2025-08-20,2025-08-27,2025-08-26,2025-08-26 11:52:00,2025-08-28 18:58:56.108023
1106,20250930,20251004,14,68,2,339,308,2025-09-30,2025-10-03,2025-10-04,2025-10-04 07:38:00,2025-10-05 19:38:44.485421
1107,20250702,20250709,15,140,1,64,56,2025-07-02,2025-07-10,2025-07-09,2025-07-09 15:24:00,2025-07-10 22:11:31.652093
1108,20250624,20250701,4,87,3,312,274,2025-06-24,2025-07-01,2025-07-01,2025-07-01 15:10:00,2025-07-01 17:10:00.000000
1109,20250526,20250605,5,171,3,169,161,2025-05-26,2025-06-05,2025-06-05,2025-06-05 17:49:00,2025-06-06 23:49:52.611224
1110,20250708,20250713,9,132,1,137,124,2025-07-08,2025-07-14,2025-07-13,2025-07-13 08:11:00,2025-07-18 17:45:04.229376
1111,20251103,20251112,13,139,2,52,46,2025-11-03,2025-11-12,2025-11-12,2025-11-12 11:34:00,2025-11-15 08:04:00.421096
1112,20250507,20250511,7,23,3,402,392,2025-05-07,2025-05-11,2025-05-11,2025-05-11 17:32:00,2025-05-14 19:28:35.658974
1113,20250723,20250727,3,84,1,319,280,2025-07-23,2025-07-27,2025-07-27,2025-07-27 15:50:00,2025-07-31 11:39:16.071735
1114,20251026,20251031,10,82,2,168,148,2025-10-26,2025-10-31,2025-10-31,2025-10-31 09:35:00,2025-10-31 15:53:48.934264
1115,20251117,20251128,9,36,2,278,261,2025-11-17,2025-11-24,2025-11-28,2025-11-28 08:31:00,2025-11-28 18:22:42.855835
1116,20250401,20250404,15,42,1,318,295,2025-04-01,2025-04-04,2025-04-04,2025-04-04 17:18:00,2025-04-10 14:44:38.236825
1117,20250710,20250719,5,16,1,268,241,2025-07-10,2025-07-16,2025-07-19,2025-07-19 13:53:00,2025-07-22 12:27:22.678638
1118,20250217,20250220,4,90,1,231,228,2025-02-17,2025-02-21,2025-02-20,2025-02-20 11:48:00,2025-02-22 23:29:23.892907
1119,20250627,20250704,9,174,1,36,32,2025-06-27,2025-07-04,2025-07-04,2025-07-04 07:59:00,2025-07-06 15:49:02.888487
1120,20250527,20250602,10,93,2,88,78,2025-05-27,2025-06-02,2025-06-02,2025-06-02 16:15:00,2025-06-04 14:26:25.681261
1121,20250812,20250819,10,187,3,168,161,2025-08-12,2025-08-20,2025-08-19,2025-08-19 14:17:00,2025-08-21 14:08:25.903389
1122,20250222,20250227,3,24,1,374,347,2025-02-22,2025-02-26,2025-02-27,2025-02-27 07:37:00,2025-02-27 21:15:27.781662
1123,20250110,20250113,3,105,2,380,337,2025-01-10,2025-01-13,2025-01-13,2025-01-13 07:28:00,2025-01-14 07:17:05.828432
1124,20251029,20251106,15,72,3,479,419,2025-10-29,2025-11-06,2025-11-06,2025-11-06 14:24:00,2025-11-07 15:55:13.007516
1125,20251203,20251212,6,16,1,244,222,2025-12-03,2025-12-12,2025-12-12,2025-12-12 08:53:00,2025-12-16 17:27:57.753070
1126,20250319,20250329,5,89,1,201,187,2025-03-19,2025-03-26,2025-03-29,2025-03-29 12:00:00,2025-03-31 20:14:42.358934
1127,20250421,20250425,14,49,2,145,140,2025-04-21,2025-04-25,2025-04-25,2025-04-25 14:49:00,2025-04-27 01:31:58.996380
1128,20250110,20250116,14,131,3,190,162,2025-01-10,2025-01-17,2025-01-16,2025-01-16 16:33:00,2025-01-21 09:50:12.909435
1129,20250211,20250220,9,166,2,260,227,2025-02-11,2025-02-21,2025-02-20,2025-02-20 17:23:00,2025-02-21 20:46:16.772113
1130,20251101,20251110,4,123,2,402,401,2025-11-01,2025-11-10,2025-11-10,2025-11-10 07:24:00,2025-11-11 15:07:26.136446
1131,20250801,20250811,6,129,1,200,181,2025-08-01,2025-08-10,2025-08-11,2025-08-11 09:25:00,2025-08-13 11:34:36.700191
1132,20250418,20250501,11,58,1,422,395,2025-04-18,2025-04-27,2025-05-01,2025-05-01 13:19:00,2025-05-04 08:47:45.835630
1133,20250805,20250811,1,44,1,127,125,2025-08-05,2025-08-12,2025-08-11,2025-08-11 16:41:00,2025-08-17 04:18:02.105997
1134,20250412,20250417,1,96,2,397,347,2025-04-12,2025-04-17,2025-04-17,2025-04-17 09:36:00,2025-04-18 02:52:24.607089
1135,20250108,20250111,9,128,2,94,88,2025-01-08,2025-01-11,2025-01-11,2025-01-11 08:56:00,2025-01-13 07:10:42.610175
1136,20250925,20251002,4,189,1,253,222,2025-09-25,2025-10-01,2025-10-02,2025-10-02 11:36:00,2025-10-03 12:52:19.482091
1137,20251122,20251201,9,45,1,67,64,2025-11-22,2025-12-01,2025-12-01,2025-12-01 12:07:00,2025-12-06 15:41:19.560637
1138,20250224,20250302,12,66,1,210,201,2025-02-24,2025-03-03,2025-03-02,2025-03-02 17:03:00,2025-03-05 23:08:32.561157
1139,20250715,20250720,15,129,3,49,44,2025-07-15,2025-07-20,2025-07-20,2025-07-20 10:15:00,2025-07-23 22:45:54.665594
1140,20251105,20251116,4,101,2,126,108,2025-11-05,2025-11-15,2025-11-16,2025-11-16 08:19:00,2025-11-18 20:47:45.621816
1141,20251113,20251119,14,14,1,218,193,2025-11-13,2025-11-20,2025-11-19,2025-11-19 15:59:00,2025-11-20 13:35:08.185851
1142,20250522,20250530,1,16,3,120,109,2025-05-22,2025-05-30,2025-05-30,2025-05-30 15:37:00,2025-06-01 20:51:15.831686
1143,20251108,20251111,14,60,1,449,386,2025-11-08,2025-11-11,2025-11-11,2025-11-11 13:18:00,2025-11-12 18:35:41.044926
1144,20250927,20251006,14,122,1,214,202,2025-09-27,2025-10-06,2025-10-06,2025-10-06 14:24:00,2025-10-08 07:25:29.796450
1145,20251031,20251104,3,18,1,99,96,2025-10-31,2025-11-03,2025-11-04,2025-11-04 07:14:00,2025-11-13 10:29:47.943518
1146,20250615,20250619,1,159,3,204,181,2025-06-15,2025-06-19,2025-06-19,2025-06-19 17:41:00,2025-06-21 11:40:46.510492
1147,20250228,20250310,11,50,1,286,279,2025-02-28,2025-03-08,2025-03-10,2025-03-10 09:03:00,2025-03-13 02:14:01.424753
1148,20250716,20250718,3,96,2,154,144,2025-07-16,2025-07-19,2025-07-18,2025-07-18 10:34:00,2025-07-23 08:23:14.523523
1149,20251024,20251101,6,145,1,381,375,2025-10-24,2025-11-01,2025-11-01,2025-11-01 10:21:00,2025-11-05 07:35:28.483255
1150,20251015,20251018,6,46,3,307,269,2025-10-15,2025-10-18,2025-10-18,2025-10-18 10:37:00,2025-10-28 06:41:49.840201
1151,20251105,20251116,6,33,2,64,58,2025-11-05,2025-11-14,2025-11-16,2025-11-16 12:17:00,2025-11-23 18:58:11.034609
1152,20250729,20250808,9,143,1,388,386,2025-07-29,2025-08-08,2025-08-08,2025-08-08 10:14:00,2025-08-18 22:27:06.935660
1153,20251001,20251006,13,121,2,90,86,2025-10-01,2025-10-06,2025-10-06,2025-10-06 15:50:00,2025-10-07 15:55:33.931573
1154,20250105,20250110,7,183,1,205,194,2025-01-05,2025-01-09,2025-01-10,2025-01-10 11:42:00,2025-01-10 19:19:35.395198
1155,20250827,20250903,2,183,1,377,363,2025-08-27,2025-09-03,2025-09-03,2025-09-03 09:10:00,2025-09-06 09:09:52.903696
1156,20251107,20251115,11,167,1,425,399,2025-11-07,2025-11-16,2025-11-15,2025-11-15 12:23:00,2025-11-17 22:03:06.743360
1157,20251202,20251205,2,16,1,220,208,2025-12-02,2025-12-05,2025-12-05,2025-12-05 11:37:00,2025-12-05 19:33:01.526670
1158,20250428,20250430,12,172,1,155,132,2025-04-28,2025-05-01,2025-04-30,2025-04-30 07:58:00,2025-04-30 16:47:33.355799
1159,20250926,20251005,4,156,1,164,146,2025-09-26,2025-09-30,2025-10-05,2025-10-05 07:07:00,2025-10-06 16:57:31.711475
1160,20250615,20250618,2,109,3,300,289,2025-06-15,2025-06-18,2025-06-18,2025-06-18 17:33:00,2025-06-19 14:10:50.628885
1161,20251018,20251101,11,127,1,198,177,2025-10-18,2025-10-28,2025-11-01,2025-11-01 09:58:00,2025-11-04 17:49:54.137528
1162,20250715,20250725,13,186,1,62,56,2025-07-15,2025-07-25,2025-07-25,2025-07-25 12:01:00,2025-07-28 09:44:20.097543
1163,20250405,20250412,3,58,1,388,387,2025-04-05,2025-04-12,2025-04-12,2025-04-12 17:53:00,2025-04-16 14:27:49.454031
1164,20251017,20251022,10,168,3,237,232,2025-10-17,2025-10-22,2025-10-22,2025-10-22 11:26:00,2025-10-23 09:36:13.291848
1165,20251007,20251017,14,100,1,190,161,2025-10-07,2025-10-13,2025-10-17,2025-10-17 15:40:00,2025-10-18 07:33:06.208136
1166,20250425,20250501,2,128,2,288,272,2025-04-25,2025-05-01,2025-05-01,2025-05-01 09:19:00,2025-05-02 11:22:34.219875
1167,20250606,20250614,3,55,1,499,436,2025-06-06,2025-06-09,2025-06-14,2025-06-14 12:26:00,2025-06-16 10:51:24.171841
1168,20250221,20250227,4,105,2,324,319,2025-02-21,2025-02-27,2025-02-27,2025-02-27 10:00:00,2025-03-01 03:37:07.588711
1169,20250709,20250714,6,29,3,209,204,2025-07-09,2025-07-12,2025-07-14,2025-07-14 14:07:00,2025-07-16 15:19:39.729881
1170,20251011,20251017,13,43,2,371,329,2025-10-11,2025-10-17,2025-10-17,2025-10-17 17:35:00,2025-10-22 19:49:03.854680
1171,20250228,20250302,14,113,2,200,170,2025-02-28,2025-03-03,2025-03-02,2025-03-02 13:15:00,2025-03-05 00:35:34.318682
1172,20250206,20250214,10,74,2,123,107,2025-02-06,2025-02-15,2025-02-14,2025-02-14 08:37:00,2025-02-15 20:44:44.602665
1173,20250514,20250519,8,53,1,83,71,2025-05-14,2025-05-19,2025-05-19,2025-05-19 17:24:00,2025-05-21 01:18:03.083008
1174,20250927,20250930,2,39,1,196,191,2025-09-27,2025-09-30,2025-09-30,2025-09-30 07:07:00,2025-10-01 11:05:05.930515
1175,20250206,20250212,9,56,1,172,158,2025-02-06,2025-02-12,2025-02-12,2025-02-12 11:31:00,2025-02-16 15:40:19.654923
1176,20250403,20250407,15,163,1,329,328,2025-04-03,2025-04-07,2025-04-07,2025-04-07 15:29:00,2025-04-09 18:32:24.859475
1177,20250425,20250507,6,121,1,298,260,2025-04-25,2025-05-05,2025-05-07,2025-05-07 13:04:00,2025-05-08 06:21:22.037545
1178,20250212,20250215,11,111,2,408,361,2025-02-12,2025-02-15,2025-02-15,2025-02-15 11:45:00,2025-02-17 04:56:33.420507
1179,20250301,20250309,15,26,1,464,462,2025-03-01,2025-03-09,2025-03-09,2025-03-09 08:34:00,2025-03-13 20:59:29.554716
1180,20251021,20251029,12,19,2,290,246,2025-10-21,2025-10-30,2025-10-29,2025-10-29 10:37:00,2025-11-01 08:00:41.607694
1181,20250520,20250531,11,104,1,61,60,2025-05-20,2025-05-30,2025-05-31,2025-05-31 09:17:00,2025-06-01 18:09:28.053952
1182,20250914,20250922,3,187,3,312,287,2025-09-14,2025-09-22,2025-09-22,2025-09-22 15:23:00,2025-09-25 03:33:18.845404
1183,20250628,20250705,12,78,2,64,63,2025-06-28,2025-07-05,2025-07-05,2025-07-05 07:04:00,2025-07-10 09:32:28.480098
1184,20250411,20250419,6,54,2,122,112,2025-04-11,2025-04-17,2025-04-19,2025-04-19 10:22:00,2025-04-24 03:15:02.529089
1185,20251108,20251116,3,66,3,247,217,2025-11-08,2025-11-16,2025-11-16,2025-11-16 10:30:00,2025-11-18 11:40:38.528321
1186,20250117,20250121,10,59,2,156,155,2025-01-17,2025-01-21,2025-01-21,2025-01-21 16:36:00,2025-01-22 01:00:03.505306
1187,20250118,20250124,14,165,3,221,197,2025-01-18,2025-01-24,2025-01-24,2025-01-24 07:57:00,2025-01-30 21:38:07.780857
1188,20251103,20251113,12,25,3,183,166,2025-11-03,2025-11-13,2025-11-13,2025-11-13 11:36:00,2025-11-16 21:46:43.898153
1189,20250826,20250830,13,189,3,206,199,2025-08-26,2025-08-30,2025-08-30,2025-08-30 16:18:00,2025-08-31 09:21:43.609877
1190,20250508,20250511,15,52,1,238,227,2025-05-08,2025-05-11,2025-05-11,2025-05-11 14:27:00,2025-05-15 23:47:58.483275
1191,20250609,20250619,15,130,2,183,175,2025-06-09,2025-06-14,2025-06-19,2025-06-19 14:36:00,2025-06-24 00:13:47.828267
1192,20251110,20251118,7,180,2,37,33,2025-11-10,2025-11-13,2025-11-18,2025-11-18 15:09:00,2025-11-22 09:20:40.043688
1193,20250719,20250723,2,131,2,347,340,2025-07-19,2025-07-23,2025-07-23,2025-07-23 15:00:00,2025-07-26 08:19:27.620813
1194,20251016,20251023,12,79,1,346,318,2025-10-16,2025-10-23,2025-10-23,2025-10-23 14:23:00,2025-10-24 23:26:02.083337
1195,20250802,20250810,15,56,1,221,206,2025-08-02,2025-08-10,2025-08-10,2025-08-10 14:10:00,2025-08-11 14:27:07.655980
1196,20250619,20250625,3,133,2,285,256,2025-06-19,2025-06-25,2025-06-25,2025-06-25 10:15:00,2025-06-26 17:02:37.496179
1197,20250904,20250915,10,94,1,443,391,2025-09-04,2025-09-10,2025-09-15,2025-09-15 10:09:00,2025-09-16 07:20:18.522558
1198,20251013,20251019,10,46,1,338,329,2025-10-13,2025-10-19,2025-10-19,2025-10-19 10:53:00,2025-10-19 14:20:57.079241
1199,20251107,20251113,8,175,1,222,209,2025-11-07,2025-11-13,2025-11-13,2025-11-13 08:47:00,2025-11-15 12:44:32.306073
1200,20250413,20250423,9,6,2,192,174,2025-04-13,2025-04-23,2025-04-23,2025-04-23 11:36:00,2025-04-24 11:13:32.643354
1201,20250505,20250515,13,74,2,162,137,2025-05-05,2025-05-15,2025-05-15,2025-05-15 16:58:00,2025-05-16 20:46:33.105397
1202,20250125,20250131,10,146,3,89,79,2025-01-25,2025-02-01,2025-01-31,2025-01-31 14:21:00,2025-02-04 00:08:48.138021
1203,20250215,20250221,8,14,2,398,368,2025-02-15,2025-02-21,2025-02-21,2025-02-21 13:59:00,2025-02-25 20:19:42.813481
1204,20250208,20250210,7,162,2,99,91,2025-02-08,2025-02-11,2025-02-10,2025-02-10 14:57:00,2025-02-12 01:03:53.372939
1205,20250504,20250514,14,15,1,371,331,2025-05-04,2025-05-12,2025-05-14,2025-05-14 16:38:00,2025-05-17 10:23:08.736553
1206,20250115,20250125,10,16,1,392,359,2025-01-15,2025-01-21,2025-01-25,2025-01-25 16:35:00,2025-01-26 01:22:34.788584
1207,20250829,20250901,14,70,2,459,427,2025-08-29,2025-09-01,2025-09-01,2025-09-01 17:51:00,2025-09-05 21:01:48.152720
1208,20250411,20250415,4,65,1,262,228,2025-04-11,2025-04-15,2025-04-15,2025-04-15 14:21:00,2025-04-15 19:45:11.263124
1209,20250215,20250222,3,29,1,480,422,2025-02-15,2025-02-23,2025-02-22,2025-02-22 17:28:00,2025-02-25 13:11:31.708868
1210,20250309,20250319,1,5,1,241,214,2025-03-09,2025-03-19,2025-03-19,2025-03-19 15:17:00,2025-03-22 12:56:03.729167
1211,20250524,20250607,1,195,2,173,171,2025-05-24,2025-06-03,2025-06-07,2025-06-07 16:29:00,2025-06-08 14:03:33.413491
1212,20251008,20251013,3,103,3,411,362,2025-10-08,2025-10-13,2025-10-13,2025-10-13 13:03:00,2025-10-17 19:46:55.809652
1213,20250520,20250526,5,137,3,448,438,2025-05-20,2025-05-27,2025-05-26,2025-05-26 13:35:00,2025-05-28 03:03:01.713555
1214,20250320,20250329,2,22,1,387,368,2025-03-20,2025-03-29,2025-03-29,2025-03-29 08:04:00,2025-04-09 09:00:34.748232
1215,20250304,20250313,5,168,2,125,116,2025-03-04,2025-03-13,2025-03-13,2025-03-13 11:44:00,2025-03-13 14:27:49.175063
1216,20250726,20250729,7,77,1,397,381,2025-07-26,2025-07-30,2025-07-29,2025-07-29 11:11:00,2025-07-30 02:07:24.781721
1217,20250921,20250929,2,154,1,409,386,2025-09-21,2025-09-29,2025-09-29,2025-09-29 10:18:00,2025-10-03 17:52:04.505126
1218,20250821,20250829,6,194,1,45,44,2025-08-21,2025-08-29,2025-08-29,2025-08-29 10:32:00,2025-08-31 17:54:59.553549
1219,20251115,20251122,14,58,1,283,271,2025-11-15,2025-11-20,2025-11-22,2025-11-22 10:05:00,2025-11-22 23:45:10.055162
1220,20250922,20250926,15,3,1,50,43,2025-09-22,2025-09-26,2025-09-26,2025-09-26 16:04:00,2025-09-28 02:33:27.611490
1221,20250328,20250402,2,48,1,111,106,2025-03-28,2025-04-02,2025-04-02,2025-04-02 14:18:00,2025-04-03 07:29:15.328253
1222,20250721,20250730,1,41,2,237,225,2025-07-21,2025-07-31,2025-07-30,2025-07-30 12:02:00,2025-08-01 20:11:52.756759
1223,20250228,20250302,4,192,2,483,460,2025-02-28,2025-03-03,2025-03-02,2025-03-02 07:28:00,2025-03-05 10:37:35.124749
1224,20250628,20250630,11,174,2,82,72,2025-06-28,2025-07-01,2025-06-30,2025-06-30 14:52:00,2025-07-01 03:26:05.537209
1225,20250417,20250422,15,149,2,162,154,2025-04-17,2025-04-22,2025-04-22,2025-04-22 16:13:00,2025-04-24 12:04:45.416456
1226,20250816,20250822,3,62,3,248,247,2025-08-16,2025-08-22,2025-08-22,2025-08-22 13:26:00,2025-08-25 06:04:42.930592
1227,20250129,20250206,8,43,3,461,436,2025-01-29,2025-02-06,2025-02-06,2025-02-06 07:24:00,2025-02-06 19:53:35.017625
1228,20250913,20250917,13,186,1,211,203,2025-09-13,2025-09-18,2025-09-17,2025-09-17 09:39:00,2025-09-20 01:16:24.876383
1229,20251111,20251121,5,109,3,331,313,2025-11-11,2025-11-16,2025-11-21,2025-11-21 10:10:00,2025-11-22 09:57:04.423981
1230,20250415,20250425,14,105,1,318,300,2025-04-15,2025-04-23,2025-04-25,2025-04-25 14:45:00,2025-04-27 07:42:21.349943
1231,20250507,20250516,3,120,1,310,285,2025-05-07,2025-05-16,2025-05-16,2025-05-16 10:55:00,2025-05-18 02:22:25.209851
1232,20250714,20250718,12,29,3,191,173,2025-07-14,2025-07-19,2025-07-18,2025-07-18 07:40:00,2025-07-21 20:52:20.194410
1233,20250907,20250916,5,108,1,172,157,2025-09-07,2025-09-17,2025-09-16,2025-09-16 11:53:00,2025-09-19 08:44:04.202327
1234,20250708,20250719,6,44,1,479,462,2025-07-08,2025-07-15,2025-07-19,2025-07-19 12:22:00,2025-07-20 07:51:30.386400
1235,20251019,20251022,2,88,3,218,190,2025-10-19,2025-10-22,2025-10-22,2025-10-22 13:14:00,2025-10-29 22:51:03.219047
1236,20250730,20250802,8,80,3,297,288,2025-07-30,2025-08-02,2025-08-02,2025-08-02 12:24:00,2025-08-06 11:51:27.659456
1237,20250914,20250921,5,61,2,57,55,2025-09-14,2025-09-21,2025-09-21,2025-09-21 08:55:00,2025-09-23 06:43:01.341172
1238,20250425,20250502,10,26,3,481,475,2025-04-25,2025-05-01,2025-05-02,2025-05-02 17:38:00,2025-05-07 18:08:15.403444
1239,20251115,20251121,2,40,2,372,319,2025-11-15,2025-11-22,2025-11-21,2025-11-21 11:30:00,2025-11-23 01:43:29.154179
1240,20251025,20251029,3,152,2,402,357,2025-10-25,2025-10-29,2025-10-29,2025-10-29 11:53:00,2025-11-05 00:45:26.953127
1241,20250703,20250712,14,109,3,461,450,2025-07-03,2025-07-13,2025-07-12,2025-07-12 13:33:00,2025-07-13 23:11:38.384353
1242,20250713,20250718,8,107,2,427,383,2025-07-13,2025-07-18,2025-07-18,2025-07-18 13:26:00,2025-07-19 17:19:23.310004
1243,20251002,20251006,6,93,1,34,30,2025-10-02,2025-10-07,2025-10-06,2025-10-06 11:06:00,2025-10-10 15:58:19.626444
1244,20250821,20250825,6,117,1,477,469,2025-08-21,2025-08-25,2025-08-25,2025-08-25 07:18:00,2025-08-30 13:20:25.720803
1245,20250302,20250306,8,38,2,336,322,2025-03-02,2025-03-06,2025-03-06,2025-03-06 16:31:00,2025-03-08 09:57:41.071040
1246,20250413,20250421,8,89,2,214,203,2025-04-13,2025-04-21,2025-04-21,2025-04-21 10:03:00,2025-04-24 17:41:34.596521
1247,20250118,20250122,9,133,1,435,382,2025-01-18,2025-01-22,2025-01-22,2025-01-22 15:47:00,2025-01-24 08:12:33.511868
1248,20250217,20250221,15,40,2,486,476,2025-02-17,2025-02-22,2025-02-21,2025-02-21 14:40:00,2025-02-22 15:01:49.781580
1249,20250128,20250204,8,13,3,226,199,2025-01-28,2025-02-04,2025-02-04,2025-02-04 09:03:00,2025-02-08 01:31:15.635360
1250,20251106,20251110,13,198,2,283,266,2025-11-06,2025-11-10,2025-11-10,2025-11-10 13:53:00,2025-11-11 23:11:59.678653
1251,20250131,20250208,12,106,3,289,248,2025-01-31,2025-02-08,2025-02-08,2025-02-08 14:13:00,2025-02-09 23:35:26.905905
1252,20250207,20250211,13,125,2,195,187,2025-02-07,2025-02-12,2025-02-11,2025-02-11 14:45:00,2025-02-13 05:13:41.356261
1253,20250930,20251006,9,153,1,258,225,2025-09-30,2025-10-06,2025-10-06,2025-10-06 17:56:00,2025-10-11 14:34:46.210221
1254,20250304,20250311,9,33,1,463,418,2025-03-04,2025-03-10,2025-03-11,2025-03-11 15:29:00,2025-03-12 17:25:12.716580
1255,20251019,20251024,3,188,3,170,149,2025-10-19,2025-10-24,2025-10-24,2025-10-24 14:50:00,2025-10-25 08:20:45.112405
1256,20250417,20250426,15,128,2,161,158,2025-04-17,2025-04-23,2025-04-26,2025-04-26 16:07:00,2025-05-01 10:19:55.353931
1257,20250609,20250620,10,91,1,391,367,2025-06-09,2025-06-18,2025-06-20,2025-06-20 17:47:00,2025-06-22 14:39:04.773371
1258,20250327,20250330,2,31,1,73,64,2025-03-27,2025-03-30,2025-03-30,2025-03-30 13:03:00,2025-04-01 15:46:36.221314
1259,20250325,20250404,15,123,2,72,71,2025-03-25,2025-03-30,2025-04-04,2025-04-04 12:44:00,2025-04-06 10:12:22.537603
1260,20250326,20250331,15,187,1,35,30,2025-03-26,2025-03-30,2025-03-31,2025-03-31 09:23:00,2025-03-31 13:10:07.652627
1261,20250901,20250909,13,176,2,477,426,2025-09-01,2025-09-09,2025-09-09,2025-09-09 09:04:00,2025-09-12 20:26:58.775239
1262,20251002,20251016,1,164,1,421,420,2025-10-02,2025-10-11,2025-10-16,2025-10-16 09:20:00,2025-10-16 20:26:43.128468
1263,20250719,20250726,14,9,1,377,325,2025-07-19,2025-07-27,2025-07-26,2025-07-26 09:57:00,2025-07-27 15:12:26.068241
1264,20250709,20250719,15,32,3,269,263,2025-07-09,2025-07-19,2025-07-19,2025-07-19 08:47:00,2025-07-21 11:02:29.952611
1265,20251103,20251113,8,18,2,167,148,2025-11-03,2025-11-13,2025-11-13,2025-11-13 09:57:00,2025-11-17 17:26:17.000377
1266,20250614,20250621,2,51,3,108,99,2025-06-14,2025-06-21,2025-06-21,2025-06-21 07:05:00,2025-06-23 20:30:41.387241
1267,20250330,20250402,7,39,1,369,342,2025-03-30,2025-04-02,2025-04-02,2025-04-02 16:55:00,2025-04-02 19:40:51.484687
1268,20250318,20250321,7,127,2,386,328,2025-03-18,2025-03-21,2025-03-21,2025-03-21 12:18:00,2025-03-21 23:46:00.997161
1269,20250117,20250124,12,117,3,284,244,2025-01-17,2025-01-25,2025-01-24,2025-01-24 11:05:00,2025-01-31 00:02:36.763203
1270,20251125,20251129,3,45,2,267,254,2025-11-25,2025-11-30,2025-11-29,2025-11-29 11:26:00,2025-12-04 04:23:56.887733
1271,20250629,20250705,11,184,1,318,277,2025-06-29,2025-07-06,2025-07-05,2025-07-05 16:47:00,2025-07-07 13:13:35.162471
1272,20251103,20251111,11,147,3,274,240,2025-11-03,2025-11-11,2025-11-11,2025-11-11 09:59:00,2025-11-14 02:32:36.656783
1273,20250429,20250508,11,93,3,346,301,2025-04-29,2025-05-08,2025-05-08,2025-05-08 11:53:00,2025-05-09 03:59:12.039633
1274,20250520,20250525,14,171,3,253,228,2025-05-20,2025-05-23,2025-05-25,2025-05-25 16:26:00,2025-06-02 20:08:07.098668
1275,20250921,20250925,4,47,1,252,222,2025-09-21,2025-09-25,2025-09-25,2025-09-25 11:53:00,2025-09-28 06:53:01.154311
1276,20250905,20250917,5,51,2,323,315,2025-09-05,2025-09-15,2025-09-17,2025-09-17 10:36:00,2025-09-20 16:15:35.402468
1277,20250917,20250924,7,33,1,395,388,2025-09-17,2025-09-24,2025-09-24,2025-09-24 13:23:00,2025-09-25 14:54:57.190115
1278,20250728,20250801,11,48,1,402,367,2025-07-28,2025-08-01,2025-08-01,2025-08-01 09:43:00,2025-08-04 04:45:25.730626
1279,20250302,20250308,7,12,2,168,148,2025-03-02,2025-03-09,2025-03-08,2025-03-08 16:00:00,2025-03-10 06:07:16.310935
1280,20250209,20250218,11,93,2,109,105,2025-02-09,2025-02-18,2025-02-18,2025-02-18 11:36:00,2025-02-19 15:09:49.627071
1281,20250829,20250902,8,130,3,259,249,2025-08-29,2025-09-03,2025-09-02,2025-09-02 13:52:00,2025-09-03 21:34:57.117125
1282,20251022,20251027,6,134,1,139,125,2025-10-22,2025-10-27,2025-10-27,2025-10-27 10:09:00,2025-10-30 04:11:31.300125
1283,20250501,20250509,8,143,1,136,123,2025-05-01,2025-05-10,2025-05-09,2025-05-09 09:17:00,2025-05-13 01:51:36.974446
1284,20250923,20250927,13,154,1,453,446,2025-09-23,2025-09-28,2025-09-27,2025-09-27 11:08:00,2025-09-30 04:09:42.078919
1285,20250305,20250313,6,135,1,358,304,2025-03-05,2025-03-13,2025-03-13,2025-03-13 17:54:00,2025-03-16 08:03:23.846029
1286,20250222,20250227,12,188,2,268,234,2025-02-22,2025-02-28,2025-02-27,2025-02-27 11:04:00,2025-03-03 23:28:00.611116
1287,20250316,20250320,13,180,3,476,471,2025-03-16,2025-03-20,2025-03-20,2025-03-20 14:06:00,2025-03-25 10:56:50.546856
1288,20250105,20250109,6,56,3,154,152,2025-01-05,2025-01-09,2025-01-09,2025-01-09 08:02:00,2025-01-10 06:08:16.238554
1289,20251202,20251207,10,27,2,447,395,2025-12-02,2025-12-07,2025-12-07,2025-12-07 11:02:00,2025-12-08 16:20:18.928016
1290,20250628,20250711,14,4,1,51,48,2025-06-28,2025-07-08,2025-07-11,2025-07-11 11:19:00,2025-07-11 19:45:32.852638
1291,20250207,20250217,9,41,1,373,318,2025-02-07,2025-02-17,2025-02-17,2025-02-17 15:22:00,2025-02-18 07:05:11.299365
1292,20251004,20251010,6,103,1,426,394,2025-10-04,2025-10-10,2025-10-10,2025-10-10 15:58:00,2025-10-16 08:11:21.257518
1293,20250202,20250206,12,57,1,465,446,2025-02-02,2025-02-07,2025-02-06,2025-02-06 15:32:00,2025-02-08 16:22:28.637044
1294,20251124,20251203,6,119,3,148,139,2025-11-24,2025-12-03,2025-12-03,2025-12-03 11:44:00,2025-12-07 18:07:48.059377
1295,20250423,20250430,2,94,1,428,393,2025-04-23,2025-04-30,2025-04-30,2025-04-30 17:41:00,2025-05-02 13:47:00.438521
1296,20250626,20250703,1,81,2,128,112,2025-06-26,2025-07-04,2025-07-03,2025-07-03 07:47:00,2025-07-04 03:35:03.737821
1297,20251002,20251006,9,57,1,226,213,2025-10-02,2025-10-06,2025-10-06,2025-10-06 17:10:00,2025-10-10 00:27:18.900092
1298,20250313,20250320,10,174,2,214,207,2025-03-13,2025-03-17,2025-03-20,2025-03-20 10:49:00,2025-03-22 12:54:31.757029
1299,20250312,20250321,14,195,3,129,121,2025-03-12,2025-03-21,2025-03-21,2025-03-21 17:09:00,2025-03-24 22:00:38.620796
1300,20250220,20250225,4,63,1,417,411,2025-02-20,2025-02-25,2025-02-25,2025-02-25 11:09:00,2025-03-02 07:31:53.497958
1301,20250426,20250429,2,133,2,439,409,2025-04-26,2025-04-29,2025-04-29,2025-04-29 09:12:00,2025-05-04 22:36:11.046841
1302,20250213,20250223,9,63,1,200,177,2025-02-13,2025-02-23,2025-02-23,2025-02-23 08:44:00,2025-02-28 05:40:20.042526
1303,20251101,20251105,13,36,3,488,446,2025-11-01,2025-11-05,2025-11-05,2025-11-05 11:58:00,2025-11-05 20:39:32.059914
1304,20250809,20250815,6,151,1,360,345,2025-08-09,2025-08-13,2025-08-15,2025-08-15 09:39:00,2025-08-17 03:03:18.294963
1305,20250803,20250810,8,152,2,191,166,2025-08-03,2025-08-10,2025-08-10,2025-08-10 09:33:00,2025-08-11 19:34:01.194821
1306,20251110,20251115,4,44,2,211,199,2025-11-10,2025-11-15,2025-11-15,2025-11-15 08:13:00,2025-11-17 14:29:33.050480
1307,20251205,20251210,6,1,3,168,149,2025-12-05,2025-12-10,2025-12-10,2025-12-10 14:24:00,2025-12-13 23:56:26.042140
1308,20250210,20250218,3,193,2,98,97,2025-02-10,2025-02-15,2025-02-18,2025-02-18 09:11:00,2025-02-18 21:23:27.880312
1309,20250119,20250123,1,11,3,292,267,2025-01-19,2025-01-23,2025-01-23,2025-01-23 08:16:00,2025-01-27 16:35:45.194507
1310,20250627,20250704,2,160,1,402,369,2025-06-27,2025-07-05,2025-07-04,2025-07-04 08:44:00,2025-07-05 08:06:35.027459
1311,20250226,20250304,10,169,1,334,319,2025-02-26,2025-03-04,2025-03-04,2025-03-04 07:54:00,2025-03-05 13:26:19.094010
1312,20250920,20250924,1,91,3,377,336,2025-09-20,2025-09-23,2025-09-24,2025-09-24 16:51:00,2025-09-26 03:50:47.917538
1313,20251021,20251028,15,75,2,34,31,2025-10-21,2025-10-28,2025-10-28,2025-10-28 10:04:00,2025-10-30 16:17:01.239482
1314,20250426,20250502,10,85,2,115,100,2025-04-26,2025-04-29,2025-05-02,2025-05-02 08:37:00,2025-05-04 00:59:06.143186
1315,20250804,20250809,5,160,2,417,415,2025-08-04,2025-08-07,2025-08-09,2025-08-09 12:20:00,2025-08-11 14:33:29.075033
1316,20250912,20250920,1,11,3,276,258,2025-09-12,2025-09-20,2025-09-20,2025-09-20 17:50:00,2025-09-21 18:05:39.888961
1317,20251117,20251127,1,15,2,448,417,2025-11-17,2025-11-23,2025-11-27,2025-11-27 17:31:00,2025-12-03 04:50:57.374884
1318,20250512,20250519,6,190,1,298,285,2025-05-12,2025-05-20,2025-05-19,2025-05-19 13:28:00,2025-05-20 15:22:43.071903
1319,20250115,20250121,4,78,1,338,301,2025-01-15,2025-01-21,2025-01-21,2025-01-21 11:21:00,2025-01-23 10:23:53.257657
1320,20250601,20250614,11,58,2,131,126,2025-06-01,2025-06-09,2025-06-14,2025-06-14 17:10:00,2025-06-16 14:18:02.278597
1321,20250120,20250129,15,56,1,189,169,2025-01-20,2025-01-26,2025-01-29,2025-01-29 14:52:00,2025-01-30 16:44:59.245724
1322,20250721,20250729,8,115,1,329,281,2025-07-21,2025-07-30,2025-07-29,2025-07-29 14:39:00,2025-07-29 16:39:00.000000
1323,20250315,20250326,15,10,1,172,160,2025-03-15,2025-03-25,2025-03-26,2025-03-26 09:41:00,2025-03-28 22:04:47.990194
1324,20250818,20250828,10,13,2,163,157,2025-08-18,2025-08-28,2025-08-28,2025-08-28 14:23:00,2025-08-30 03:46:21.534050
1325,20250429,20250509,4,149,3,32,31,2025-04-29,2025-05-09,2025-05-09,2025-05-09 13:33:00,2025-05-11 06:25:53.470819
1326,20250624,20250630,4,34,1,426,396,2025-06-24,2025-06-28,2025-06-30,2025-06-30 08:27:00,2025-06-30 22:57:13.972196
1327,20251109,20251118,9,126,2,480,471,2025-11-09,2025-11-18,2025-11-18,2025-11-18 11:47:00,2025-11-20 20:43:15.733855
1328,20250611,20250617,1,69,2,214,210,2025-06-11,2025-06-14,2025-06-17,2025-06-17 14:59:00,2025-06-20 02:30:26.452996
1329,20250122,20250126,13,162,2,190,171,2025-01-22,2025-01-26,2025-01-26,2025-01-26 15:45:00,2025-01-29 02:21:12.186122
1330,20250515,20250521,10,29,1,336,287,2025-05-15,2025-05-22,2025-05-21,2025-05-21 13:14:00,2025-05-22 02:05:06.462515
1331,20250425,20250430,9,167,2,236,228,2025-04-25,2025-04-30,2025-04-30,2025-04-30 09:44:00,2025-05-02 16:51:20.005708
1332,20250916,20250920,15,43,1,378,347,2025-09-16,2025-09-20,2025-09-20,2025-09-20 09:37:00,2025-09-22 06:27:53.830241
1333,20251004,20251008,6,63,1,178,172,2025-10-04,2025-10-08,2025-10-08,2025-10-08 14:03:00,2025-10-12 07:19:34.305598
1334,20251030,20251102,14,42,3,78,76,2025-10-30,2025-11-02,2025-11-02,2025-11-02 13:14:00,2025-11-05 05:28:57.459447
1335,20251026,20251029,8,23,1,198,181,2025-10-26,2025-10-30,2025-10-29,2025-10-29 14:30:00,2025-10-31 10:00:04.530142
1336,20250907,20250912,14,93,1,186,179,2025-09-07,2025-09-12,2025-09-12,2025-09-12 08:19:00,2025-09-16 11:33:04.413746
1337,20251108,20251116,11,107,1,344,308,2025-11-08,2025-11-17,2025-11-16,2025-11-16 08:53:00,2025-11-17 14:39:25.897062
1338,20250414,20250421,1,172,1,380,363,2025-04-14,2025-04-21,2025-04-21,2025-04-21 14:32:00,2025-04-25 00:23:48.898101
1339,20250213,20250219,8,94,1,258,240,2025-02-13,2025-02-19,2025-02-19,2025-02-19 16:58:00,2025-02-24 15:08:52.727076
1340,20250421,20250424,11,194,1,338,308,2025-04-21,2025-04-24,2025-04-24,2025-04-24 12:05:00,2025-04-25 20:39:16.049853
1341,20250919,20251002,8,138,2,437,420,2025-09-19,2025-09-29,2025-10-02,2025-10-02 15:20:00,2025-10-05 13:21:22.119834
1342,20250805,20250816,1,153,3,149,146,2025-08-05,2025-08-11,2025-08-16,2025-08-16 12:08:00,2025-08-22 05:20:17.158481
1343,20250320,20250327,8,141,2,40,39,2025-03-20,2025-03-27,2025-03-27,2025-03-27 15:12:00,2025-03-28 12:34:29.399083
1344,20250428,20250507,2,3,1,198,187,2025-04-28,2025-05-07,2025-05-07,2025-05-07 14:43:00,2025-05-08 13:19:42.484519
1345,20250316,20250328,6,17,3,443,408,2025-03-16,2025-03-25,2025-03-28,2025-03-28 13:24:00,2025-03-29 14:24:49.349331
1346,20250923,20251004,6,136,3,375,365,2025-09-23,2025-10-01,2025-10-04,2025-10-04 14:43:00,2025-10-05 01:11:37.852274
1347,20250417,20250424,1,138,1,382,332,2025-04-17,2025-04-24,2025-04-24,2025-04-24 14:37:00,2025-04-27 11:13:21.947263
1348,20250810,20250816,15,105,2,288,280,2025-08-10,2025-08-16,2025-08-16,2025-08-16 13:54:00,2025-08-18 07:45:45.764625
1349,20250714,20250722,4,87,3,497,445,2025-07-14,2025-07-22,2025-07-22,2025-07-22 10:48:00,2025-07-25 08:24:55.608955
1350,20250905,20250915,8,170,1,22,18,2025-09-05,2025-09-15,2025-09-15,2025-09-15 09:13:00,2025-09-16 11:50:18.543940
1351,20250708,20250717,5,52,2,356,351,2025-07-08,2025-07-17,2025-07-17,2025-07-17 11:42:00,2025-07-22 11:44:06.440849
1352,20250504,20250515,6,66,2,291,248,2025-05-04,2025-05-13,2025-05-15,2025-05-15 10:33:00,2025-05-16 01:41:19.100747
1353,20250407,20250413,9,197,3,21,18,2025-04-07,2025-04-13,2025-04-13,2025-04-13 13:53:00,2025-04-14 19:41:06.000283
1354,20250315,20250317,7,130,1,295,252,2025-03-15,2025-03-18,2025-03-17,2025-03-17 14:52:00,2025-03-19 01:24:35.172859
1355,20250413,20250422,7,83,1,458,417,2025-04-13,2025-04-18,2025-04-22,2025-04-22 15:22:00,2025-04-25 15:31:43.039071
1356,20250812,20250815,1,44,3,187,171,2025-08-12,2025-08-15,2025-08-15,2025-08-15 15:37:00,2025-08-17 05:38:46.431001
1357,20251115,20251122,15,76,1,386,365,2025-11-15,2025-11-22,2025-11-22,2025-11-22 08:55:00,2025-11-27 04:40:47.094218
1358,20250731,20250805,13,56,2,445,426,2025-07-31,2025-08-05,2025-08-05,2025-08-05 17:27:00,2025-08-09 05:35:59.642327
1359,20251031,20251103,9,134,2,132,131,2025-10-31,2025-11-03,2025-11-03,2025-11-03 14:21:00,2025-11-04 05:18:45.745513
1360,20250626,20250630,4,55,3,488,476,2025-06-26,2025-06-30,2025-06-30,2025-06-30 10:44:00,2025-07-01 16:55:46.512234
1361,20250319,20250324,7,131,2,331,310,2025-03-19,2025-03-24,2025-03-24,2025-03-24 15:48:00,2025-03-26 00:30:22.754234
1362,20250824,20250828,13,34,1,184,181,2025-08-24,2025-08-28,2025-08-28,2025-08-28 13:05:00,2025-09-01 13:01:49.349111
1363,20251017,20251027,12,112,2,278,245,2025-10-17,2025-10-27,2025-10-27,2025-10-27 14:52:00,2025-10-28 07:51:54.701192
1364,20250122,20250131,2,190,2,390,389,2025-01-22,2025-01-30,2025-01-31,2025-01-31 07:18:00,2025-02-02 01:10:53.770207
1365,20250617,20250625,15,29,3,482,446,2025-06-17,2025-06-20,2025-06-25,2025-06-25 07:27:00,2025-06-26 03:30:03.687063
1366,20250427,20250506,5,34,3,340,333,2025-04-27,2025-05-06,2025-05-06,2025-05-06 15:43:00,2025-05-07 11:03:29.810727
1367,20250620,20250626,1,75,1,50,46,2025-06-20,2025-06-26,2025-06-26,2025-06-26 15:04:00,2025-07-01 18:31:10.570978
1368,20250927,20251005,6,142,3,136,128,2025-09-27,2025-10-03,2025-10-05,2025-10-05 08:30:00,2025-10-07 15:07:16.910374
1369,20250424,20250427,14,108,1,450,398,2025-04-24,2025-04-28,2025-04-27,2025-04-27 10:37:00,2025-04-29 16:13:26.029010
1370,20250211,20250218,10,45,3,477,407,2025-02-11,2025-02-18,2025-02-18,2025-02-18 13:46:00,2025-02-24 20:16:37.831024
1371,20250911,20250920,11,160,1,253,230,2025-09-11,2025-09-20,2025-09-20,2025-09-20 12:42:00,2025-09-21 04:09:56.227926
1372,20251028,20251105,8,56,2,181,164,2025-10-28,2025-11-06,2025-11-05,2025-11-05 09:40:00,2025-11-07 15:07:58.801396
1373,20250130,20250204,3,56,1,154,138,2025-01-30,2025-02-04,2025-02-04,2025-02-04 12:40:00,2025-02-07 22:47:02.347532
1374,20250417,20250422,15,125,1,496,474,2025-04-17,2025-04-23,2025-04-22,2025-04-22 15:25:00,2025-04-23 06:21:40.177200
1375,20250412,20250415,5,157,1,83,81,2025-04-12,2025-04-15,2025-04-15,2025-04-15 15:23:00,2025-04-16 22:47:58.483048
1376,20250919,20250929,7,38,3,125,115,2025-09-19,2025-09-29,2025-09-29,2025-09-29 15:19:00,2025-09-30 02:22:08.024551
1377,20250221,20250301,10,97,2,386,359,2025-02-21,2025-02-27,2025-03-01,2025-03-01 11:49:00,2025-03-03 09:41:27.795281
1378,20250329,20250405,4,137,2,113,111,2025-03-29,2025-04-05,2025-04-05,2025-04-05 14:10:00,2025-04-07 08:20:18.266022
1379,20250105,20250109,8,27,2,347,298,2025-01-05,2025-01-10,2025-01-09,2025-01-09 11:32:00,2025-01-11 04:15:42.745880
1380,20251113,20251119,11,170,3,277,261,2025-11-13,2025-11-19,2025-11-19,2025-11-19 13:46:00,2025-11-20 21:12:56.911244
1381,20250305,20250311,1,66,1,447,427,2025-03-05,2025-03-11,2025-03-11,2025-03-11 14:44:00,2025-03-12 23:54:12.792045
1382,20250426,20250507,7,167,3,41,36,2025-04-26,2025-05-03,2025-05-07,2025-05-07 09:16:00,2025-05-09 06:50:40.979224
1383,20250208,20250212,8,42,3,490,481,2025-02-08,2025-02-12,2025-02-12,2025-02-12 08:38:00,2025-02-15 00:52:05.986194
1384,20250122,20250129,15,82,1,447,401,2025-01-22,2025-01-26,2025-01-29,2025-01-29 12:10:00,2025-02-02 18:37:06.940908
1385,20250506,20250511,5,132,1,25,23,2025-05-06,2025-05-11,2025-05-11,2025-05-11 16:56:00,2025-05-13 07:06:45.156632
1386,20250212,20250219,1,113,1,239,235,2025-02-12,2025-02-19,2025-02-19,2025-02-19 15:32:00,2025-02-21 16:45:37.283902
1387,20250924,20251001,11,60,2,287,268,2025-09-24,2025-10-01,2025-10-01,2025-10-01 08:08:00,2025-10-03 17:55:34.012242
1388,20250813,20250823,4,152,3,255,247,2025-08-13,2025-08-21,2025-08-23,2025-08-23 17:26:00,2025-08-25 20:33:52.268416
1389,20251002,20251004,8,79,1,59,52,2025-10-02,2025-10-05,2025-10-04,2025-10-04 12:51:00,2025-10-05 04:59:52.478544
1390,20250727,20250731,9,88,3,410,362,2025-07-27,2025-07-31,2025-07-31,2025-07-31 15:27:00,2025-08-09 06:30:25.910307
1391,20251002,20251010,13,172,2,355,353,2025-10-02,2025-10-10,2025-10-10,2025-10-10 12:21:00,2025-10-11 10:54:22.456143
1392,20250916,20250920,15,145,2,40,38,2025-09-16,2025-09-21,2025-09-20,2025-09-20 10:15:00,2025-09-25 18:25:35.104462
1393,20250501,20250509,5,90,1,64,62,2025-05-01,2025-05-08,2025-05-09,2025-05-09 15:47:00,2025-05-11 02:53:19.280819
1394,20250510,20250513,8,78,2,256,255,2025-05-10,2025-05-13,2025-05-13,2025-05-13 12:00:00,2025-05-14 20:56:59.910960
1395,20250328,20250407,5,126,3,202,176,2025-03-28,2025-04-07,2025-04-07,2025-04-07 09:03:00,2025-04-09 16:08:17.471906
1396,20250610,20250621,8,132,2,125,119,2025-06-10,2025-06-16,2025-06-21,2025-06-21 14:45:00,2025-06-25 04:12:43.612731
1397,20250624,20250629,1,196,1,443,413,2025-06-24,2025-06-29,2025-06-29,2025-06-29 16:09:00,2025-07-02 15:25:36.083289
1398,20250605,20250612,14,128,1,327,279,2025-06-05,2025-06-09,2025-06-12,2025-06-12 12:16:00,2025-06-16 17:56:11.976895
1399,20250812,20250824,4,112,1,366,322,2025-08-12,2025-08-20,2025-08-24,2025-08-24 16:38:00,2025-08-25 16:12:12.081541
1400,20250819,20250824,2,162,3,414,356,2025-08-19,2025-08-24,2025-08-24,2025-08-24 16:15:00,2025-08-30 05:58:21.243744
1401,20250401,20250410,4,172,1,396,345,2025-04-01,2025-04-10,2025-04-10,2025-04-10 07:25:00,2025-04-11 15:02:54.591289
1402,20250115,20250123,15,164,1,154,139,2025-01-15,2025-01-22,2025-01-23,2025-01-23 08:05:00,2025-01-23 22:59:09.534672
1403,20250214,20250219,7,26,2,460,406,2025-02-14,2025-02-20,2025-02-19,2025-02-19 07:06:00,2025-02-23 10:02:22.990715
1404,20251126,20251128,12,80,3,352,350,2025-11-26,2025-11-29,2025-11-28,2025-11-28 08:50:00,2025-11-30 16:23:12.172209
1405,20250714,20250722,5,80,2,179,176,2025-07-14,2025-07-22,2025-07-22,2025-07-22 10:10:00,2025-07-22 21:20:23.563739
1406,20250627,20250630,14,5,3,309,289,2025-06-27,2025-07-01,2025-06-30,2025-06-30 08:56:00,2025-07-01 23:15:09.747951
1407,20250924,20250930,2,136,3,371,347,2025-09-24,2025-10-01,2025-09-30,2025-09-30 08:19:00,2025-10-03 02:20:32.054977
1408,20250625,20250629,7,147,1,395,375,2025-06-25,2025-06-29,2025-06-29,2025-06-29 10:09:00,2025-07-02 12:55:12.786390
1409,20250513,20250519,12,35,3,378,335,2025-05-13,2025-05-19,2025-05-19,2025-05-19 08:42:00,2025-05-22 10:10:40.734683
1410,20251112,20251120,9,156,2,394,375,2025-11-12,2025-11-20,2025-11-20,2025-11-20 15:37:00,2025-11-24 00:13:54.482983
1411,20250102,20250109,13,26,2,486,418,2025-01-02,2025-01-09,2025-01-09,2025-01-09 10:08:00,2025-01-11 09:51:23.589260
1412,20250317,20250319,8,161,1,169,164,2025-03-17,2025-03-20,2025-03-19,2025-03-19 13:07:00,2025-03-21 18:49:23.299275
1413,20250703,20250714,14,64,3,421,365,2025-07-03,2025-07-09,2025-07-14,2025-07-14 14:24:00,2025-07-15 14:53:45.110199
1414,20250511,20250517,9,16,1,357,334,2025-05-11,2025-05-18,2025-05-17,2025-05-17 13:11:00,2025-05-19 03:13:17.083055
1415,20250216,20250222,3,105,2,490,419,2025-02-16,2025-02-22,2025-02-22,2025-02-22 12:19:00,2025-02-24 07:56:56.543795
1416,20250310,20250313,7,155,1,421,370,2025-03-10,2025-03-13,2025-03-13,2025-03-13 11:34:00,2025-03-15 02:02:07.887345
1417,20251203,20251209,1,92,1,213,183,2025-12-03,2025-12-09,2025-12-09,2025-12-09 12:50:00,2025-12-18 08:35:59.747999
1418,20250316,20250327,14,46,2,413,409,2025-03-16,2025-03-24,2025-03-27,2025-03-27 08:55:00,2025-03-29 17:37:22.120944
1419,20251021,20251029,14,16,1,71,64,2025-10-21,2025-10-25,2025-10-29,2025-10-29 07:18:00,2025-11-01 10:53:01.088470
1420,20250917,20251001,11,5,2,31,29,2025-09-17,2025-09-26,2025-10-01,2025-10-01 07:46:00,2025-10-02 08:58:28.729543
1421,20250415,20250425,6,37,1,236,204,2025-04-15,2025-04-25,2025-04-25,2025-04-25 10:12:00,2025-04-26 02:09:00.256475
1422,20250517,20250525,15,179,1,300,277,2025-05-17,2025-05-25,2025-05-25,2025-05-25 16:54:00,2025-05-28 20:49:01.902764
1423,20250111,20250117,5,125,3,159,136,2025-01-11,2025-01-17,2025-01-17,2025-01-17 10:04:00,2025-01-20 12:06:59.122878
1424,20250612,20250617,2,36,1,127,108,2025-06-12,2025-06-17,2025-06-17,2025-06-17 13:43:00,2025-06-19 03:48:53.253146
1425,20251124,20251203,15,137,1,273,268,2025-11-24,2025-12-03,2025-12-03,2025-12-03 14:06:00,2025-12-05 01:35:59.095460
1426,20250922,20250927,14,101,2,430,417,2025-09-22,2025-09-27,2025-09-27,2025-09-27 13:58:00,2025-09-28 06:50:12.642971
1427,20250402,20250412,4,115,1,324,319,2025-04-02,2025-04-12,2025-04-12,2025-04-12 16:44:00,2025-04-14 13:41:15.639799
1428,20251201,20251215,9,61,1,135,126,2025-12-01,2025-12-10,2025-12-15,2025-12-15 12:42:00,2025-12-18 02:04:32.965229
1429,20250610,20250622,7,174,2,146,132,2025-06-10,2025-06-18,2025-06-22,2025-06-22 09:27:00,2025-06-24 07:55:30.265737
1430,20250224,20250303,12,176,1,376,345,2025-02-24,2025-03-03,2025-03-03,2025-03-03 11:28:00,2025-03-07 20:53:56.579151
1431,20250818,20250821,13,29,3,411,392,2025-08-18,2025-08-21,2025-08-21,2025-08-21 11:55:00,2025-08-22 08:02:43.928774
1432,20250402,20250412,11,50,2,172,146,2025-04-02,2025-04-11,2025-04-12,2025-04-12 11:09:00,2025-04-18 23:17:27.807933
1433,20250115,20250124,12,56,3,278,237,2025-01-15,2025-01-25,2025-01-24,2025-01-24 10:40:00,2025-01-25 10:17:09.079475
1434,20250427,20250502,11,52,2,247,232,2025-04-27,2025-05-02,2025-05-02,2025-05-02 12:46:00,2025-05-03 19:47:59.083278
1435,20250923,20251001,8,53,2,137,121,2025-09-23,2025-09-28,2025-10-01,2025-10-01 13:46:00,2025-10-02 12:51:01.365479
1436,20251113,20251122,6,26,1,56,55,2025-11-13,2025-11-22,2025-11-22,2025-11-22 08:25:00,2025-11-24 15:52:08.452275
1437,20250410,20250422,7,175,2,301,278,2025-04-10,2025-04-17,2025-04-22,2025-04-22 13:48:00,2025-04-23 19:33:31.445558
1438,20250526,20250603,8,41,2,342,316,2025-05-26,2025-06-03,2025-06-03,2025-06-03 15:08:00,2025-06-06 02:29:02.083902
1439,20250114,20250123,6,53,1,99,98,2025-01-14,2025-01-24,2025-01-23,2025-01-23 13:11:00,2025-01-24 05:40:17.433410
1440,20250311,20250323,11,200,1,474,451,2025-03-11,2025-03-18,2025-03-23,2025-03-23 15:33:00,2025-03-25 17:52:58.729608
1441,20251111,20251121,9,4,2,334,328,2025-11-11,2025-11-17,2025-11-21,2025-11-21 11:07:00,2025-11-22 09:24:33.935904
1442,20250212,20250218,1,106,1,452,402,2025-02-12,2025-02-18,2025-02-18,2025-02-18 13:26:00,2025-02-19 00:58:15.511712
1443,20250908,20250914,3,149,3,255,216,2025-09-08,2025-09-14,2025-09-14,2025-09-14 10:11:00,2025-09-17 02:29:17.671996
1444,20251003,20251006,4,199,1,226,192,2025-10-03,2025-10-06,2025-10-06,2025-10-06 14:13:00,2025-10-09 00:16:07.443396
1445,20251031,20251110,6,164,1,185,172,2025-10-31,2025-11-10,2025-11-10,2025-11-10 07:54:00,2025-11-11 12:58:27.069702
1446,20250515,20250518,6,29,1,342,339,2025-05-15,2025-05-19,2025-05-18,2025-05-18 09:18:00,2025-05-19 21:00:28.878306
1447,20250129,20250205,10,132,1,46,39,2025-01-29,2025-02-05,2025-02-05,2025-02-05 13:33:00,2025-02-06 09:37:12.515995
1448,20251024,20251030,14,112,2,71,69,2025-10-24,2025-10-30,2025-10-30,2025-10-30 11:59:00,2025-10-30 20:52:15.480264
1449,20251202,20251209,5,125,2,423,364,2025-12-02,2025-12-10,2025-12-09,2025-12-09 15:17:00,2025-12-11 07:08:54.891105
1450,20250528,20250605,7,122,2,359,337,2025-05-28,2025-06-05,2025-06-05,2025-06-05 10:23:00,2025-06-09 07:36:03.614757
1451,20250530,20250609,1,33,3,428,413,2025-05-30,2025-06-09,2025-06-09,2025-06-09 10:04:00,2025-06-11 07:30:25.474803
1452,20250527,20250603,9,13,2,360,316,2025-05-27,2025-06-03,2025-06-03,2025-06-03 10:26:00,2025-06-04 08:00:15.680369
1453,20250501,20250511,1,167,1,425,364,2025-05-01,2025-05-11,2025-05-11,2025-05-11 14:05:00,2025-05-12 21:38:25.053364
1454,20250425,20250430,4,108,2,198,168,2025-04-25,2025-04-30,2025-04-30,2025-04-30 14:15:00,2025-05-10 01:07:02.718144
1455,20250128,20250207,9,130,2,368,313,2025-01-28,2025-02-07,2025-02-07,2025-02-07 12:36:00,2025-02-10 19:53:03.439222
1456,20250805,20250816,6,60,2,415,358,2025-08-05,2025-08-12,2025-08-16,2025-08-16 09:27:00,2025-08-18 19:30:34.477613
1457,20250427,20250430,3,182,3,449,409,2025-04-27,2025-04-30,2025-04-30,2025-04-30 12:04:00,2025-04-30 14:13:20.763880
1458,20250102,20250106,12,24,3,448,411,2025-01-02,2025-01-07,2025-01-06,2025-01-06 12:07:00,2025-01-13 10:50:59.109200
1459,20251010,20251016,9,42,1,39,37,2025-10-10,2025-10-17,2025-10-16,2025-10-16 16:41:00,2025-10-18 16:36:13.099660
1460,20251002,20251011,11,161,3,318,276,2025-10-02,2025-10-09,2025-10-11,2025-10-11 13:25:00,2025-10-18 08:14:02.757463
1461,20250910,20250916,4,81,2,62,57,2025-09-10,2025-09-17,2025-09-16,2025-09-16 17:03:00,2025-09-17 16:42:43.736599
1462,20250112,20250120,15,197,3,462,458,2025-01-12,2025-01-19,2025-01-20,2025-01-20 16:23:00,2025-01-21 09:44:31.303870
1463,20250310,20250314,11,70,1,65,60,2025-03-10,2025-03-14,2025-03-14,2025-03-14 14:40:00,2025-03-16 16:16:41.454779
1464,20250123,20250203,14,152,3,41,38,2025-01-23,2025-01-29,2025-02-03,2025-02-03 14:16:00,2025-02-04 17:56:36.490263
1465,20250325,20250402,4,123,2,198,180,2025-03-25,2025-04-02,2025-04-02,2025-04-02 08:15:00,2025-04-06 13:59:33.768191
1466,20250102,20250106,5,111,1,39,36,2025-01-02,2025-01-07,2025-01-06,2025-01-06 07:08:00,2025-01-08 19:26:30.896623
1467,20251021,20251028,11,109,3,39,36,2025-10-21,2025-10-28,2025-10-28,2025-10-28 12:14:00,2025-10-31 22:02:08.483815
1468,20250226,20250228,9,125,1,349,308,2025-02-26,2025-03-01,2025-02-28,2025-02-28 09:17:00,2025-03-03 21:09:05.800810
1469,20250708,20250714,8,115,2,130,119,2025-07-08,2025-07-14,2025-07-14,2025-07-14 14:03:00,2025-07-15 12:12:46.807125
1470,20251017,20251024,10,65,1,131,125,2025-10-17,2025-10-25,2025-10-24,2025-10-24 13:35:00,2025-10-25 16:13:52.482701
1471,20250915,20250923,4,8,1,184,169,2025-09-15,2025-09-23,2025-09-23,2025-09-23 10:40:00,2025-09-24 16:21:01.771454
1472,20251116,20251124,14,178,1,435,425,2025-11-16,2025-11-24,2025-11-24,2025-11-24 13:51:00,2025-11-25 22:21:03.341072
1473,20250626,20250629,12,40,1,193,178,2025-06-26,2025-06-30,2025-06-29,2025-06-29 17:59:00,2025-07-05 15:14:51.891141
1474,20250318,20250322,11,144,1,98,85,2025-03-18,2025-03-21,2025-03-22,2025-03-22 10:22:00,2025-03-23 20:13:38.523910
1475,20251128,20251206,6,184,2,343,324,2025-11-28,2025-12-05,2025-12-06,2025-12-06 08:06:00,2025-12-07 09:33:04.074000
1476,20250509,20250514,10,102,1,400,374,2025-05-09,2025-05-14,2025-05-14,2025-05-14 17:40:00,2025-05-17 09:42:19.282677
1477,20251025,20251103,12,163,2,196,190,2025-10-25,2025-11-03,2025-11-03,2025-11-03 08:32:00,2025-11-05 02:42:49.463217
1478,20250625,20250628,13,200,2,235,213,2025-06-25,2025-06-29,2025-06-28,2025-06-28 12:43:00,2025-07-01 18:53:01.275449
1479,20250609,20250618,11,31,1,89,77,2025-06-09,2025-06-19,2025-06-18,2025-06-18 07:30:00,2025-06-21 01:26:32.989747
1480,20250308,20250321,3,46,2,23,20,2025-03-08,2025-03-17,2025-03-21,2025-03-21 08:32:00,2025-03-21 18:32:31.115895
1481,20250415,20250419,5,183,2,479,475,2025-04-15,2025-04-19,2025-04-19,2025-04-19 16:50:00,2025-04-20 20:54:54.421547
1482,20250415,20250421,13,28,3,381,345,2025-04-15,2025-04-21,2025-04-21,2025-04-21 13:02:00,2025-04-26 19:02:41.712729
1483,20250717,20250723,10,23,1,417,375,2025-07-17,2025-07-22,2025-07-23,2025-07-23 11:00:00,2025-07-29 06:21:46.491479
1484,20250403,20250412,1,157,2,68,66,2025-04-03,2025-04-12,2025-04-12,2025-04-12 17:04:00,2025-04-16 14:55:30.664017
1485,20250925,20251003,10,45,1,332,296,2025-09-25,2025-09-29,2025-10-03,2025-10-03 07:47:00,2025-10-04 03:38:58.274054
1486,20250225,20250303,6,102,3,472,457,2025-02-25,2025-03-04,2025-03-03,2025-03-03 17:38:00,2025-03-06 04:50:12.147337
1487,20250226,20250308,9,198,3,464,455,2025-02-26,2025-03-08,2025-03-08,2025-03-08 15:05:00,2025-03-10 12:22:41.462526
1488,20250407,20250414,4,30,1,482,463,2025-04-07,2025-04-14,2025-04-14,2025-04-14 17:42:00,2025-04-15 20:37:39.864899
1489,20250203,20250212,13,63,3,280,270,2025-02-03,2025-02-12,2025-02-12,2025-02-12 13:23:00,2025-02-13 09:09:53.452829
1490,20250510,20250518,5,77,2,302,257,2025-05-10,2025-05-18,2025-05-18,2025-05-18 09:48:00,2025-05-18 23:19:07.301813
1491,20250812,20250818,5,47,2,430,412,2025-08-12,2025-08-18,2025-08-18,2025-08-18 09:14:00,2025-08-19 12:21:27.797627
1492,20250108,20250117,13,161,1,364,332,2025-01-08,2025-01-17,2025-01-17,2025-01-17 14:13:00,2025-01-20 06:18:56.620824
1493,20250502,20250510,13,187,1,317,277,2025-05-02,2025-05-09,2025-05-10,2025-05-10 11:38:00,2025-05-13 23:44:19.047722
1494,20250821,20250828,4,55,2,483,477,2025-08-21,2025-08-28,2025-08-28,2025-08-28 16:13:00,2025-08-30 21:09:43.825927
1495,20250402,20250409,8,198,2,176,160,2025-04-02,2025-04-10,2025-04-09,2025-04-09 15:50:00,2025-04-10 11:22:13.719747
1496,20250928,20251010,7,92,1,384,347,2025-09-28,2025-10-06,2025-10-10,2025-10-10 09:54:00,2025-10-12 18:05:34.763073
1497,20250426,20250502,14,8,2,293,249,2025-04-26,2025-05-02,2025-05-02,2025-05-02 14:15:00,2025-05-06 00:49:54.896103
1498,20251104,20251111,2,55,1,49,48,2025-11-04,2025-11-11,2025-11-11,2025-11-11 15:11:00,2025-11-13 18:47:04.961895
1499,20250411,20250417,7,95,2,485,423,2025-04-11,2025-04-15,2025-04-17,2025-04-17 14:03:00,2025-04-18 23:52:04.768989
1500,20250116,20250122,7,109,2,55,47,2025-01-16,2025-01-20,2025-01-22,2025-01-22 17:36:00,2025-01-26 07:13:57.819083
1501,20250109,20250120,5,192,1,414,382,2025-01-09,2025-01-17,2025-01-20,2025-01-20 09:24:00,2025-01-23 09:28:38.887008
1502,20250625,20250630,14,178,1,359,309,2025-06-25,2025-06-30,2025-06-30,2025-06-30 13:21:00,2025-07-01 12:56:13.351333
1503,20251118,20251123,3,189,1,446,397,2025-11-18,2025-11-23,2025-11-23,2025-11-23 17:35:00,2025-11-25 15:45:57.758170
1504,20250518,20250524,13,89,1,334,319,2025-05-18,2025-05-23,2025-05-24,2025-05-24 10:30:00,2025-05-26 11:08:34.596524
1505,20250504,20250510,4,48,1,474,449,2025-05-04,2025-05-11,2025-05-10,2025-05-10 10:51:00,2025-05-13 00:16:04.507238
1506,20250904,20250907,3,29,1,209,185,2025-09-04,2025-09-07,2025-09-07,2025-09-07 07:29:00,2025-09-10 16:56:11.637480
1507,20250317,20250320,8,84,3,336,319,2025-03-17,2025-03-20,2025-03-20,2025-03-20 08:27:00,2025-03-22 01:46:00.154218
1508,20250529,20250608,4,127,2,468,423,2025-05-29,2025-06-04,2025-06-08,2025-06-08 13:27:00,2025-06-10 04:14:24.671903
1509,20250630,20250709,7,189,1,150,149,2025-06-30,2025-07-09,2025-07-09,2025-07-09 07:03:00,2025-07-10 18:15:25.628460
1510,20250512,20250521,12,155,1,182,173,2025-05-12,2025-05-22,2025-05-21,2025-05-21 12:34:00,2025-05-24 06:36:19.004360
1511,20250528,20250603,3,62,1,22,19,2025-05-28,2025-06-03,2025-06-03,2025-06-03 07:23:00,2025-06-03 20:40:03.938976
1512,20250522,20250525,11,162,2,27,25,2025-05-22,2025-05-25,2025-05-25,2025-05-25 14:14:00,2025-05-28 01:22:21.559213
1513,20251115,20251117,14,101,3,205,198,2025-11-15,2025-11-18,2025-11-17,2025-11-17 13:59:00,2025-11-17 21:12:01.836414
1514,20250419,20250503,11,161,1,487,475,2025-04-19,2025-04-29,2025-05-03,2025-05-03 10:11:00,2025-05-05 02:42:03.478769
1515,20250829,20250903,2,174,1,113,101,2025-08-29,2025-09-04,2025-09-03,2025-09-03 16:26:00,2025-09-05 05:54:26.518497
1516,20250323,20250404,4,189,2,410,375,2025-03-23,2025-04-02,2025-04-04,2025-04-04 14:19:00,2025-04-06 22:52:10.915483
1517,20250626,20250704,7,115,3,44,43,2025-06-26,2025-07-02,2025-07-04,2025-07-04 12:41:00,2025-07-06 13:44:09.144981
1518,20250629,20250708,13,193,1,251,238,2025-06-29,2025-07-08,2025-07-08,2025-07-08 07:26:00,2025-07-09 14:49:59.223956
1519,20250407,20250414,12,73,1,498,478,2025-04-07,2025-04-14,2025-04-14,2025-04-14 15:52:00,2025-04-19 12:20:45.436656
1520,20250104,20250109,13,146,1,142,121,2025-01-04,2025-01-09,2025-01-09,2025-01-09 10:34:00,2025-01-12 12:42:18.931039
1521,20250209,20250213,15,180,1,113,99,2025-02-09,2025-02-13,2025-02-13,2025-02-13 08:24:00,2025-02-14 22:26:59.661783
1522,20250324,20250331,9,102,2,411,372,2025-03-24,2025-03-31,2025-03-31,2025-03-31 09:37:00,2025-04-02 18:31:23.755521
1523,20250330,20250408,9,140,1,364,342,2025-03-30,2025-04-08,2025-04-08,2025-04-08 10:35:00,2025-04-09 08:02:44.181910
1524,20250813,20250823,4,184,1,380,357,2025-08-13,2025-08-23,2025-08-23,2025-08-23 10:42:00,2025-08-23 18:19:44.635546
1525,20250405,20250413,11,27,1,80,78,2025-04-05,2025-04-13,2025-04-13,2025-04-13 08:54:00,2025-04-14 15:35:16.871700
1526,20250601,20250605,7,9,2,121,114,2025-06-01,2025-06-06,2025-06-05,2025-06-05 08:15:00,2025-06-08 10:23:11.512750
1527,20250125,20250128,5,65,2,127,113,2025-01-25,2025-01-29,2025-01-28,2025-01-28 08:34:00,2025-02-01 02:03:44.581541
1528,20250706,20250712,8,128,1,302,286,2025-07-06,2025-07-12,2025-07-12,2025-07-12 08:30:00,2025-07-13 19:42:07.545936
1529,20250921,20250929,15,174,1,77,67,2025-09-21,2025-09-29,2025-09-29,2025-09-29 13:58:00,2025-09-30 03:45:42.892857
1530,20251130,20251204,15,159,2,320,302,2025-11-30,2025-12-04,2025-12-04,2025-12-04 14:19:00,2025-12-06 23:13:11.184243
1531,20251030,20251112,4,105,1,466,438,2025-10-30,2025-11-07,2025-11-12,2025-11-12 16:45:00,2025-11-13 00:56:05.478466
1532,20250919,20250928,7,90,2,453,396,2025-09-19,2025-09-24,2025-09-28,2025-09-28 11:13:00,2025-09-29 01:55:24.342996
1533,20251126,20251204,13,31,1,169,147,2025-11-26,2025-12-05,2025-12-04,2025-12-04 12:14:00,2025-12-07 04:45:05.052702
1534,20250922,20251001,3,123,1,397,340,2025-09-22,2025-10-01,2025-10-01,2025-10-01 07:05:00,2025-10-02 03:21:18.843526
1535,20250629,20250708,7,44,1,153,147,2025-06-29,2025-07-08,2025-07-08,2025-07-08 11:33:00,2025-07-10 18:52:09.543108
1536,20250610,20250614,10,70,2,249,225,2025-06-10,2025-06-14,2025-06-14,2025-06-14 17:28:00,2025-06-17 01:21:23.317516
1537,20250712,20250717,4,29,1,414,365,2025-07-12,2025-07-18,2025-07-17,2025-07-17 16:16:00,2025-07-18 14:28:53.640006
1538,20251001,20251006,6,120,1,252,232,2025-10-01,2025-10-06,2025-10-06,2025-10-06 13:49:00,2025-10-07 05:39:12.801393
1539,20250817,20250826,6,167,2,102,94,2025-08-17,2025-08-23,2025-08-26,2025-08-26 15:38:00,2025-09-03 04:06:42.201336
1540,20250118,20250128,13,44,2,189,166,2025-01-18,2025-01-28,2025-01-28,2025-01-28 14:11:00,2025-02-01 17:35:38.068123
1541,20250930,20251009,2,187,1,327,311,2025-09-30,2025-10-09,2025-10-09,2025-10-09 09:00:00,2025-10-10 11:46:05.659142
1542,20250817,20250822,11,130,3,325,309,2025-08-17,2025-08-22,2025-08-22,2025-08-22 09:03:00,2025-08-29 04:04:08.690247
1543,20251026,20251031,6,58,1,318,299,2025-10-26,2025-10-30,2025-10-31,2025-10-31 08:07:00,2025-11-03 15:22:20.444908
1544,20250610,20250619,12,60,2,285,265,2025-06-10,2025-06-19,2025-06-19,2025-06-19 11:25:00,2025-06-20 10:22:07.738842
1545,20250629,20250702,10,191,2,32,28,2025-06-29,2025-07-02,2025-07-02,2025-07-02 07:49:00,2025-07-05 19:31:54.951517
1546,20250419,20250503,3,2,1,325,321,2025-04-19,2025-04-28,2025-05-03,2025-05-03 15:11:00,2025-05-07 22:13:32.644999
1547,20250908,20250916,1,83,1,216,203,2025-09-08,2025-09-17,2025-09-16,2025-09-16 07:48:00,2025-09-18 18:48:01.098436
1548,20250303,20250312,7,111,1,251,219,2025-03-03,2025-03-09,2025-03-12,2025-03-12 08:18:00,2025-03-14 20:00:10.047291
1549,20251201,20251211,10,85,1,290,279,2025-12-01,2025-12-11,2025-12-11,2025-12-11 07:02:00,2025-12-13 09:01:41.039887
1550,20250814,20250818,12,196,1,90,84,2025-08-14,2025-08-18,2025-08-18,2025-08-18 13:37:00,2025-08-20 05:43:46.792864
1551,20250830,20250908,8,13,1,345,294,2025-08-30,2025-09-08,2025-09-08,2025-09-08 17:03:00,2025-09-10 02:28:23.943792
1552,20250615,20250625,6,176,1,157,139,2025-06-15,2025-06-24,2025-06-25,2025-06-25 15:09:00,2025-06-30 03:41:35.926807
1553,20250223,20250226,7,176,1,106,93,2025-02-23,2025-02-26,2025-02-26,2025-02-26 14:56:00,2025-03-01 00:12:59.171851
1554,20250112,20250122,1,73,2,269,249,2025-01-12,2025-01-22,2025-01-22,2025-01-22 13:19:00,2025-01-24 07:21:43.286591
1555,20250510,20250514,15,115,2,497,426,2025-05-10,2025-05-14,2025-05-14,2025-05-14 07:27:00,2025-05-15 00:03:22.912885
1556,20250901,20250904,15,55,1,27,26,2025-09-01,2025-09-04,2025-09-04,2025-09-04 07:01:00,2025-09-07 05:59:07.983809
1557,20250326,20250409,3,181,2,468,431,2025-03-26,2025-04-05,2025-04-09,2025-04-09 17:41:00,2025-04-17 12:15:34.802591
1558,20250320,20250323,4,132,1,81,72,2025-03-20,2025-03-23,2025-03-23,2025-03-23 10:36:00,2025-03-24 09:45:44.915387
1559,20250210,20250219,14,71,1,276,260,2025-02-10,2025-02-14,2025-02-19,2025-02-19 11:15:00,2025-02-20 14:34:07.638314
1560,20250422,20250502,6,139,2,121,103,2025-04-22,2025-05-02,2025-05-02,2025-05-02 11:43:00,2025-05-04 23:01:13.393952
1561,20250719,20250721,11,154,1,77,67,2025-07-19,2025-07-22,2025-07-21,2025-07-21 11:47:00,2025-07-26 19:05:20.140809
1562,20250908,20250918,13,19,2,51,45,2025-09-08,2025-09-15,2025-09-18,2025-09-18 14:19:00,2025-09-20 12:28:25.632126
1563,20251204,20251210,7,140,2,68,63,2025-12-04,2025-12-07,2025-12-10,2025-12-10 09:32:00,2025-12-12 16:20:21.456780
1564,20250118,20250123,13,47,1,39,35,2025-01-18,2025-01-23,2025-01-23,2025-01-23 08:10:00,2025-01-25 15:19:23.623161
1565,20250307,20250315,11,6,1,219,198,2025-03-07,2025-03-16,2025-03-15,2025-03-15 15:18:00,2025-03-16 22:59:44.025171
1566,20251129,20251212,5,141,1,270,256,2025-11-29,2025-12-09,2025-12-12,2025-12-12 07:54:00,2025-12-15 00:30:45.131224
1567,20250403,20250406,8,137,1,141,132,2025-04-03,2025-04-06,2025-04-06,2025-04-06 11:42:00,2025-04-07 12:10:55.877693
1568,20250806,20250813,5,65,3,441,407,2025-08-06,2025-08-12,2025-08-13,2025-08-13 11:28:00,2025-08-16 14:50:28.475455
1569,20250506,20250514,3,132,1,266,239,2025-05-06,2025-05-14,2025-05-14,2025-05-14 16:06:00,2025-05-18 04:18:15.264500
1570,20251007,20251016,4,110,3,280,262,2025-10-07,2025-10-16,2025-10-16,2025-10-16 12:02:00,2025-10-19 13:47:22.127930
1571,20250524,20250602,8,121,1,71,68,2025-05-24,2025-06-02,2025-06-02,2025-06-02 14:14:00,2025-06-08 03:28:36.867566
1572,20250520,20250524,7,25,3,117,110,2025-05-20,2025-05-25,2025-05-24,2025-05-24 10:44:00,2025-05-26 23:59:20.280523
1573,20250701,20250710,14,9,1,127,123,2025-07-01,2025-07-08,2025-07-10,2025-07-10 08:08:00,2025-07-10 10:23:18.086487
1574,20250718,20250724,2,126,2,444,425,2025-07-18,2025-07-25,2025-07-24,2025-07-24 13:51:00,2025-07-29 07:02:05.931668
1575,20250921,20251001,5,163,3,39,37,2025-09-21,2025-10-01,2025-10-01,2025-10-01 17:11:00,2025-10-03 12:43:54.090960
1576,20251105,20251112,15,187,1,109,93,2025-11-05,2025-11-12,2025-11-12,2025-11-12 17:30:00,2025-11-16 15:25:40.249139
1577,20250828,20250911,3,59,1,492,460,2025-08-28,2025-09-07,2025-09-11,2025-09-11 07:24:00,2025-09-12 22:33:55.577624
1578,20250828,20250904,11,178,1,437,421,2025-08-28,2025-09-03,2025-09-04,2025-09-04 17:54:00,2025-09-05 22:54:10.633395
1579,20250718,20250727,13,156,1,260,230,2025-07-18,2025-07-23,2025-07-27,2025-07-27 12:12:00,2025-07-29 09:09:07.136284
1580,20250703,20250711,10,114,1,493,478,2025-07-03,2025-07-11,2025-07-11,2025-07-11 17:50:00,2025-07-14 01:48:38.539646
1581,20250905,20250908,8,75,1,470,408,2025-09-05,2025-09-08,2025-09-08,2025-09-08 11:42:00,2025-09-09 13:24:36.018551
1582,20250127,20250202,2,62,1,378,361,2025-01-27,2025-02-02,2025-02-02,2025-02-02 17:58:00,2025-02-06 09:40:56.436071
1583,20250303,20250311,12,118,3,41,38,2025-03-03,2025-03-11,2025-03-11,2025-03-11 11:14:00,2025-03-12 06:37:36.682212
1584,20250831,20250908,2,187,1,88,84,2025-08-31,2025-09-09,2025-09-08,2025-09-08 13:28:00,2025-09-11 22:35:17.160557
1585,20250624,20250628,12,49,1,342,316,2025-06-24,2025-06-28,2025-06-28,2025-06-28 15:42:00,2025-07-01 06:21:52.608779
1586,20250803,20250812,10,29,2,234,213,2025-08-03,2025-08-12,2025-08-12,2025-08-12 10:16:00,2025-08-13 23:26:26.639477
1587,20250518,20250521,3,141,2,205,174,2025-05-18,2025-05-21,2025-05-21,2025-05-21 08:52:00,2025-05-30 03:32:49.082316
1588,20250804,20250810,9,118,2,340,335,2025-08-04,2025-08-10,2025-08-10,2025-08-10 09:13:00,2025-08-18 13:10:45.378860
1589,20250813,20250821,9,112,3,279,254,2025-08-13,2025-08-17,2025-08-21,2025-08-21 13:02:00,2025-08-22 12:15:54.336057
1590,20250203,20250207,8,163,2,253,241,2025-02-03,2025-02-08,2025-02-07,2025-02-07 08:46:00,2025-02-09 06:34:07.389884
1591,20250930,20251003,8,65,1,112,101,2025-09-30,2025-10-03,2025-10-03,2025-10-03 17:50:00,2025-10-04 23:51:41.869327
1592,20250314,20250317,12,200,1,30,25,2025-03-14,2025-03-17,2025-03-17,2025-03-17 17:49:00,2025-03-18 16:04:53.493910
1593,20250406,20250413,12,98,3,462,395,2025-04-06,2025-04-14,2025-04-13,2025-04-13 10:26:00,2025-04-14 19:02:46.945383
1594,20250105,20250117,6,31,2,319,310,2025-01-05,2025-01-13,2025-01-17,2025-01-17 13:47:00,2025-01-20 19:37:19.122740
1595,20250331,20250412,11,13,3,317,279,2025-03-31,2025-04-09,2025-04-12,2025-04-12 17:08:00,2025-04-13 18:21:14.464043
1596,20250523,20250529,12,82,2,203,195,2025-05-23,2025-05-29,2025-05-29,2025-05-29 07:36:00,2025-06-01 11:18:37.735417
1597,20250417,20250420,3,25,2,108,92,2025-04-17,2025-04-20,2025-04-20,2025-04-20 13:52:00,2025-04-22 03:35:36.665966
1598,20250613,20250621,13,44,2,445,415,2025-06-13,2025-06-21,2025-06-21,2025-06-21 11:55:00,2025-06-22 00:18:00.257077
1599,20250612,20250620,14,37,1,289,280,2025-06-12,2025-06-16,2025-06-20,2025-06-20 14:13:00,2025-06-21 00:21:33.972359
1600,20250512,20250515,10,100,2,54,50,2025-05-12,2025-05-15,2025-05-15,2025-05-15 08:10:00,2025-05-19 07:51:40.428378
1601,20250221,20250303,15,78,3,308,271,2025-02-21,2025-02-26,2025-03-03,2025-03-03 15:14:00,2025-03-04 10:20:43.052311
1602,20250420,20250429,1,13,1,241,229,2025-04-20,2025-04-29,2025-04-29,2025-04-29 10:12:00,2025-05-02 10:32:25.319677
1603,20250816,20250824,7,178,2,255,233,2025-08-16,2025-08-24,2025-08-24,2025-08-24 07:23:00,2025-08-27 05:23:43.747447
1604,20250821,20250903,15,176,3,315,313,2025-08-21,2025-08-31,2025-09-03,2025-09-03 08:06:00,2025-09-09 13:02:42.519634
1605,20250804,20250808,8,61,3,298,292,2025-08-04,2025-08-08,2025-08-08,2025-08-08 13:52:00,2025-08-09 13:42:39.588351
1606,20250506,20250512,15,12,1,24,21,2025-05-06,2025-05-09,2025-05-12,2025-05-12 09:41:00,2025-05-13 12:09:03.351737
1607,20250808,20250814,8,131,1,304,277,2025-08-08,2025-08-14,2025-08-14,2025-08-14 15:54:00,2025-08-19 01:25:49.030258
1608,20250504,20250509,2,123,3,179,175,2025-05-04,2025-05-10,2025-05-09,2025-05-09 08:10:00,2025-05-09 10:13:29.921158
1609,20250813,20250820,8,70,1,458,393,2025-08-13,2025-08-20,2025-08-20,2025-08-20 16:13:00,2025-08-22 04:38:49.016636
1610,20250320,20250402,11,20,1,239,217,2025-03-20,2025-03-28,2025-04-02,2025-04-02 12:51:00,2025-04-02 22:06:23.722909
1611,20251008,20251015,1,114,3,232,206,2025-10-08,2025-10-15,2025-10-15,2025-10-15 16:03:00,2025-10-17 00:57:30.601780
1612,20250117,20250126,3,32,2,395,357,2025-01-17,2025-01-26,2025-01-26,2025-01-26 16:11:00,2025-02-01 09:26:30.443850
1613,20250817,20250820,9,107,1,451,421,2025-08-17,2025-08-20,2025-08-20,2025-08-20 07:07:00,2025-08-21 02:01:23.387452
1614,20250830,20250912,5,18,1,263,228,2025-08-30,2025-09-09,2025-09-12,2025-09-12 07:13:00,2025-09-14 19:51:51.212160
1615,20250618,20250625,10,65,2,356,331,2025-06-18,2025-06-22,2025-06-25,2025-06-25 09:18:00,2025-06-27 08:15:15.696703
1616,20251112,20251120,4,57,1,278,271,2025-11-12,2025-11-21,2025-11-20,2025-11-20 12:42:00,2025-11-22 13:19:08.161746
1617,20250915,20250917,10,196,2,195,171,2025-09-15,2025-09-18,2025-09-17,2025-09-17 16:22:00,2025-09-18 07:52:57.573085
1618,20250205,20250213,8,143,2,351,324,2025-02-05,2025-02-13,2025-02-13,2025-02-13 12:56:00,2025-02-15 19:48:13.254090
1619,20250302,20250311,5,61,1,482,462,2025-03-02,2025-03-09,2025-03-11,2025-03-11 14:11:00,2025-03-12 12:02:32.674428
1620,20250605,20250608,8,56,1,473,444,2025-06-05,2025-06-08,2025-06-08,2025-06-08 14:29:00,2025-06-12 04:32:13.976224
1621,20250509,20250511,1,80,1,381,348,2025-05-09,2025-05-12,2025-05-11,2025-05-11 07:13:00,2025-05-14 06:47:07.495202
1622,20250501,20250509,12,129,1,72,69,2025-05-01,2025-05-09,2025-05-09,2025-05-09 14:15:00,2025-05-12 07:41:48.694832
1623,20251108,20251113,10,33,1,22,18,2025-11-08,2025-11-13,2025-11-13,2025-11-13 10:00:00,2025-11-14 07:16:23.788698
1624,20250318,20250325,5,139,2,123,119,2025-03-18,2025-03-25,2025-03-25,2025-03-25 11:19:00,2025-03-30 18:46:15.368216
1625,20250615,20250621,8,100,3,380,332,2025-06-15,2025-06-21,2025-06-21,2025-06-21 16:19:00,2025-06-23 08:21:04.282617
1626,20250509,20250515,6,95,1,413,400,2025-05-09,2025-05-15,2025-05-15,2025-05-15 10:37:00,2025-05-17 14:31:35.967755
1627,20251118,20251126,4,192,2,121,106,2025-11-18,2025-11-26,2025-11-26,2025-11-26 10:49:00,2025-11-30 11:35:03.878337
1628,20250509,20250514,2,157,1,474,409,2025-05-09,2025-05-14,2025-05-14,2025-05-14 12:14:00,2025-05-14 22:38:44.537283
1629,20250319,20250324,12,167,1,439,437,2025-03-19,2025-03-24,2025-03-24,2025-03-24 08:02:00,2025-03-31 16:29:03.245729
1630,20250715,20250722,14,3,1,256,238,2025-07-15,2025-07-22,2025-07-22,2025-07-22 09:29:00,2025-07-23 05:08:13.798074
1631,20250702,20250710,15,187,1,235,201,2025-07-02,2025-07-10,2025-07-10,2025-07-10 15:35:00,2025-07-15 14:04:28.161099
1632,20250812,20250820,2,18,1,457,424,2025-08-12,2025-08-20,2025-08-20,2025-08-20 14:29:00,2025-08-21 10:01:34.786697
1633,20250729,20250804,7,164,1,248,247,2025-07-29,2025-08-05,2025-08-04,2025-08-04 13:27:00,2025-08-05 10:02:17.663769
1634,20250103,20250108,1,178,1,215,193,2025-01-03,2025-01-08,2025-01-08,2025-01-08 13:23:00,2025-01-11 16:16:29.956378
1635,20251006,20251013,3,166,1,140,133,2025-10-06,2025-10-14,2025-10-13,2025-10-13 08:57:00,2025-10-14 20:31:28.744951
1636,20250616,20250630,11,140,2,278,273,2025-06-16,2025-06-25,2025-06-30,2025-06-30 15:00:00,2025-07-01 10:58:57.535400
1637,20250809,20250817,15,142,1,316,299,2025-08-09,2025-08-16,2025-08-17,2025-08-17 17:25:00,2025-08-17 21:46:49.522035
1638,20250404,20250410,11,156,2,48,47,2025-04-04,2025-04-10,2025-04-10,2025-04-10 17:37:00,2025-04-13 07:11:49.504659
1639,20250222,20250306,11,65,1,56,49,2025-02-22,2025-03-03,2025-03-06,2025-03-06 15:28:00,2025-03-10 20:48:33.684188
1640,20250216,20250221,14,164,2,24,22,2025-02-16,2025-02-22,2025-02-21,2025-02-21 10:13:00,2025-02-22 23:28:37.446681
1641,20250521,20250524,1,160,3,172,155,2025-05-21,2025-05-25,2025-05-24,2025-05-24 13:12:00,2025-05-28 04:06:39.509494
1642,20251108,20251111,6,48,1,378,370,2025-11-08,2025-11-11,2025-11-11,2025-11-11 13:04:00,2025-11-14 15:41:48.272978
1643,20250923,20251001,9,83,1,273,243,2025-09-23,2025-10-02,2025-10-01,2025-10-01 09:38:00,2025-10-05 15:07:29.195390
1644,20250502,20250506,9,121,3,132,123,2025-05-02,2025-05-06,2025-05-06,2025-05-06 16:26:00,2025-05-07 16:49:58.592685
1645,20250106,20250118,7,63,1,477,419,2025-01-06,2025-01-16,2025-01-18,2025-01-18 10:38:00,2025-01-21 16:19:24.705430
1646,20251109,20251114,9,147,3,483,476,2025-11-09,2025-11-14,2025-11-14,2025-11-14 17:22:00,2025-11-15 22:16:35.504873
1647,20250911,20250919,2,169,3,372,363,2025-09-11,2025-09-20,2025-09-19,2025-09-19 10:07:00,2025-09-21 21:05:49.265838
1648,20250129,20250207,4,73,3,175,161,2025-01-29,2025-02-08,2025-02-07,2025-02-07 10:23:00,2025-02-10 14:37:17.823553
1649,20250509,20250516,11,95,1,409,385,2025-05-09,2025-05-17,2025-05-16,2025-05-16 09:18:00,2025-05-18 04:36:39.659708
1650,20251203,20251208,12,89,2,85,78,2025-12-03,2025-12-08,2025-12-08,2025-12-08 16:21:00,2025-12-12 06:43:32.960418
1651,20250406,20250409,3,130,1,351,325,2025-04-06,2025-04-10,2025-04-09,2025-04-09 17:07:00,2025-04-11 18:42:35.876562
1652,20251109,20251118,5,13,1,96,84,2025-11-09,2025-11-18,2025-11-18,2025-11-18 14:02:00,2025-11-24 05:10:21.244092
1653,20250329,20250402,14,52,2,308,270,2025-03-29,2025-04-02,2025-04-02,2025-04-02 08:56:00,2025-04-04 04:08:42.364987
1654,20250207,20250214,5,151,2,154,148,2025-02-07,2025-02-12,2025-02-14,2025-02-14 15:02:00,2025-02-18 04:33:36.701775
1655,20250624,20250703,13,141,3,283,273,2025-06-24,2025-07-03,2025-07-03,2025-07-03 12:45:00,2025-07-06 18:45:28.595723
1656,20250113,20250122,8,78,1,437,414,2025-01-13,2025-01-22,2025-01-22,2025-01-22 07:07:00,2025-01-24 07:37:55.914326
1657,20250819,20250828,12,78,1,68,66,2025-08-19,2025-08-28,2025-08-28,2025-08-28 09:45:00,2025-08-30 07:25:01.370409
1658,20250522,20250528,10,127,3,290,251,2025-05-22,2025-05-28,2025-05-28,2025-05-28 15:27:00,2025-06-02 22:59:24.739858
1659,20250814,20250818,15,51,1,116,113,2025-08-14,2025-08-19,2025-08-18,2025-08-18 07:44:00,2025-08-20 06:26:22.158042
1660,20250126,20250129,3,126,2,321,288,2025-01-26,2025-01-30,2025-01-29,2025-01-29 09:16:00,2025-02-01 22:55:38.053879
1661,20250610,20250619,10,124,2,307,286,2025-06-10,2025-06-19,2025-06-19,2025-06-19 10:17:00,2025-06-21 05:11:27.805770
1662,20250527,20250601,14,126,1,180,179,2025-05-27,2025-06-01,2025-06-01,2025-06-01 08:43:00,2025-06-02 23:32:16.942957
1663,20250926,20251004,12,42,3,453,410,2025-09-26,2025-10-04,2025-10-04,2025-10-04 14:28:00,2025-10-05 18:58:36.266916
1664,20250329,20250408,15,192,1,460,433,2025-03-29,2025-04-08,2025-04-08,2025-04-08 15:31:00,2025-04-10 11:19:30.613342
1665,20250522,20250601,10,86,2,145,137,2025-05-22,2025-06-01,2025-06-01,2025-06-01 15:59:00,2025-06-05 08:00:50.094034
1666,20251120,20251127,9,186,1,400,391,2025-11-20,2025-11-27,2025-11-27,2025-11-27 07:20:00,2025-11-27 16:53:08.013933
1667,20250629,20250703,11,53,2,50,43,2025-06-29,2025-07-03,2025-07-03,2025-07-03 15:02:00,2025-07-03 18:00:35.588164
1668,20250802,20250808,2,138,1,210,194,2025-08-02,2025-08-08,2025-08-08,2025-08-08 10:56:00,2025-08-10 00:37:23.463319
1669,20250622,20250628,4,141,2,494,450,2025-06-22,2025-06-28,2025-06-28,2025-06-28 16:30:00,2025-06-29 14:32:28.473398
1670,20250330,20250406,12,115,3,218,198,2025-03-30,2025-04-06,2025-04-06,2025-04-06 13:45:00,2025-04-08 13:23:53.807186
1671,20250707,20250716,7,98,3,83,72,2025-07-07,2025-07-16,2025-07-16,2025-07-16 09:08:00,2025-07-17 08:01:09.813049
1672,20250810,20250825,11,3,2,155,147,2025-08-10,2025-08-20,2025-08-25,2025-08-25 13:08:00,2025-08-26 18:08:53.513771
1673,20250302,20250305,5,34,1,82,71,2025-03-02,2025-03-05,2025-03-05,2025-03-05 13:39:00,2025-03-06 03:26:10.045318
1674,20251124,20251204,5,153,2,495,468,2025-11-24,2025-12-04,2025-12-04,2025-12-04 08:05:00,2025-12-06 23:03:46.790242
1675,20250322,20250326,12,89,2,159,137,2025-03-22,2025-03-27,2025-03-26,2025-03-26 12:40:00,2025-03-30 12:30:11.285075
1676,20250110,20250114,14,8,2,122,112,2025-01-10,2025-01-14,2025-01-14,2025-01-14 11:51:00,2025-01-16 10:24:10.385007
1677,20250110,20250120,2,171,3,462,419,2025-01-10,2025-01-20,2025-01-20,2025-01-20 10:42:00,2025-01-25 19:20:39.552373
1678,20250502,20250513,12,43,1,168,159,2025-05-02,2025-05-12,2025-05-13,2025-05-13 11:23:00,2025-05-15 04:05:02.012603
1679,20250914,20250928,7,108,2,139,132,2025-09-14,2025-09-23,2025-09-28,2025-09-28 10:17:00,2025-09-28 23:29:35.411130
1680,20250925,20250930,1,71,3,70,67,2025-09-25,2025-09-30,2025-09-30,2025-09-30 07:10:00,2025-10-01 19:08:37.903783
1681,20250118,20250126,6,58,1,438,413,2025-01-18,2025-01-21,2025-01-26,2025-01-26 15:20:00,2025-01-30 06:45:22.062171
1682,20251023,20251028,5,46,2,236,225,2025-10-23,2025-10-29,2025-10-28,2025-10-28 14:52:00,2025-11-01 17:19:07.760094
1683,20250414,20250419,4,26,2,432,417,2025-04-14,2025-04-20,2025-04-19,2025-04-19 16:44:00,2025-04-23 22:51:04.034884
1684,20250809,20250821,14,3,3,213,199,2025-08-09,2025-08-18,2025-08-21,2025-08-21 16:14:00,2025-08-22 04:26:13.992954
1685,20250809,20250815,8,110,1,306,280,2025-08-09,2025-08-15,2025-08-15,2025-08-15 15:49:00,2025-08-16 02:02:20.414034
1686,20250313,20250318,14,137,1,98,88,2025-03-13,2025-03-18,2025-03-18,2025-03-18 08:04:00,2025-03-19 16:39:25.277538
1687,20251127,20251130,14,27,1,133,128,2025-11-27,2025-11-30,2025-11-30,2025-11-30 09:50:00,2025-12-10 08:01:15.951576
1688,20250618,20250622,6,64,2,464,403,2025-06-18,2025-06-23,2025-06-22,2025-06-22 07:07:00,2025-06-22 11:42:17.953879
1689,20250319,20250324,1,46,1,59,50,2025-03-19,2025-03-25,2025-03-24,2025-03-24 16:42:00,2025-03-26 06:55:57.917663
1690,20251204,20251212,9,111,2,283,250,2025-12-04,2025-12-12,2025-12-12,2025-12-12 11:51:00,2025-12-14 00:28:44.432540
1691,20250725,20250801,2,12,3,96,92,2025-07-25,2025-08-01,2025-08-01,2025-08-01 17:01:00,2025-08-03 13:11:02.000386
1692,20251128,20251202,7,48,2,223,220,2025-11-28,2025-12-02,2025-12-02,2025-12-02 09:49:00,2025-12-03 20:17:05.048347
1693,20250624,20250627,8,105,2,39,38,2025-06-24,2025-06-28,2025-06-27,2025-06-27 07:18:00,2025-07-01 18:02:36.111118
1694,20251201,20251210,5,200,1,347,333,2025-12-01,2025-12-10,2025-12-10,2025-12-10 13:25:00,2025-12-12 23:51:52.731325
1695,20250302,20250306,12,29,2,478,465,2025-03-02,2025-03-07,2025-03-06,2025-03-06 08:56:00,2025-03-06 20:41:45.329504
1696,20250908,20250918,7,37,1,215,214,2025-09-08,2025-09-14,2025-09-18,2025-09-18 09:33:00,2025-09-20 01:08:09.570340
1697,20250324,20250401,15,195,1,436,377,2025-03-24,2025-04-01,2025-04-01,2025-04-01 14:56:00,2025-04-07 18:37:20.044918
1698,20250127,20250208,15,197,3,295,278,2025-01-27,2025-02-04,2025-02-08,2025-02-08 11:33:00,2025-02-09 04:21:52.734566
1699,20250108,20250113,3,116,2,54,50,2025-01-08,2025-01-13,2025-01-13,2025-01-13 11:28:00,2025-01-13 16:16:58.991631
1700,20250930,20251004,12,43,2,477,475,2025-09-30,2025-10-04,2025-10-04,2025-10-04 09:00:00,2025-10-06 11:05:40.773776
1701,20250117,20250124,15,73,2,67,62,2025-01-17,2025-01-24,2025-01-24,2025-01-24 16:54:00,2025-01-26 01:44:59.652940
1702,20250628,20250704,14,138,2,175,170,2025-06-28,2025-07-04,2025-07-04,2025-07-04 11:44:00,2025-07-06 09:12:59.309475
1703,20250625,20250629,6,108,1,107,93,2025-06-25,2025-06-29,2025-06-29,2025-06-29 16:09:00,2025-07-03 21:54:09.709056
1704,20251005,20251014,14,153,1,299,256,2025-10-05,2025-10-14,2025-10-14,2025-10-14 14:39:00,2025-10-18 00:17:12.798653
1705,20251005,20251013,11,126,3,252,244,2025-10-05,2025-10-13,2025-10-13,2025-10-13 09:17:00,2025-10-15 07:18:49.878559
1706,20250325,20250402,15,10,1,314,291,2025-03-25,2025-04-02,2025-04-02,2025-04-02 14:29:00,2025-04-04 21:00:48.037742
1707,20250720,20250727,9,26,1,483,430,2025-07-20,2025-07-28,2025-07-27,2025-07-27 14:54:00,2025-08-06 20:49:17.793722
1708,20250615,20250620,15,174,2,387,331,2025-06-15,2025-06-20,2025-06-20,2025-06-20 08:24:00,2025-06-24 02:10:03.057290
1709,20250319,20250331,9,65,2,101,96,2025-03-19,2025-03-28,2025-03-31,2025-03-31 13:54:00,2025-04-03 03:55:40.551788
1710,20251007,20251017,12,175,2,45,42,2025-10-07,2025-10-17,2025-10-17,2025-10-17 10:20:00,2025-10-18 19:40:41.524375
1711,20250704,20250709,10,50,1,439,429,2025-07-04,2025-07-09,2025-07-09,2025-07-09 09:51:00,2025-07-11 04:21:00.054808
1712,20251012,20251024,7,108,2,189,174,2025-10-12,2025-10-22,2025-10-24,2025-10-24 09:08:00,2025-10-26 17:12:39.851939
1713,20250730,20250805,10,139,1,358,329,2025-07-30,2025-08-05,2025-08-05,2025-08-05 08:06:00,2025-08-06 09:27:39.618475
1714,20250208,20250214,6,81,3,125,108,2025-02-08,2025-02-15,2025-02-14,2025-02-14 09:02:00,2025-02-14 14:03:41.255757
1715,20250906,20250913,8,183,2,39,37,2025-09-06,2025-09-13,2025-09-13,2025-09-13 14:35:00,2025-09-14 14:58:48.359849
1716,20250615,20250618,11,59,2,434,382,2025-06-15,2025-06-19,2025-06-18,2025-06-18 17:15:00,2025-06-20 13:27:20.426247
1717,20250324,20250403,2,51,3,295,272,2025-03-24,2025-04-03,2025-04-03,2025-04-03 07:08:00,2025-04-03 12:44:10.775773
1718,20250702,20250707,5,90,1,208,198,2025-07-02,2025-07-05,2025-07-07,2025-07-07 16:23:00,2025-07-08 03:10:51.325642
1719,20251025,20251103,6,116,2,339,314,2025-10-25,2025-11-03,2025-11-03,2025-11-03 16:13:00,2025-11-08 17:43:40.008774
1720,20250807,20250815,12,124,1,109,105,2025-08-07,2025-08-15,2025-08-15,2025-08-15 15:13:00,2025-08-17 06:18:22.617749
1721,20250803,20250810,12,185,3,311,305,2025-08-03,2025-08-11,2025-08-10,2025-08-10 12:20:00,2025-08-12 10:44:05.929826
1722,20250314,20250324,15,114,1,189,174,2025-03-14,2025-03-24,2025-03-24,2025-03-24 16:38:00,2025-03-27 00:40:01.601433
1723,20250318,20250325,3,107,1,393,380,2025-03-18,2025-03-26,2025-03-25,2025-03-25 11:27:00,2025-03-25 17:30:31.298727
1724,20251006,20251010,8,174,1,97,84,2025-10-06,2025-10-11,2025-10-10,2025-10-10 12:14:00,2025-10-13 09:13:23.191236
1725,20250429,20250502,13,72,1,461,430,2025-04-29,2025-05-02,2025-05-02,2025-05-02 16:25:00,2025-05-03 09:05:40.680217
1726,20251020,20251030,1,65,3,90,83,2025-10-20,2025-10-30,2025-10-30,2025-10-30 11:33:00,2025-11-01 00:54:31.015514
1727,20250504,20250510,14,11,2,295,287,2025-05-04,2025-05-10,2025-05-10,2025-05-10 11:07:00,2025-05-11 11:46:40.154732
1728,20250624,20250630,13,3,1,128,123,2025-06-24,2025-06-30,2025-06-30,2025-06-30 12:37:00,2025-07-01 03:16:23.569942
1729,20250113,20250123,2,148,1,459,446,2025-01-13,2025-01-23,2025-01-23,2025-01-23 10:36:00,2025-01-24 13:50:15.833151
1730,20250824,20250902,12,110,1,332,288,2025-08-24,2025-09-02,2025-09-02,2025-09-02 09:02:00,2025-09-04 16:27:42.088104
1731,20250903,20250912,15,111,1,216,201,2025-09-03,2025-09-12,2025-09-12,2025-09-12 15:00:00,2025-09-16 13:17:40.423949
1732,20250727,20250803,14,183,1,291,275,2025-07-27,2025-08-04,2025-08-03,2025-08-03 07:02:00,2025-08-05 06:54:32.993018
1733,20250419,20250425,12,107,2,350,330,2025-04-19,2025-04-26,2025-04-25,2025-04-25 11:52:00,2025-04-26 00:21:56.501437
1734,20251130,20251204,8,99,3,386,379,2025-11-30,2025-12-04,2025-12-04,2025-12-04 17:54:00,2025-12-05 03:13:37.212217
1735,20250224,20250305,8,154,2,72,64,2025-02-24,2025-03-05,2025-03-05,2025-03-05 12:52:00,2025-03-07 22:46:12.805614
1736,20250930,20251004,4,96,2,63,53,2025-09-30,2025-10-04,2025-10-04,2025-10-04 11:34:00,2025-10-05 13:22:28.691092
1737,20250428,20250509,3,81,1,309,269,2025-04-28,2025-05-05,2025-05-09,2025-05-09 14:24:00,2025-05-11 18:21:06.705287
1738,20250108,20250115,15,70,1,214,213,2025-01-08,2025-01-14,2025-01-15,2025-01-15 15:00:00,2025-01-25 03:10:52.785962
1739,20250517,20250520,3,87,1,326,313,2025-05-17,2025-05-20,2025-05-20,2025-05-20 12:58:00,2025-05-21 14:35:10.617506
1740,20250802,20250804,14,175,2,294,283,2025-08-02,2025-08-05,2025-08-04,2025-08-04 14:18:00,2025-08-08 00:34:54.925468
1741,20251203,20251208,5,145,1,93,79,2025-12-03,2025-12-08,2025-12-08,2025-12-08 13:29:00,2025-12-09 23:46:18.482547
1742,20250219,20250304,11,190,1,471,427,2025-02-19,2025-02-28,2025-03-04,2025-03-04 07:17:00,2025-03-05 14:51:16.711623
1743,20250402,20250410,1,47,1,127,109,2025-04-02,2025-04-10,2025-04-10,2025-04-10 07:35:00,2025-04-22 18:19:27.865960
1744,20250213,20250224,13,111,1,464,441,2025-02-13,2025-02-20,2025-02-24,2025-02-24 11:50:00,2025-02-25 18:35:33.390825
1745,20250816,20250826,5,99,2,26,22,2025-08-16,2025-08-26,2025-08-26,2025-08-26 14:22:00,2025-09-01 07:01:24.201610
1746,20250716,20250725,9,70,1,148,141,2025-07-16,2025-07-23,2025-07-25,2025-07-25 12:29:00,2025-07-27 22:13:18.778031
1747,20250421,20250501,3,24,1,347,327,2025-04-21,2025-05-01,2025-05-01,2025-05-01 10:31:00,2025-05-03 11:44:31.702770
1748,20250414,20250419,15,9,1,57,49,2025-04-14,2025-04-19,2025-04-19,2025-04-19 11:48:00,2025-04-23 15:26:39.133502
1749,20250610,20250618,2,26,2,87,86,2025-06-10,2025-06-18,2025-06-18,2025-06-18 13:33:00,2025-06-23 08:10:27.204595
1750,20251010,20251016,10,73,2,73,68,2025-10-10,2025-10-16,2025-10-16,2025-10-16 14:17:00,2025-10-19 03:42:27.051252
1751,20250602,20250610,6,153,2,318,293,2025-06-02,2025-06-11,2025-06-10,2025-06-10 12:07:00,2025-06-12 18:06:23.306951
1752,20250510,20250513,1,49,1,237,230,2025-05-10,2025-05-13,2025-05-13,2025-05-13 10:38:00,2025-05-14 21:20:28.225751
1753,20250121,20250124,11,185,1,276,250,2025-01-21,2025-01-24,2025-01-24,2025-01-24 17:15:00,2025-01-27 07:20:19.827214
1754,20250112,20250116,13,150,3,231,209,2025-01-12,2025-01-16,2025-01-16,2025-01-16 12:39:00,2025-01-17 23:49:32.908086
1755,20250619,20250625,14,76,1,375,342,2025-06-19,2025-06-25,2025-06-25,2025-06-25 13:20:00,2025-06-28 17:58:25.798056
1756,20250703,20250712,13,70,1,216,187,2025-07-03,2025-07-10,2025-07-12,2025-07-12 11:06:00,2025-07-13 01:05:37.222349
1757,20250318,20250325,4,43,2,71,62,2025-03-18,2025-03-26,2025-03-25,2025-03-25 12:42:00,2025-04-04 03:45:52.018815
1758,20250813,20250825,9,19,2,199,194,2025-08-13,2025-08-23,2025-08-25,2025-08-25 15:19:00,2025-08-28 01:49:03.815510
1759,20250304,20250314,1,144,2,337,297,2025-03-04,2025-03-09,2025-03-14,2025-03-14 08:14:00,2025-03-18 04:53:01.745069
1760,20250407,20250411,3,158,1,86,80,2025-04-07,2025-04-11,2025-04-11,2025-04-11 15:11:00,2025-04-14 05:11:05.767399
1761,20250607,20250619,15,69,1,406,354,2025-06-07,2025-06-15,2025-06-19,2025-06-19 10:42:00,2025-06-21 01:56:32.971684
1762,20250617,20250624,15,40,1,499,450,2025-06-17,2025-06-25,2025-06-24,2025-06-24 15:34:00,2025-06-25 10:28:56.076048
1763,20250715,20250718,3,92,2,351,327,2025-07-15,2025-07-18,2025-07-18,2025-07-18 07:06:00,2025-07-19 12:18:05.278503
1764,20250105,20250112,15,175,2,174,166,2025-01-05,2025-01-12,2025-01-12,2025-01-12 12:03:00,2025-01-12 22:33:02.250033
1765,20250304,20250313,12,121,2,171,159,2025-03-04,2025-03-14,2025-03-13,2025-03-13 09:31:00,2025-03-15 23:14:06.111462
1766,20250916,20250925,1,171,1,327,299,2025-09-16,2025-09-25,2025-09-25,2025-09-25 10:30:00,2025-09-28 02:04:54.547415
1767,20250616,20250625,15,182,1,204,180,2025-06-16,2025-06-20,2025-06-25,2025-06-25 07:04:00,2025-06-27 17:19:40.038384
1768,20250420,20250428,1,51,1,495,446,2025-04-20,2025-04-28,2025-04-28,2025-04-28 12:55:00,2025-05-03 04:37:37.613215
1769,20250129,20250204,15,41,1,45,44,2025-01-29,2025-02-04,2025-02-04,2025-02-04 10:33:00,2025-02-04 12:58:32.581437
1770,20250512,20250517,12,159,1,372,322,2025-05-12,2025-05-17,2025-05-17,2025-05-17 07:30:00,2025-05-21 03:07:45.987198
1771,20250605,20250610,13,145,1,353,331,2025-06-05,2025-06-08,2025-06-10,2025-06-10 07:12:00,2025-06-11 00:53:43.392196
1772,20250809,20250816,3,41,2,308,303,2025-08-09,2025-08-16,2025-08-16,2025-08-16 09:30:00,2025-08-21 13:14:46.806765
1773,20251029,20251108,9,82,2,233,219,2025-10-29,2025-11-08,2025-11-08,2025-11-08 16:25:00,2025-11-16 22:32:34.806213
1774,20250104,20250112,11,187,1,457,435,2025-01-04,2025-01-07,2025-01-12,2025-01-12 07:00:00,2025-01-18 00:32:49.233390
1775,20250504,20250515,1,136,1,285,266,2025-05-04,2025-05-11,2025-05-15,2025-05-15 16:04:00,2025-05-16 12:25:36.856980
1776,20250813,20250821,13,12,2,281,241,2025-08-13,2025-08-22,2025-08-21,2025-08-21 13:41:00,2025-08-23 14:50:45.260228
1777,20250413,20250416,8,129,2,490,429,2025-04-13,2025-04-16,2025-04-16,2025-04-16 15:51:00,2025-04-17 05:20:18.330454
1778,20250224,20250304,2,76,3,212,183,2025-02-24,2025-03-04,2025-03-04,2025-03-04 14:59:00,2025-03-08 13:50:57.758304
1779,20250614,20250620,9,155,2,87,75,2025-06-14,2025-06-20,2025-06-20,2025-06-20 11:13:00,2025-06-22 14:36:23.573650
1780,20250203,20250210,12,47,1,306,297,2025-02-03,2025-02-10,2025-02-10,2025-02-10 14:26:00,2025-02-13 03:23:00.118412
1781,20250325,20250329,11,114,2,293,275,2025-03-25,2025-03-28,2025-03-29,2025-03-29 10:01:00,2025-04-01 08:10:52.367111
1782,20250220,20250226,15,86,1,420,409,2025-02-20,2025-02-23,2025-02-26,2025-02-26 07:46:00,2025-03-02 21:14:38.246585
1783,20250522,20250526,6,16,2,58,51,2025-05-22,2025-05-26,2025-05-26,2025-05-26 08:33:00,2025-05-30 03:23:45.130781
1784,20250809,20250817,1,117,1,491,446,2025-08-09,2025-08-17,2025-08-17,2025-08-17 07:45:00,2025-08-20 03:12:37.101157
1785,20250811,20250814,4,82,2,178,171,2025-08-11,2025-08-14,2025-08-14,2025-08-14 16:17:00,2025-08-17 18:15:17.915054
1786,20251016,20251024,1,183,2,165,149,2025-10-16,2025-10-24,2025-10-24,2025-10-24 13:47:00,2025-10-26 17:12:31.195905
1787,20250617,20250622,14,44,1,304,283,2025-06-17,2025-06-22,2025-06-22,2025-06-22 14:19:00,2025-06-23 23:10:58.151255
1788,20251103,20251106,8,77,2,189,185,2025-11-03,2025-11-06,2025-11-06,2025-11-06 10:19:00,2025-11-08 06:34:06.424660
1789,20250103,20250117,5,75,2,158,138,2025-01-03,2025-01-12,2025-01-17,2025-01-17 12:25:00,2025-01-21 18:44:48.843275
1790,20250704,20250708,9,98,1,144,141,2025-07-04,2025-07-09,2025-07-08,2025-07-08 11:54:00,2025-07-10 21:17:24.294815
1791,20250721,20250801,3,23,3,435,425,2025-07-21,2025-07-27,2025-08-01,2025-08-01 16:55:00,2025-08-06 10:53:04.021163
1792,20250702,20250705,9,119,1,166,152,2025-07-02,2025-07-05,2025-07-05,2025-07-05 13:34:00,2025-07-10 09:09:41.024270
1793,20250910,20250913,12,131,1,132,119,2025-09-10,2025-09-13,2025-09-13,2025-09-13 07:32:00,2025-09-17 17:59:14.329944
1794,20251025,20251103,7,1,3,478,458,2025-10-25,2025-11-03,2025-11-03,2025-11-03 12:51:00,2025-11-10 05:04:55.662297
1795,20250325,20250404,9,168,1,88,83,2025-03-25,2025-04-04,2025-04-04,2025-04-04 09:14:00,2025-04-11 22:06:46.271742
1796,20250118,20250131,6,142,2,60,54,2025-01-18,2025-01-28,2025-01-31,2025-01-31 10:28:00,2025-02-01 10:40:21.650268
1797,20251014,20251017,3,40,1,158,146,2025-10-14,2025-10-17,2025-10-17,2025-10-17 13:24:00,2025-10-18 13:14:48.921043
1798,20250515,20250521,11,174,1,480,428,2025-05-15,2025-05-21,2025-05-21,2025-05-21 08:10:00,2025-05-23 22:31:48.111185
1799,20250911,20250922,7,95,2,307,298,2025-09-11,2025-09-19,2025-09-22,2025-09-22 10:48:00,2025-09-23 09:01:51.330648
1800,20250105,20250110,13,62,2,212,207,2025-01-05,2025-01-10,2025-01-10,2025-01-10 12:11:00,2025-01-12 08:28:48.971212
1801,20251031,20251107,14,41,1,64,58,2025-10-31,2025-11-07,2025-11-07,2025-11-07 16:41:00,2025-11-10 12:16:41.125842
1802,20250701,20250710,10,133,1,497,454,2025-07-01,2025-07-10,2025-07-10,2025-07-10 08:07:00,2025-07-10 14:37:53.685720
1803,20250213,20250219,15,46,2,271,239,2025-02-13,2025-02-19,2025-02-19,2025-02-19 17:53:00,2025-02-20 15:39:58.859541
1804,20251023,20251030,5,28,3,394,337,2025-10-23,2025-10-30,2025-10-30,2025-10-30 09:35:00,2025-11-03 11:42:05.011998
1805,20251010,20251014,3,141,1,423,365,2025-10-10,2025-10-14,2025-10-14,2025-10-14 09:18:00,2025-10-16 04:27:36.806627
1806,20250423,20250506,14,94,1,398,364,2025-04-23,2025-05-02,2025-05-06,2025-05-06 12:58:00,2025-05-10 15:03:12.053862
1807,20250213,20250220,10,7,3,385,357,2025-02-13,2025-02-20,2025-02-20,2025-02-20 09:18:00,2025-02-25 13:19:12.482881
1808,20250916,20250919,2,85,2,182,175,2025-09-16,2025-09-19,2025-09-19,2025-09-19 12:14:00,2025-09-26 17:57:29.621547
1809,20250316,20250323,1,166,1,470,457,2025-03-16,2025-03-24,2025-03-23,2025-03-23 09:41:00,2025-03-29 02:33:50.144103
1810,20251115,20251122,15,26,1,176,172,2025-11-15,2025-11-22,2025-11-22,2025-11-22 15:04:00,2025-11-26 03:04:09.844881
1811,20250910,20250925,6,148,1,112,111,2025-09-10,2025-09-20,2025-09-25,2025-09-25 14:01:00,2025-09-29 02:47:04.699040
1812,20250531,20250612,11,147,2,422,397,2025-05-31,2025-06-07,2025-06-12,2025-06-12 07:20:00,2025-06-12 17:57:35.651814
1813,20251125,20251203,3,21,2,158,157,2025-11-25,2025-12-03,2025-12-03,2025-12-03 09:50:00,2025-12-06 04:50:59.867737
1814,20250827,20250831,6,170,1,395,392,2025-08-27,2025-08-31,2025-08-31,2025-08-31 13:08:00,2025-09-05 04:38:38.914430
1815,20250728,20250731,3,16,1,464,435,2025-07-28,2025-07-31,2025-07-31,2025-07-31 14:33:00,2025-08-02 11:18:22.144979
1816,20251202,20251210,15,102,2,320,304,2025-12-02,2025-12-10,2025-12-10,2025-12-10 13:45:00,2025-12-11 12:42:27.356500
1817,20250922,20250925,12,132,1,268,260,2025-09-22,2025-09-25,2025-09-25,2025-09-25 17:51:00,2025-09-26 20:00:38.112803
1818,20250917,20250922,14,134,2,482,453,2025-09-17,2025-09-23,2025-09-22,2025-09-22 15:54:00,2025-09-27 20:24:46.391775
1819,20250902,20250908,3,171,1,239,227,2025-09-02,2025-09-09,2025-09-08,2025-09-08 07:14:00,2025-09-08 19:17:56.631997
1820,20250531,20250604,8,49,1,96,88,2025-05-31,2025-06-04,2025-06-04,2025-06-04 13:56:00,2025-06-06 12:29:26.577429
1821,20250424,20250502,1,66,3,175,163,2025-04-24,2025-05-03,2025-05-02,2025-05-02 15:15:00,2025-05-03 06:08:00.195038
1822,20251202,20251211,11,88,1,275,255,2025-12-02,2025-12-08,2025-12-11,2025-12-11 13:37:00,2025-12-13 17:36:41.286117
1823,20251013,20251021,8,160,2,243,215,2025-10-13,2025-10-21,2025-10-21,2025-10-21 14:42:00,2025-10-23 17:44:28.400977
1824,20250215,20250220,8,117,1,339,317,2025-02-15,2025-02-21,2025-02-20,2025-02-20 16:29:00,2025-02-22 11:59:01.725085
1825,20250119,20250127,14,197,2,266,262,2025-01-19,2025-01-24,2025-01-27,2025-01-27 16:51:00,2025-01-28 01:21:49.850763
1826,20250908,20250918,6,71,1,321,285,2025-09-08,2025-09-16,2025-09-18,2025-09-18 17:12:00,2025-09-20 09:49:08.746463
1827,20251027,20251102,5,176,2,160,147,2025-10-27,2025-11-01,2025-11-02,2025-11-02 17:48:00,2025-11-06 19:38:36.316362
1828,20250502,20250505,11,21,1,143,124,2025-05-02,2025-05-05,2025-05-05,2025-05-05 14:33:00,2025-05-08 05:18:42.540989
1829,20250720,20250729,5,137,2,242,232,2025-07-20,2025-07-29,2025-07-29,2025-07-29 14:30:00,2025-07-30 20:33:26.475535
1830,20250413,20250420,13,47,1,463,437,2025-04-13,2025-04-20,2025-04-20,2025-04-20 12:33:00,2025-04-21 07:40:17.462685
1831,20250326,20250401,13,90,2,185,180,2025-03-26,2025-04-01,2025-04-01,2025-04-01 13:13:00,2025-04-04 10:27:20.306485
1832,20250609,20250617,1,103,1,43,39,2025-06-09,2025-06-17,2025-06-17,2025-06-17 11:30:00,2025-06-18 21:28:08.573631
1833,20251109,20251117,1,191,1,289,277,2025-11-09,2025-11-17,2025-11-17,2025-11-17 09:25:00,2025-11-21 06:38:54.207337
1834,20251026,20251104,4,142,3,418,407,2025-10-26,2025-11-04,2025-11-04,2025-11-04 13:16:00,2025-11-06 04:39:36.136135
1835,20250917,20250926,13,136,1,333,297,2025-09-17,2025-09-26,2025-09-26,2025-09-26 17:00:00,2025-09-27 17:26:14.961205
1836,20251006,20251010,7,101,1,219,217,2025-10-06,2025-10-10,2025-10-10,2025-10-10 11:00:00,2025-10-12 02:17:14.405905
1837,20250405,20250412,5,129,1,239,205,2025-04-05,2025-04-12,2025-04-12,2025-04-12 11:35:00,2025-04-14 07:58:03.244485
1838,20250903,20250907,9,73,1,476,460,2025-09-03,2025-09-08,2025-09-07,2025-09-07 16:57:00,2025-09-12 06:15:36.562012
1839,20251031,20251111,3,62,1,66,60,2025-10-31,2025-11-09,2025-11-11,2025-11-11 11:58:00,2025-11-12 23:33:53.101009
1840,20250922,20250925,12,162,1,128,125,2025-09-22,2025-09-25,2025-09-25,2025-09-25 11:04:00,2025-09-26 13:56:19.090980
1841,20251111,20251118,1,197,1,283,257,2025-11-11,2025-11-18,2025-11-18,2025-11-18 07:22:00,2025-11-19 21:01:22.357218
1842,20250406,20250409,13,81,3,418,381,2025-04-06,2025-04-09,2025-04-09,2025-04-09 09:00:00,2025-04-13 14:01:49.686378
1843,20250531,20250602,4,176,1,467,461,2025-05-31,2025-06-03,2025-06-02,2025-06-02 17:30:00,2025-06-03 18:49:32.377100
1844,20250909,20250917,5,188,3,316,278,2025-09-09,2025-09-17,2025-09-17,2025-09-17 11:30:00,2025-09-19 08:09:32.150067
1845,20251123,20251130,11,176,2,425,375,2025-11-23,2025-11-29,2025-11-30,2025-11-30 13:03:00,2025-12-04 05:50:36.921260
1846,20250326,20250331,13,129,2,122,107,2025-03-26,2025-04-01,2025-03-31,2025-03-31 14:33:00,2025-04-02 00:24:58.553362
1847,20250215,20250224,14,43,3,90,80,2025-02-15,2025-02-24,2025-02-24,2025-02-24 13:25:00,2025-02-25 10:10:59.596435
1848,20250611,20250616,11,146,1,385,351,2025-06-11,2025-06-17,2025-06-16,2025-06-16 17:32:00,2025-06-20 12:47:58.778083
1849,20250629,20250701,12,97,1,376,350,2025-06-29,2025-07-02,2025-07-01,2025-07-01 09:18:00,2025-07-04 00:45:28.044271
1850,20250225,20250305,1,186,1,463,447,2025-02-25,2025-03-05,2025-03-05,2025-03-05 14:23:00,2025-03-05 22:03:02.907434
1851,20250821,20250825,8,148,1,437,430,2025-08-21,2025-08-26,2025-08-25,2025-08-25 15:04:00,2025-08-26 20:04:18.164022
1852,20250122,20250201,7,128,1,93,90,2025-01-22,2025-02-01,2025-02-01,2025-02-01 17:39:00,2025-02-02 03:48:27.701424
1853,20250320,20250326,6,63,2,401,366,2025-03-20,2025-03-24,2025-03-26,2025-03-26 17:48:00,2025-04-03 09:13:05.820035
1854,20250223,20250308,7,19,1,478,456,2025-02-23,2025-03-04,2025-03-08,2025-03-08 17:06:00,2025-03-09 11:17:15.395661
1855,20250527,20250604,8,157,1,152,132,2025-05-27,2025-06-04,2025-06-04,2025-06-04 14:25:00,2025-06-06 00:35:08.740619
1856,20250405,20250408,13,133,2,103,90,2025-04-05,2025-04-08,2025-04-08,2025-04-08 12:20:00,2025-04-11 06:52:57.946428
1857,20250826,20250903,9,90,3,246,217,2025-08-26,2025-09-02,2025-09-03,2025-09-03 10:16:00,2025-09-04 05:08:23.102351
1858,20250825,20250828,7,161,3,163,146,2025-08-25,2025-08-28,2025-08-28,2025-08-28 09:42:00,2025-08-30 05:22:00.695687
1859,20250429,20250509,7,158,1,244,222,2025-04-29,2025-05-06,2025-05-09,2025-05-09 16:57:00,2025-05-12 05:49:15.595354
1860,20250111,20250124,6,169,1,169,144,2025-01-11,2025-01-21,2025-01-24,2025-01-24 16:33:00,2025-01-25 15:21:18.508598
1861,20250720,20250723,9,170,2,72,65,2025-07-20,2025-07-24,2025-07-23,2025-07-23 12:56:00,2025-07-24 09:22:29.124160
1862,20250915,20250924,14,113,1,356,346,2025-09-15,2025-09-19,2025-09-24,2025-09-24 09:36:00,2025-09-27 12:46:02.521980
1863,20250728,20250808,6,113,1,493,431,2025-07-28,2025-08-07,2025-08-08,2025-08-08 16:59:00,2025-08-10 04:10:39.097601
1864,20250422,20250505,8,177,3,237,232,2025-04-22,2025-05-01,2025-05-05,2025-05-05 12:29:00,2025-05-06 10:32:37.744834
1865,20250624,20250702,13,128,1,374,373,2025-06-24,2025-07-03,2025-07-02,2025-07-02 08:59:00,2025-07-08 13:55:16.801495
1866,20250910,20250916,6,120,2,105,99,2025-09-10,2025-09-16,2025-09-16,2025-09-16 15:38:00,2025-09-18 05:37:07.871801
1867,20250221,20250227,12,174,1,218,214,2025-02-21,2025-02-28,2025-02-27,2025-02-27 14:07:00,2025-03-03 05:19:32.938352
1868,20250710,20250718,9,159,2,414,405,2025-07-10,2025-07-17,2025-07-18,2025-07-18 13:29:00,2025-07-25 12:03:47.249141
1869,20250114,20250120,4,173,2,106,91,2025-01-14,2025-01-20,2025-01-20,2025-01-20 11:20:00,2025-01-22 16:05:34.045436
1870,20250918,20250924,13,105,1,136,133,2025-09-18,2025-09-24,2025-09-24,2025-09-24 17:46:00,2025-09-25 17:56:33.818797
1871,20250217,20250224,7,37,1,432,431,2025-02-17,2025-02-21,2025-02-24,2025-02-24 14:17:00,2025-02-27 03:17:09.748128
1872,20251104,20251112,8,94,3,212,201,2025-11-04,2025-11-12,2025-11-12,2025-11-12 11:16:00,2025-11-14 10:40:22.202262
1873,20250703,20250714,5,177,2,139,127,2025-07-03,2025-07-10,2025-07-14,2025-07-14 14:22:00,2025-07-15 07:47:03.598642
1874,20250327,20250330,10,55,1,272,267,2025-03-27,2025-03-30,2025-03-30,2025-03-30 09:56:00,2025-03-31 14:56:51.608096
1875,20251006,20251014,6,198,1,476,430,2025-10-06,2025-10-09,2025-10-14,2025-10-14 15:04:00,2025-10-19 05:56:29.093201
1876,20250923,20250929,3,108,1,442,386,2025-09-23,2025-09-29,2025-09-29,2025-09-29 14:00:00,2025-10-01 06:40:59.316525
1877,20250130,20250206,9,6,3,243,234,2025-01-30,2025-02-04,2025-02-06,2025-02-06 13:46:00,2025-02-07 00:05:37.898913
1878,20251118,20251130,1,160,1,98,86,2025-11-18,2025-11-28,2025-11-30,2025-11-30 17:57:00,2025-12-02 11:22:23.545397
1879,20250114,20250123,3,156,1,224,193,2025-01-14,2025-01-23,2025-01-23,2025-01-23 08:14:00,2025-01-24 21:38:58.629508
1880,20250704,20250712,2,197,3,85,76,2025-07-04,2025-07-12,2025-07-12,2025-07-12 07:34:00,2025-07-16 03:59:15.832397
1881,20250403,20250408,9,160,3,22,19,2025-04-03,2025-04-08,2025-04-08,2025-04-08 15:28:00,2025-04-09 12:58:35.028479
1882,20250416,20250429,11,144,1,181,158,2025-04-16,2025-04-24,2025-04-29,2025-04-29 15:43:00,2025-05-01 12:53:00.159526
1883,20251120,20251126,15,191,2,280,242,2025-11-20,2025-11-25,2025-11-26,2025-11-26 10:58:00,2025-11-30 07:45:16.303183
1884,20251130,20251203,12,37,1,193,175,2025-11-30,2025-12-04,2025-12-03,2025-12-03 14:30:00,2025-12-04 09:57:55.056292
1885,20250804,20250813,8,43,2,197,181,2025-08-04,2025-08-13,2025-08-13,2025-08-13 11:47:00,2025-08-19 18:23:28.103652
1886,20251018,20251027,4,166,1,421,396,2025-10-18,2025-10-27,2025-10-27,2025-10-27 11:27:00,2025-11-03 04:49:06.085861
1887,20250831,20250904,10,84,3,58,51,2025-08-31,2025-09-04,2025-09-04,2025-09-04 15:01:00,2025-09-06 19:45:04.168000
1888,20250913,20250916,13,178,1,301,270,2025-09-13,2025-09-17,2025-09-16,2025-09-16 07:16:00,2025-09-16 19:14:39.709597
1889,20251122,20251130,7,22,1,377,359,2025-11-22,2025-11-28,2025-11-30,2025-11-30 14:51:00,2025-12-05 07:31:08.380008
1890,20251112,20251121,3,71,2,128,124,2025-11-12,2025-11-21,2025-11-21,2025-11-21 09:14:00,2025-11-25 19:17:04.568592
1891,20250606,20250610,3,21,3,391,334,2025-06-06,2025-06-11,2025-06-10,2025-06-10 07:02:00,2025-06-13 05:49:29.519316
1892,20250402,20250410,15,149,2,289,274,2025-04-02,2025-04-10,2025-04-10,2025-04-10 17:53:00,2025-04-11 20:31:54.286704
1893,20250531,20250605,3,146,2,118,103,2025-05-31,2025-06-06,2025-06-05,2025-06-05 14:30:00,2025-06-08 17:46:19.090896
1894,20250617,20250625,2,194,1,29,25,2025-06-17,2025-06-26,2025-06-25,2025-06-25 11:36:00,2025-06-27 02:20:16.265654
1895,20250721,20250727,10,116,1,170,168,2025-07-21,2025-07-28,2025-07-27,2025-07-27 08:53:00,2025-07-28 18:58:55.061349
1896,20250930,20251008,11,195,1,354,348,2025-09-30,2025-10-04,2025-10-08,2025-10-08 13:15:00,2025-10-11 11:24:48.654875
1897,20251205,20251211,12,129,3,336,333,2025-12-05,2025-12-11,2025-12-11,2025-12-11 14:51:00,2025-12-12 23:10:30.813865
1898,20250919,20250929,11,199,2,49,43,2025-09-19,2025-09-25,2025-09-29,2025-09-29 15:10:00,2025-09-30 17:56:06.116540
1899,20251108,20251117,10,3,1,201,177,2025-11-08,2025-11-17,2025-11-17,2025-11-17 07:16:00,2025-11-20 11:28:37.955470
1900,20250728,20250801,9,102,3,406,387,2025-07-28,2025-08-02,2025-08-01,2025-08-01 14:03:00,2025-08-01 19:02:41.472024
1901,20250214,20250218,12,36,3,133,122,2025-02-14,2025-02-18,2025-02-18,2025-02-18 07:01:00,2025-02-19 07:05:59.559475
1902,20250112,20250122,2,65,2,361,310,2025-01-12,2025-01-22,2025-01-22,2025-01-22 07:29:00,2025-01-26 20:52:19.655929
1903,20250722,20250725,8,152,2,94,93,2025-07-22,2025-07-26,2025-07-25,2025-07-25 14:45:00,2025-07-26 11:30:59.405817
1904,20250407,20250417,1,111,1,433,386,2025-04-07,2025-04-13,2025-04-17,2025-04-17 07:12:00,2025-04-19 18:41:10.688577
1905,20250301,20250307,2,13,1,356,351,2025-03-01,2025-03-07,2025-03-07,2025-03-07 16:09:00,2025-03-09 11:01:05.029277
1906,20250406,20250412,1,67,1,416,355,2025-04-06,2025-04-12,2025-04-12,2025-04-12 15:27:00,2025-04-13 19:29:35.597849
1907,20250412,20250417,4,167,2,136,125,2025-04-12,2025-04-17,2025-04-17,2025-04-17 13:45:00,2025-04-19 20:17:10.375070
1908,20250806,20250813,13,135,2,458,407,2025-08-06,2025-08-13,2025-08-13,2025-08-13 10:39:00,2025-08-15 14:20:22.300896
1909,20250815,20250821,12,119,1,451,394,2025-08-15,2025-08-21,2025-08-21,2025-08-21 10:07:00,2025-08-22 11:38:29.423767
1910,20250803,20250808,2,77,2,277,257,2025-08-03,2025-08-09,2025-08-08,2025-08-08 15:30:00,2025-08-09 01:46:41.460945
1911,20250627,20250705,6,26,1,73,63,2025-06-27,2025-07-06,2025-07-05,2025-07-05 12:26:00,2025-07-07 06:48:29.963963
1912,20250611,20250620,5,153,1,155,139,2025-06-11,2025-06-21,2025-06-20,2025-06-20 13:18:00,2025-06-22 05:01:59.515213
1913,20250701,20250711,9,54,1,294,274,2025-07-01,2025-07-11,2025-07-11,2025-07-11 17:05:00,2025-07-13 23:37:37.411575
1914,20250102,20250111,10,115,1,284,275,2025-01-02,2025-01-11,2025-01-11,2025-01-11 15:00:00,2025-01-12 14:32:12.714010
1915,20251018,20251025,3,144,2,143,124,2025-10-18,2025-10-25,2025-10-25,2025-10-25 13:45:00,2025-10-28 21:57:44.717805
1916,20250103,20250114,14,72,1,360,306,2025-01-03,2025-01-13,2025-01-14,2025-01-14 09:23:00,2025-01-16 17:38:11.745652
1917,20250506,20250510,9,34,1,184,160,2025-05-06,2025-05-10,2025-05-10,2025-05-10 15:57:00,2025-05-15 06:56:00.264787
1918,20250318,20250320,1,58,2,281,245,2025-03-18,2025-03-21,2025-03-20,2025-03-20 14:26:00,2025-03-23 08:51:36.853858
1919,20250303,20250308,6,39,1,243,237,2025-03-03,2025-03-09,2025-03-08,2025-03-08 12:20:00,2025-03-10 14:06:32.912940
1920,20250906,20250913,5,153,2,410,402,2025-09-06,2025-09-13,2025-09-13,2025-09-13 09:27:00,2025-09-17 10:47:05.575172
1921,20250201,20250208,4,28,2,72,61,2025-02-01,2025-02-08,2025-02-08,2025-02-08 15:12:00,2025-02-10 04:45:27.949682
1922,20250731,20250809,5,40,1,26,25,2025-07-31,2025-08-08,2025-08-09,2025-08-09 08:54:00,2025-08-10 03:40:06.134144
1923,20250302,20250306,15,71,1,188,165,2025-03-02,2025-03-06,2025-03-06,2025-03-06 14:18:00,2025-03-07 19:40:20.373374
1924,20251019,20251029,11,31,1,43,40,2025-10-19,2025-10-25,2025-10-29,2025-10-29 16:56:00,2025-10-30 13:47:47.742402
1925,20250201,20250209,12,141,1,144,131,2025-02-01,2025-02-09,2025-02-09,2025-02-09 13:35:00,2025-02-11 00:51:23.157339
1926,20251122,20251127,8,52,1,178,152,2025-11-22,2025-11-28,2025-11-27,2025-11-27 15:59:00,2025-11-28 23:21:59.578882
1927,20250512,20250517,3,90,1,392,381,2025-05-12,2025-05-17,2025-05-17,2025-05-17 10:55:00,2025-05-18 08:46:19.564000
1928,20251201,20251209,13,192,2,48,46,2025-12-01,2025-12-09,2025-12-09,2025-12-09 10:26:00,2025-12-12 13:20:59.858067
1929,20250509,20250516,7,167,3,283,261,2025-05-09,2025-05-17,2025-05-16,2025-05-16 08:06:00,2025-05-19 13:13:43.155234
1930,20250703,20250706,7,130,1,405,395,2025-07-03,2025-07-06,2025-07-06,2025-07-06 14:16:00,2025-07-09 12:18:21.150765
1931,20250418,20250424,10,100,1,54,52,2025-04-18,2025-04-23,2025-04-24,2025-04-24 08:03:00,2025-04-25 08:46:38.917255
1932,20250419,20250422,4,155,1,65,62,2025-04-19,2025-04-23,2025-04-22,2025-04-22 14:02:00,2025-04-25 13:33:52.222767
1933,20250701,20250709,4,158,1,155,140,2025-07-01,2025-07-09,2025-07-09,2025-07-09 09:02:00,2025-07-11 08:22:17.406541
1934,20251015,20251021,10,67,3,203,185,2025-10-15,2025-10-21,2025-10-21,2025-10-21 16:24:00,2025-10-27 12:04:34.744459
1935,20250223,20250305,7,130,1,218,201,2025-02-23,2025-03-05,2025-03-05,2025-03-05 12:29:00,2025-03-13 09:31:26.751915
1936,20250125,20250207,3,19,2,322,291,2025-01-25,2025-02-02,2025-02-07,2025-02-07 08:12:00,2025-02-10 14:22:27.605781
1937,20250611,20250614,12,90,1,243,216,2025-06-11,2025-06-15,2025-06-14,2025-06-14 09:13:00,2025-06-15 06:58:53.948394
1938,20250923,20251002,15,198,3,183,157,2025-09-23,2025-10-01,2025-10-02,2025-10-02 15:42:00,2025-10-04 16:21:38.851681
1939,20250504,20250513,6,24,1,287,276,2025-05-04,2025-05-12,2025-05-13,2025-05-13 07:57:00,2025-05-16 01:06:32.242080
1940,20250526,20250531,6,134,3,422,373,2025-05-26,2025-06-01,2025-05-31,2025-05-31 13:11:00,2025-06-02 11:48:32.279614
1941,20251107,20251111,2,75,2,386,329,2025-11-07,2025-11-10,2025-11-11,2025-11-11 08:57:00,2025-11-14 07:08:43.298672
1942,20251124,20251130,11,67,2,102,86,2025-11-24,2025-11-30,2025-11-30,2025-11-30 16:00:00,2025-12-04 22:04:41.535088
1943,20251113,20251123,3,96,1,454,428,2025-11-13,2025-11-23,2025-11-23,2025-11-23 09:49:00,2025-11-25 17:56:51.137581
1944,20250328,20250405,8,164,1,471,448,2025-03-28,2025-04-05,2025-04-05,2025-04-05 07:42:00,2025-04-05 16:35:26.829496
1945,20250313,20250316,9,169,1,260,259,2025-03-13,2025-03-16,2025-03-16,2025-03-16 07:55:00,2025-03-18 22:31:26.302823
1946,20251013,20251018,1,32,2,453,430,2025-10-13,2025-10-17,2025-10-18,2025-10-18 08:55:00,2025-10-22 21:11:02.172031
1947,20250220,20250225,1,162,1,112,106,2025-02-20,2025-02-25,2025-02-25,2025-02-25 16:42:00,2025-02-27 20:14:30.660347
1948,20250822,20250831,8,187,1,244,232,2025-08-22,2025-08-31,2025-08-31,2025-08-31 07:02:00,2025-09-01 05:54:49.945257
1949,20250301,20250310,8,158,2,483,421,2025-03-01,2025-03-10,2025-03-10,2025-03-10 08:59:00,2025-03-11 21:54:02.712889
1950,20250502,20250506,5,32,3,233,229,2025-05-02,2025-05-06,2025-05-06,2025-05-06 12:13:00,2025-05-07 08:21:48.204487
1951,20250722,20250727,5,31,3,343,311,2025-07-22,2025-07-28,2025-07-27,2025-07-27 13:08:00,2025-07-28 05:05:28.010862
1952,20250806,20250816,9,112,2,237,218,2025-08-06,2025-08-14,2025-08-16,2025-08-16 12:53:00,2025-08-20 14:21:45.469334
1953,20250426,20250502,5,118,2,176,153,2025-04-26,2025-05-03,2025-05-02,2025-05-02 10:09:00,2025-05-02 20:55:58.228389
1954,20250921,20250929,11,189,2,69,60,2025-09-21,2025-09-25,2025-09-29,2025-09-29 10:29:00,2025-09-30 20:27:40.240058
1955,20250504,20250507,2,179,1,454,416,2025-05-04,2025-05-07,2025-05-07,2025-05-07 12:29:00,2025-05-10 09:44:34.468757
1956,20250904,20250909,9,187,2,102,92,2025-09-04,2025-09-09,2025-09-09,2025-09-09 08:21:00,2025-09-11 22:25:42.841646
1957,20250219,20250224,3,89,1,41,37,2025-02-19,2025-02-24,2025-02-24,2025-02-24 13:31:00,2025-02-24 18:21:24.533100
1958,20251129,20251210,15,157,1,359,307,2025-11-29,2025-12-07,2025-12-10,2025-12-10 08:40:00,2025-12-13 23:07:04.356134
1959,20250720,20250723,8,130,1,175,169,2025-07-20,2025-07-23,2025-07-23,2025-07-23 12:00:00,2025-07-23 23:21:45.819208
1960,20250703,20250713,14,176,1,247,224,2025-07-03,2025-07-11,2025-07-13,2025-07-13 13:37:00,2025-07-24 00:21:01.594743
1961,20250407,20250417,6,70,3,292,272,2025-04-07,2025-04-12,2025-04-17,2025-04-17 15:52:00,2025-04-21 06:34:37.937634
1962,20250330,20250407,1,65,1,78,75,2025-03-30,2025-04-07,2025-04-07,2025-04-07 11:25:00,2025-04-10 02:28:27.422237
1963,20250407,20250411,12,199,1,147,127,2025-04-07,2025-04-12,2025-04-11,2025-04-11 17:00:00,2025-04-15 04:39:52.325648
1964,20251001,20251005,4,133,3,126,113,2025-10-01,2025-10-06,2025-10-05,2025-10-05 12:03:00,2025-10-07 20:54:49.769531
1965,20251017,20251024,4,22,1,256,237,2025-10-17,2025-10-24,2025-10-24,2025-10-24 15:06:00,2025-10-25 11:50:19.997183
1966,20250626,20250705,11,164,3,289,264,2025-06-26,2025-07-01,2025-07-05,2025-07-05 08:41:00,2025-07-06 02:57:56.903043
1967,20250215,20250224,4,35,2,263,238,2025-02-15,2025-02-24,2025-02-24,2025-02-24 10:44:00,2025-02-26 14:14:54.806530
1968,20250130,20250201,10,199,1,51,50,2025-01-30,2025-02-02,2025-02-01,2025-02-01 11:17:00,2025-02-02 02:00:05.516539
1969,20250414,20250419,9,22,2,407,384,2025-04-14,2025-04-19,2025-04-19,2025-04-19 12:00:00,2025-04-22 00:29:36.956181
1970,20250725,20250802,6,10,1,320,305,2025-07-25,2025-08-02,2025-08-02,2025-08-02 07:15:00,2025-08-05 04:55:06.744902
1971,20250529,20250602,15,173,2,20,17,2025-05-29,2025-06-02,2025-06-02,2025-06-02 07:14:00,2025-06-03 13:18:57.383128
1972,20251014,20251022,6,195,3,172,171,2025-10-14,2025-10-21,2025-10-22,2025-10-22 09:32:00,2025-10-30 14:39:57.729058
1973,20250802,20250805,1,122,3,467,453,2025-08-02,2025-08-05,2025-08-05,2025-08-05 09:19:00,2025-08-09 04:48:01.249435
1974,20250823,20250831,8,102,1,61,57,2025-08-23,2025-09-01,2025-08-31,2025-08-31 08:08:00,2025-09-01 23:03:49.031977
1975,20250729,20250805,9,106,2,211,184,2025-07-29,2025-08-05,2025-08-05,2025-08-05 13:27:00,2025-08-08 20:26:25.471890
1976,20250704,20250713,5,174,1,166,144,2025-07-04,2025-07-13,2025-07-13,2025-07-13 16:50:00,2025-07-15 07:19:29.814061
1977,20250401,20250406,8,94,2,172,170,2025-04-01,2025-04-06,2025-04-06,2025-04-06 13:40:00,2025-04-07 08:34:19.922507
1978,20250224,20250305,1,37,1,261,237,2025-02-24,2025-03-05,2025-03-05,2025-03-05 14:57:00,2025-03-06 21:34:39.288568
1979,20250505,20250510,11,36,1,147,139,2025-05-05,2025-05-10,2025-05-10,2025-05-10 08:39:00,2025-05-11 02:09:30.391022
1980,20250720,20250728,2,18,2,274,237,2025-07-20,2025-07-28,2025-07-28,2025-07-28 17:27:00,2025-07-30 13:42:42.801113
1981,20250414,20250424,3,79,1,226,225,2025-04-14,2025-04-24,2025-04-24,2025-04-24 09:56:00,2025-04-26 14:57:39.299286
1982,20250914,20250917,10,176,1,342,301,2025-09-14,2025-09-17,2025-09-17,2025-09-17 17:19:00,2025-09-20 02:52:12.318329
1983,20250303,20250307,4,130,1,248,234,2025-03-03,2025-03-08,2025-03-07,2025-03-07 16:49:00,2025-03-09 13:43:35.449796
1984,20250907,20250915,9,89,2,484,449,2025-09-07,2025-09-14,2025-09-15,2025-09-15 16:45:00,2025-09-21 18:08:34.504750
1985,20251029,20251102,13,98,3,270,253,2025-10-29,2025-11-02,2025-11-02,2025-11-02 17:36:00,2025-11-05 19:36:06.630851
1986,20250928,20251008,7,98,2,417,391,2025-09-28,2025-10-08,2025-10-08,2025-10-08 08:55:00,2025-10-08 15:21:39.073127
1987,20250505,20250515,9,89,1,434,417,2025-05-05,2025-05-15,2025-05-15,2025-05-15 08:43:00,2025-05-19 11:54:09.849222
1988,20251019,20251025,7,106,2,341,328,2025-10-19,2025-10-25,2025-10-25,2025-10-25 16:08:00,2025-10-26 14:00:19.342638
1989,20250408,20250417,1,66,2,258,225,2025-04-08,2025-04-18,2025-04-17,2025-04-17 17:31:00,2025-04-19 12:29:12.973274
1990,20250312,20250318,10,87,1,342,331,2025-03-12,2025-03-15,2025-03-18,2025-03-18 07:55:00,2025-03-22 09:06:52.647296
1991,20250314,20250322,6,117,1,450,408,2025-03-14,2025-03-18,2025-03-22,2025-03-22 08:05:00,2025-03-23 09:19:21.215118
1992,20250523,20250530,4,35,1,51,45,2025-05-23,2025-05-31,2025-05-30,2025-05-30 14:00:00,2025-06-01 17:15:34.704622
1993,20250508,20250518,1,22,3,120,119,2025-05-08,2025-05-15,2025-05-18,2025-05-18 07:38:00,2025-05-19 10:20:01.892227
1994,20250816,20250827,13,11,1,22,19,2025-08-16,2025-08-22,2025-08-27,2025-08-27 11:31:00,2025-08-28 10:34:30.308083
1995,20250321,20250328,10,14,1,238,207,2025-03-21,2025-03-29,2025-03-28,2025-03-28 07:33:00,2025-04-01 12:06:24.126676
1996,20250916,20250920,3,7,1,362,328,2025-09-16,2025-09-20,2025-09-20,2025-09-20 11:24:00,2025-09-25 08:46:24.825733
1997,20250407,20250415,12,89,3,418,409,2025-04-07,2025-04-15,2025-04-15,2025-04-15 13:29:00,2025-04-16 10:53:16.877797
1998,20250127,20250205,12,131,2,170,151,2025-01-27,2025-02-05,2025-02-05,2025-02-05 10:51:00,2025-02-08 22:26:15.671203
1999,20250727,20250729,2,27,1,459,457,2025-07-27,2025-07-30,2025-07-29,2025-07-29 08:59:00,2025-07-30 19:52:28.175814
2000,20250704,20250713,11,15,3,97,86,2025-07-04,2025-07-14,2025-07-13,2025-07-13 13:29:00,2025-07-15 15:54:51.604394
2001,20250419,20250425,7,42,3,484,449,2025-04-19,2025-04-25,2025-04-25,2025-04-25 17:25:00,2025-04-26 05:26:47.984412
2002,20250524,20250529,12,58,2,78,69,2025-05-24,2025-05-30,2025-05-29,2025-05-29 14:49:00,2025-06-03 10:33:31.690266
2003,20251103,20251110,2,1,2,145,137,2025-11-03,2025-11-11,2025-11-10,2025-11-10 11:25:00,2025-11-13 22:14:29.307770
2004,20250407,20250412,13,56,2,50,44,2025-04-07,2025-04-12,2025-04-12,2025-04-12 11:41:00,2025-04-21 03:31:37.632220
2005,20251008,20251015,11,10,2,115,104,2025-10-08,2025-10-15,2025-10-15,2025-10-15 13:09:00,2025-10-18 04:51:24.814736
2006,20250217,20250227,9,50,2,171,147,2025-02-17,2025-02-27,2025-02-27,2025-02-27 10:25:00,2025-03-01 20:04:11.728950
2007,20250224,20250306,4,127,3,280,249,2025-02-24,2025-03-06,2025-03-06,2025-03-06 10:38:00,2025-03-11 23:29:57.575235
2008,20251009,20251014,6,67,3,193,165,2025-10-09,2025-10-14,2025-10-14,2025-10-14 11:41:00,2025-10-16 21:46:09.307107
2009,20250528,20250605,13,159,1,373,330,2025-05-28,2025-06-06,2025-06-05,2025-06-05 09:20:00,2025-06-07 09:11:28.130134
2010,20250205,20250210,4,15,2,317,279,2025-02-05,2025-02-11,2025-02-10,2025-02-10 14:49:00,2025-02-12 12:50:50.027964
2011,20250302,20250307,8,155,2,435,388,2025-03-02,2025-03-08,2025-03-07,2025-03-07 17:08:00,2025-03-09 07:37:40.277334
2012,20250917,20250924,3,18,3,464,434,2025-09-17,2025-09-24,2025-09-24,2025-09-24 13:04:00,2025-09-29 05:02:59.785594
2013,20250126,20250129,10,196,3,143,130,2025-01-26,2025-01-29,2025-01-29,2025-01-29 08:50:00,2025-01-30 13:31:44.324760
2014,20250526,20250530,8,68,3,499,435,2025-05-26,2025-05-30,2025-05-30,2025-05-30 12:24:00,2025-06-03 17:50:18.156058
2015,20250628,20250707,5,56,2,273,236,2025-06-28,2025-07-07,2025-07-07,2025-07-07 14:02:00,2025-07-13 02:09:14.550246
2016,20250110,20250118,8,183,2,240,226,2025-01-10,2025-01-18,2025-01-18,2025-01-18 16:45:00,2025-01-19 16:06:58.334376
2017,20250326,20250329,3,49,2,220,188,2025-03-26,2025-03-29,2025-03-29,2025-03-29 07:28:00,2025-04-01 16:53:10.151862
2018,20251107,20251114,8,68,2,484,478,2025-11-07,2025-11-14,2025-11-14,2025-11-14 08:23:00,2025-11-14 17:48:48.200105
2019,20250208,20250215,11,200,2,307,306,2025-02-08,2025-02-16,2025-02-15,2025-02-15 13:50:00,2025-02-16 17:58:51.788637
2020,20250825,20250904,7,101,1,417,370,2025-08-25,2025-09-03,2025-09-04,2025-09-04 11:47:00,2025-09-07 03:32:55.886010
2021,20250730,20250805,3,35,2,121,113,2025-07-30,2025-08-05,2025-08-05,2025-08-05 17:56:00,2025-08-07 05:01:36.259584
2022,20250926,20251004,12,12,3,41,35,2025-09-26,2025-10-04,2025-10-04,2025-10-04 09:59:00,2025-10-10 09:03:27.802921
2023,20250704,20250718,7,19,2,156,143,2025-07-04,2025-07-13,2025-07-18,2025-07-18 07:47:00,2025-07-19 02:02:02.683056
2024,20251031,20251103,13,106,3,417,381,2025-10-31,2025-11-03,2025-11-03,2025-11-03 16:49:00,2025-11-08 11:28:00.287647
2025,20250216,20250221,13,168,3,219,197,2025-02-16,2025-02-21,2025-02-21,2025-02-21 11:01:00,2025-02-23 16:16:57.037671
2026,20250215,20250221,11,35,1,213,209,2025-02-15,2025-02-18,2025-02-21,2025-02-21 09:02:00,2025-02-22 12:38:02.817819
2027,20250122,20250129,10,62,1,308,279,2025-01-22,2025-01-30,2025-01-29,2025-01-29 13:24:00,2025-02-01 19:23:55.077903
2028,20250424,20250502,10,48,1,28,24,2025-04-24,2025-05-02,2025-05-02,2025-05-02 16:14:00,2025-05-06 07:46:48.714829
2029,20250711,20250715,12,95,3,434,421,2025-07-11,2025-07-16,2025-07-15,2025-07-15 14:11:00,2025-07-22 02:06:23.576631
2030,20250913,20250918,1,171,1,435,407,2025-09-13,2025-09-18,2025-09-18,2025-09-18 10:28:00,2025-09-25 03:06:43.098174
2031,20250829,20250905,8,84,1,85,80,2025-08-29,2025-09-06,2025-09-05,2025-09-05 11:27:00,2025-09-12 07:40:40.901485
2032,20250828,20250905,4,38,1,55,47,2025-08-28,2025-08-31,2025-09-05,2025-09-05 08:42:00,2025-09-06 06:45:32.385683
2033,20250924,20250929,2,163,3,189,179,2025-09-24,2025-09-29,2025-09-29,2025-09-29 08:49:00,2025-09-30 03:06:12.434028
2034,20250704,20250711,7,67,2,74,70,2025-07-04,2025-07-11,2025-07-11,2025-07-11 07:45:00,2025-07-12 03:26:06.814988
2035,20250227,20250302,14,73,1,404,346,2025-02-27,2025-03-02,2025-03-02,2025-03-02 15:14:00,2025-03-05 09:49:21.497407
2036,20250623,20250630,5,52,3,277,271,2025-06-23,2025-06-30,2025-06-30,2025-06-30 13:38:00,2025-07-05 16:07:50.189072
2037,20250528,20250601,12,121,1,268,259,2025-05-28,2025-06-01,2025-06-01,2025-06-01 08:05:00,2025-06-02 15:17:46.729818
2038,20251007,20251015,4,132,1,99,89,2025-10-07,2025-10-11,2025-10-15,2025-10-15 10:04:00,2025-10-16 07:38:31.902244
2039,20250602,20250605,12,123,1,101,88,2025-06-02,2025-06-05,2025-06-05,2025-06-05 07:01:00,2025-06-07 03:36:32.417010
2040,20250518,20250523,2,70,2,201,181,2025-05-18,2025-05-23,2025-05-23,2025-05-23 15:23:00,2025-05-26 06:56:03.553853
2041,20250302,20250307,3,39,3,439,392,2025-03-02,2025-03-07,2025-03-07,2025-03-07 10:01:00,2025-03-08 01:21:14.850808
2042,20251128,20251203,14,2,1,110,95,2025-11-28,2025-12-04,2025-12-03,2025-12-03 08:00:00,2025-12-05 23:46:33.362977
2043,20250512,20250518,2,125,1,416,391,2025-05-12,2025-05-15,2025-05-18,2025-05-18 16:57:00,2025-05-19 12:13:10.448948
2044,20250314,20250323,6,97,2,108,104,2025-03-14,2025-03-22,2025-03-23,2025-03-23 14:13:00,2025-03-24 04:08:58.154559
2045,20250325,20250330,10,112,2,89,82,2025-03-25,2025-03-30,2025-03-30,2025-03-30 08:14:00,2025-04-02 10:33:42.798845
2046,20250302,20250311,11,32,1,51,49,2025-03-02,2025-03-06,2025-03-11,2025-03-11 11:51:00,2025-03-11 19:16:42.184998
2047,20251009,20251015,15,6,2,260,251,2025-10-09,2025-10-15,2025-10-15,2025-10-15 13:19:00,2025-10-17 01:10:18.876706
2048,20250616,20250625,15,145,3,347,338,2025-06-16,2025-06-24,2025-06-25,2025-06-25 14:34:00,2025-06-26 04:52:23.703580
2049,20250814,20250821,2,184,3,165,154,2025-08-14,2025-08-21,2025-08-21,2025-08-21 08:38:00,2025-08-25 16:30:01.001733
2050,20250425,20250509,4,55,2,130,128,2025-04-25,2025-05-04,2025-05-09,2025-05-09 10:44:00,2025-05-13 08:48:32.211946
2051,20250829,20250905,10,8,1,209,207,2025-08-29,2025-09-03,2025-09-05,2025-09-05 17:22:00,2025-09-10 06:36:58.075961
2052,20251023,20251101,9,104,2,351,340,2025-10-23,2025-11-01,2025-11-01,2025-11-01 10:06:00,2025-11-02 18:18:52.897759
2053,20251119,20251130,7,77,1,26,23,2025-11-19,2025-11-27,2025-11-30,2025-11-30 15:10:00,2025-12-03 04:02:44.803096
2054,20250304,20250307,9,190,3,211,205,2025-03-04,2025-03-07,2025-03-07,2025-03-07 13:07:00,2025-03-10 18:40:01.450491
2055,20250924,20251003,13,25,3,101,96,2025-09-24,2025-09-28,2025-10-03,2025-10-03 07:31:00,2025-10-05 03:36:36.353671
2056,20250606,20250616,5,108,1,173,155,2025-06-06,2025-06-16,2025-06-16,2025-06-16 14:11:00,2025-06-18 08:32:04.061475
2057,20250219,20250224,13,42,2,325,292,2025-02-19,2025-02-25,2025-02-24,2025-02-24 15:34:00,2025-02-26 12:37:29.341597
2058,20251110,20251114,10,179,1,478,440,2025-11-10,2025-11-15,2025-11-14,2025-11-14 11:01:00,2025-11-17 16:10:11.182079
2059,20250619,20250628,2,147,2,388,387,2025-06-19,2025-06-29,2025-06-28,2025-06-28 08:08:00,2025-06-29 09:37:32.684223
2060,20250111,20250116,7,70,2,115,106,2025-01-11,2025-01-16,2025-01-16,2025-01-16 11:48:00,2025-01-16 16:57:15.840732
2061,20250107,20250116,10,2,1,408,347,2025-01-07,2025-01-16,2025-01-16,2025-01-16 13:40:00,2025-01-19 14:17:52.053366
2062,20250114,20250119,13,195,2,429,404,2025-01-14,2025-01-19,2025-01-19,2025-01-19 15:39:00,2025-01-24 15:13:33.672700
2063,20250421,20250501,3,102,2,74,70,2025-04-21,2025-05-01,2025-05-01,2025-05-01 14:52:00,2025-05-02 06:32:34.651459
2064,20250701,20250711,4,163,1,303,267,2025-07-01,2025-07-11,2025-07-11,2025-07-11 15:20:00,2025-07-16 00:44:36.431056
2065,20250912,20250920,3,18,1,249,228,2025-09-12,2025-09-21,2025-09-20,2025-09-20 14:57:00,2025-09-23 11:44:37.285175
2066,20250223,20250302,5,143,1,50,44,2025-02-23,2025-03-02,2025-03-02,2025-03-02 17:55:00,2025-03-05 23:12:41.229368
2067,20250912,20250922,8,15,1,250,233,2025-09-12,2025-09-22,2025-09-22,2025-09-22 10:08:00,2025-09-27 16:53:10.607497
2068,20250503,20250511,3,21,1,243,231,2025-05-03,2025-05-12,2025-05-11,2025-05-11 11:37:00,2025-05-11 23:58:59.214287
2069,20250428,20250505,14,87,1,439,409,2025-04-28,2025-05-05,2025-05-05,2025-05-05 17:39:00,2025-05-08 16:58:51.458380
2070,20250831,20250909,2,155,1,229,210,2025-08-31,2025-09-09,2025-09-09,2025-09-09 09:50:00,2025-09-12 14:46:23.553831
2071,20250625,20250704,4,58,2,225,220,2025-06-25,2025-07-04,2025-07-04,2025-07-04 12:11:00,2025-07-09 21:53:14.276392
2072,20250314,20250326,1,40,1,429,392,2025-03-14,2025-03-21,2025-03-26,2025-03-26 10:01:00,2025-03-29 01:31:21.740461
2073,20251117,20251125,14,160,1,211,192,2025-11-17,2025-11-25,2025-11-25,2025-11-25 10:01:00,2025-11-30 01:01:53.378298
2074,20250625,20250628,2,25,1,459,436,2025-06-25,2025-06-28,2025-06-28,2025-06-28 14:53:00,2025-06-29 05:55:26.764951
2075,20250625,20250702,7,41,1,80,69,2025-06-25,2025-07-01,2025-07-02,2025-07-02 15:46:00,2025-07-02 17:46:00.000000
2076,20250915,20250925,1,99,1,433,414,2025-09-15,2025-09-25,2025-09-25,2025-09-25 11:33:00,2025-09-26 07:05:20.979309
2077,20250119,20250124,14,88,2,149,139,2025-01-19,2025-01-23,2025-01-24,2025-01-24 08:10:00,2025-01-25 00:59:52.435530
2078,20251101,20251107,2,55,3,422,400,2025-11-01,2025-11-08,2025-11-07,2025-11-07 13:37:00,2025-11-11 17:19:35.704643
2079,20251014,20251017,10,62,2,84,72,2025-10-14,2025-10-17,2025-10-17,2025-10-17 14:04:00,2025-10-19 09:12:17.570564
2080,20250719,20250722,5,147,2,371,336,2025-07-19,2025-07-22,2025-07-22,2025-07-22 11:08:00,2025-07-29 00:01:43.725470
2081,20250517,20250525,4,158,1,424,377,2025-05-17,2025-05-25,2025-05-25,2025-05-25 16:48:00,2025-05-27 17:20:32.677292
2082,20250216,20250223,12,102,1,488,447,2025-02-16,2025-02-23,2025-02-23,2025-02-23 08:31:00,2025-02-25 18:34:01.691016
2083,20250204,20250207,8,22,1,143,138,2025-02-04,2025-02-07,2025-02-07,2025-02-07 12:55:00,2025-02-10 18:31:21.439099
2084,20250216,20250227,1,186,1,322,297,2025-02-16,2025-02-24,2025-02-27,2025-02-27 16:22:00,2025-03-03 16:39:13.545879
2085,20250315,20250322,10,23,3,352,336,2025-03-15,2025-03-22,2025-03-22,2025-03-22 16:26:00,2025-03-23 17:48:58.214526
2086,20250226,20250308,11,112,1,222,200,2025-02-26,2025-03-07,2025-03-08,2025-03-08 07:49:00,2025-03-09 19:57:53.945841
2087,20250825,20250830,10,125,1,242,212,2025-08-25,2025-08-31,2025-08-30,2025-08-30 15:07:00,2025-08-31 01:17:16.246888
2088,20250122,20250128,7,187,3,373,324,2025-01-22,2025-01-28,2025-01-28,2025-01-28 07:41:00,2025-01-29 08:41:47.329140
2089,20250507,20250509,15,104,1,492,470,2025-05-07,2025-05-10,2025-05-09,2025-05-09 09:18:00,2025-05-10 06:16:03.270325
2090,20251206,20251215,4,186,1,429,369,2025-12-06,2025-12-13,2025-12-15,2025-12-15 17:10:00,2025-12-16 09:49:34.638049
2091,20250412,20250423,6,134,2,128,126,2025-04-12,2025-04-20,2025-04-23,2025-04-23 16:18:00,2025-04-25 16:27:51.441391
2092,20251021,20251028,10,146,1,95,86,2025-10-21,2025-10-28,2025-10-28,2025-10-28 17:17:00,2025-11-04 07:14:01.224369
2093,20250227,20250304,6,5,1,315,276,2025-02-27,2025-03-03,2025-03-04,2025-03-04 11:17:00,2025-03-04 14:24:50.922910
2094,20251013,20251018,10,132,2,341,319,2025-10-13,2025-10-18,2025-10-18,2025-10-18 13:21:00,2025-10-23 21:44:21.943321
2095,20251028,20251107,15,137,1,201,196,2025-10-28,2025-11-07,2025-11-07,2025-11-07 17:54:00,2025-11-10 00:04:08.194450
2096,20251107,20251113,12,17,2,316,310,2025-11-07,2025-11-13,2025-11-13,2025-11-13 08:56:00,2025-11-14 09:45:44.744670
2097,20250508,20250511,1,8,3,118,102,2025-05-08,2025-05-11,2025-05-11,2025-05-11 14:47:00,2025-05-14 03:57:05.206861
2098,20251004,20251016,4,10,1,148,131,2025-10-04,2025-10-13,2025-10-16,2025-10-16 09:47:00,2025-10-17 08:59:45.814466
2099,20250714,20250720,14,162,1,394,376,2025-07-14,2025-07-19,2025-07-20,2025-07-20 11:55:00,2025-07-22 11:57:07.973810
2100,20251116,20251120,14,187,3,468,447,2025-11-16,2025-11-19,2025-11-20,2025-11-20 08:33:00,2025-11-22 19:59:13.048499
2101,20251123,20251128,3,79,1,69,65,2025-11-23,2025-11-29,2025-11-28,2025-11-28 07:55:00,2025-11-30 14:23:02.137130
2102,20250430,20250508,14,181,3,195,180,2025-04-30,2025-05-05,2025-05-08,2025-05-08 16:08:00,2025-05-10 03:35:42.111257
2103,20251107,20251111,3,79,1,156,142,2025-11-07,2025-11-11,2025-11-11,2025-11-11 10:07:00,2025-11-13 09:39:17.526144
2104,20250114,20250118,4,35,2,333,311,2025-01-14,2025-01-18,2025-01-18,2025-01-18 11:44:00,2025-01-20 09:49:20.178559
2105,20251127,20251201,4,79,1,63,62,2025-11-27,2025-12-01,2025-12-01,2025-12-01 11:46:00,2025-12-05 06:53:16.594143
2106,20250730,20250808,4,14,2,458,412,2025-07-30,2025-08-09,2025-08-08,2025-08-08 09:23:00,2025-08-10 04:47:49.055356
2107,20251111,20251119,13,90,1,52,47,2025-11-11,2025-11-19,2025-11-19,2025-11-19 13:11:00,2025-11-22 21:42:54.304721
2108,20250314,20250320,15,113,1,174,154,2025-03-14,2025-03-20,2025-03-20,2025-03-20 13:02:00,2025-03-22 07:18:56.268916
2109,20250423,20250428,11,133,3,455,390,2025-04-23,2025-04-29,2025-04-28,2025-04-28 17:35:00,2025-05-05 09:47:16.215649
2110,20250603,20250614,11,125,3,134,125,2025-06-03,2025-06-11,2025-06-14,2025-06-14 14:38:00,2025-06-16 03:49:38.529455
2111,20251001,20251006,4,143,1,491,438,2025-10-01,2025-10-06,2025-10-06,2025-10-06 10:34:00,2025-10-07 23:12:18.184651
2112,20250913,20250922,2,139,2,475,425,2025-09-13,2025-09-23,2025-09-22,2025-09-22 07:27:00,2025-09-23 18:27:46.451367
2113,20251123,20251128,7,9,2,314,299,2025-11-23,2025-11-28,2025-11-28,2025-11-28 16:37:00,2025-11-30 10:01:53.248205
2114,20250825,20250904,6,85,1,461,392,2025-08-25,2025-09-04,2025-09-04,2025-09-04 12:58:00,2025-09-06 10:41:12.271918
2115,20250403,20250409,12,112,2,64,57,2025-04-03,2025-04-09,2025-04-09,2025-04-09 13:06:00,2025-04-11 02:57:27.836742
2116,20250425,20250501,2,52,1,186,159,2025-04-25,2025-05-01,2025-05-01,2025-05-01 15:52:00,2025-05-08 19:26:59.363198
2117,20251025,20251030,15,140,1,256,225,2025-10-25,2025-10-30,2025-10-30,2025-10-30 10:20:00,2025-10-31 16:12:37.512187
2118,20250403,20250405,5,66,1,55,54,2025-04-03,2025-04-06,2025-04-05,2025-04-05 11:44:00,2025-04-06 08:34:19.162077
2119,20250411,20250415,11,150,1,96,91,2025-04-11,2025-04-15,2025-04-15,2025-04-15 08:33:00,2025-04-16 03:31:26.104184
2120,20250324,20250330,3,110,1,497,466,2025-03-24,2025-03-30,2025-03-30,2025-03-30 15:15:00,2025-04-03 18:59:09.088994
2121,20250104,20250113,9,67,1,93,81,2025-01-04,2025-01-13,2025-01-13,2025-01-13 10:15:00,2025-01-16 10:02:55.317587
2122,20250914,20250924,3,111,1,163,139,2025-09-14,2025-09-23,2025-09-24,2025-09-24 16:20:00,2025-09-25 06:08:02.350251
2123,20250209,20250214,9,89,2,468,398,2025-02-09,2025-02-14,2025-02-14,2025-02-14 17:54:00,2025-02-15 03:37:19.323874
2124,20250112,20250121,4,138,2,289,272,2025-01-12,2025-01-20,2025-01-21,2025-01-21 08:51:00,2025-01-28 08:46:04.094503
2125,20250419,20250425,12,46,1,277,240,2025-04-19,2025-04-25,2025-04-25,2025-04-25 17:03:00,2025-04-26 06:26:02.750763
2126,20251010,20251018,1,179,2,476,437,2025-10-10,2025-10-18,2025-10-18,2025-10-18 14:36:00,2025-10-20 14:28:35.270663
2127,20250617,20250620,10,84,3,498,437,2025-06-17,2025-06-20,2025-06-20,2025-06-20 17:31:00,2025-06-25 04:01:30.878526
2128,20250804,20250809,9,146,1,363,334,2025-08-04,2025-08-10,2025-08-09,2025-08-09 09:11:00,2025-08-13 05:27:49.038896
2129,20250326,20250330,1,149,1,101,92,2025-03-26,2025-03-30,2025-03-30,2025-03-30 13:50:00,2025-03-30 18:59:06.452625
2130,20250614,20250622,11,63,2,307,300,2025-06-14,2025-06-23,2025-06-22,2025-06-22 07:50:00,2025-06-25 01:17:41.898364
2131,20250913,20250921,1,187,3,346,299,2025-09-13,2025-09-18,2025-09-21,2025-09-21 15:42:00,2025-09-21 22:40:35.261429
2132,20250516,20250521,2,59,1,404,382,2025-05-16,2025-05-21,2025-05-21,2025-05-21 11:46:00,2025-05-22 13:03:03.766750
2133,20251029,20251107,12,72,1,337,292,2025-10-29,2025-11-05,2025-11-07,2025-11-07 12:16:00,2025-11-08 16:05:37.166037
2134,20251107,20251111,15,115,1,51,47,2025-11-07,2025-11-11,2025-11-11,2025-11-11 15:47:00,2025-11-13 11:31:36.908507
2135,20250204,20250209,2,198,3,290,275,2025-02-04,2025-02-09,2025-02-09,2025-02-09 17:29:00,2025-02-11 13:15:09.921826
2136,20250217,20250223,13,188,2,496,452,2025-02-17,2025-02-23,2025-02-23,2025-02-23 11:43:00,2025-03-01 07:05:30.459473
2137,20250430,20250509,13,94,1,432,412,2025-04-30,2025-05-09,2025-05-09,2025-05-09 09:43:00,2025-05-11 15:21:45.845227
2138,20251021,20251027,8,160,1,447,399,2025-10-21,2025-10-27,2025-10-27,2025-10-27 13:41:00,2025-10-29 07:16:20.394484
2139,20250608,20250621,14,200,3,126,120,2025-06-08,2025-06-18,2025-06-21,2025-06-21 12:10:00,2025-06-23 20:53:53.352006
2140,20250520,20250524,13,18,1,187,183,2025-05-20,2025-05-25,2025-05-24,2025-05-24 07:07:00,2025-05-25 13:02:15.796243
2141,20251001,20251005,3,198,1,405,389,2025-10-01,2025-10-05,2025-10-05,2025-10-05 14:30:00,2025-10-09 19:50:50.913109
2142,20250815,20250818,3,173,2,439,430,2025-08-15,2025-08-19,2025-08-18,2025-08-18 16:15:00,2025-08-19 02:53:34.536349
2143,20250404,20250414,1,80,1,199,186,2025-04-04,2025-04-09,2025-04-14,2025-04-14 13:56:00,2025-04-15 11:39:36.035862
2144,20250224,20250227,12,41,1,296,288,2025-02-24,2025-02-27,2025-02-27,2025-02-27 16:50:00,2025-02-28 02:59:48.149112
2145,20250501,20250507,10,173,3,49,45,2025-05-01,2025-05-07,2025-05-07,2025-05-07 11:55:00,2025-05-09 11:22:46.130388
2146,20250830,20250909,10,72,1,124,107,2025-08-30,2025-09-09,2025-09-09,2025-09-09 15:18:00,2025-09-13 07:07:56.977607
2147,20250221,20250228,10,113,1,496,461,2025-02-21,2025-02-28,2025-02-28,2025-02-28 08:49:00,2025-02-28 19:56:39.742627
2148,20250701,20250708,2,188,3,292,253,2025-07-01,2025-07-09,2025-07-08,2025-07-08 15:07:00,2025-07-14 10:31:43.115441
2149,20250611,20250619,3,2,2,305,299,2025-06-11,2025-06-19,2025-06-19,2025-06-19 07:16:00,2025-06-24 20:05:49.450361
2150,20250603,20250611,4,65,3,207,200,2025-06-03,2025-06-11,2025-06-11,2025-06-11 07:36:00,2025-06-11 23:22:37.437100
2151,20250524,20250601,5,127,1,403,355,2025-05-24,2025-05-28,2025-06-01,2025-06-01 11:34:00,2025-06-04 10:09:38.834327
2152,20250212,20250221,10,16,2,375,322,2025-02-12,2025-02-21,2025-02-21,2025-02-21 11:38:00,2025-02-25 15:54:09.734840
2153,20250122,20250128,8,120,2,439,416,2025-01-22,2025-01-28,2025-01-28,2025-01-28 10:00:00,2025-01-29 17:36:19.357128
2154,20250527,20250602,8,183,2,420,402,2025-05-27,2025-06-02,2025-06-02,2025-06-02 09:06:00,2025-06-05 05:12:13.377017
2155,20250824,20250907,7,63,2,290,264,2025-08-24,2025-09-02,2025-09-07,2025-09-07 15:29:00,2025-09-09 04:50:59.438714
2156,20250128,20250205,15,116,1,386,331,2025-01-28,2025-02-05,2025-02-05,2025-02-05 08:45:00,2025-02-10 14:36:29.383914
2157,20250825,20250831,3,182,2,400,342,2025-08-25,2025-08-31,2025-08-31,2025-08-31 11:35:00,2025-09-01 16:24:53.861815
2158,20250616,20250626,13,50,1,285,263,2025-06-16,2025-06-26,2025-06-26,2025-06-26 12:19:00,2025-06-27 10:27:03.311617
2159,20250914,20250920,3,33,1,66,58,2025-09-14,2025-09-20,2025-09-20,2025-09-20 14:51:00,2025-09-21 21:06:23.428120
2160,20250524,20250601,11,102,1,238,212,2025-05-24,2025-05-27,2025-06-01,2025-06-01 12:51:00,2025-06-02 16:57:11.456268
2161,20250125,20250131,8,100,2,94,88,2025-01-25,2025-01-31,2025-01-31,2025-01-31 14:26:00,2025-02-04 22:01:30.064532
2162,20250306,20250309,13,198,1,349,346,2025-03-06,2025-03-09,2025-03-09,2025-03-09 13:39:00,2025-03-12 10:02:17.501055
2163,20250405,20250418,14,42,1,288,266,2025-04-05,2025-04-13,2025-04-18,2025-04-18 15:15:00,2025-04-22 23:00:06.286781
2164,20250526,20250602,12,105,1,352,329,2025-05-26,2025-06-02,2025-06-02,2025-06-02 10:58:00,2025-06-03 09:09:29.695413
2165,20250802,20250811,11,172,2,117,108,2025-08-02,2025-08-08,2025-08-11,2025-08-11 15:25:00,2025-08-12 18:06:50.762916
2166,20250401,20250407,2,41,1,142,126,2025-04-01,2025-04-07,2025-04-07,2025-04-07 15:33:00,2025-04-08 19:14:43.256709
2167,20250928,20251007,13,1,1,237,224,2025-09-28,2025-10-07,2025-10-07,2025-10-07 13:51:00,2025-10-08 10:13:50.854836
2168,20250329,20250331,8,74,2,65,62,2025-03-29,2025-04-01,2025-03-31,2025-03-31 14:41:00,2025-04-01 09:35:32.360936
2169,20250530,20250607,11,181,1,253,240,2025-05-30,2025-06-02,2025-06-07,2025-06-07 09:45:00,2025-06-09 18:03:35.002457
2170,20250606,20250609,3,141,3,489,471,2025-06-06,2025-06-09,2025-06-09,2025-06-09 11:39:00,2025-06-10 02:34:31.699321
2171,20250405,20250413,13,140,1,321,287,2025-04-05,2025-04-13,2025-04-13,2025-04-13 11:32:00,2025-04-14 15:12:49.459730
2172,20250302,20250306,13,174,2,375,361,2025-03-02,2025-03-06,2025-03-06,2025-03-06 14:22:00,2025-03-08 05:17:42.391595
2173,20250308,20250312,15,91,2,480,473,2025-03-08,2025-03-13,2025-03-12,2025-03-12 09:32:00,2025-03-13 11:59:57.659784
2174,20250916,20250927,1,141,1,64,54,2025-09-16,2025-09-23,2025-09-27,2025-09-27 10:06:00,2025-09-28 18:08:43.920544
2175,20250330,20250407,8,134,1,337,326,2025-03-30,2025-04-07,2025-04-07,2025-04-07 16:18:00,2025-04-10 23:20:54.711319
2176,20250522,20250530,4,133,3,68,63,2025-05-22,2025-05-31,2025-05-30,2025-05-30 08:19:00,2025-06-02 07:55:10.817952
2177,20250126,20250131,13,200,2,400,349,2025-01-26,2025-02-01,2025-01-31,2025-01-31 10:21:00,2025-02-01 16:02:20.394958
2178,20251120,20251129,12,76,3,446,427,2025-11-20,2025-11-29,2025-11-29,2025-11-29 16:24:00,2025-11-30 07:07:52.744686
2179,20250226,20250307,9,115,2,136,117,2025-02-26,2025-03-07,2025-03-07,2025-03-07 10:32:00,2025-03-09 16:57:50.746255
2180,20251024,20251101,4,127,1,479,471,2025-10-24,2025-10-27,2025-11-01,2025-11-01 11:27:00,2025-11-04 04:39:34.131957
2181,20250626,20250701,11,199,3,217,196,2025-06-26,2025-07-01,2025-07-01,2025-07-01 11:53:00,2025-07-03 06:48:20.062730
2182,20250610,20250613,3,144,1,216,212,2025-06-10,2025-06-14,2025-06-13,2025-06-13 11:30:00,2025-06-16 06:06:41.439227
2183,20251102,20251105,7,82,1,243,240,2025-11-02,2025-11-06,2025-11-05,2025-11-05 07:25:00,2025-11-10 00:26:30.582121
2184,20250128,20250131,9,167,3,440,379,2025-01-28,2025-01-31,2025-01-31,2025-01-31 14:52:00,2025-02-04 02:12:40.603273
2185,20250228,20250307,4,30,3,34,31,2025-02-28,2025-03-07,2025-03-07,2025-03-07 10:32:00,2025-03-07 20:35:08.607515
2186,20250407,20250414,10,72,1,484,464,2025-04-07,2025-04-14,2025-04-14,2025-04-14 07:21:00,2025-04-15 15:29:14.655810
2187,20250801,20250805,8,123,1,294,261,2025-08-01,2025-08-05,2025-08-05,2025-08-05 09:14:00,2025-08-06 09:51:03.653950
2188,20250102,20250108,3,22,2,317,288,2025-01-02,2025-01-07,2025-01-08,2025-01-08 10:22:00,2025-01-10 07:52:15.106705
2189,20250527,20250530,14,113,2,445,394,2025-05-27,2025-05-30,2025-05-30,2025-05-30 07:11:00,2025-05-30 21:52:01.449723
2190,20250517,20250519,14,75,1,446,437,2025-05-17,2025-05-20,2025-05-19,2025-05-19 14:31:00,2025-05-24 01:59:19.367135
2191,20250305,20250308,4,62,3,400,376,2025-03-05,2025-03-08,2025-03-08,2025-03-08 07:06:00,2025-03-10 16:11:16.558496
2192,20250121,20250124,1,180,1,395,394,2025-01-21,2025-01-25,2025-01-24,2025-01-24 10:33:00,2025-01-25 22:49:56.178163
2193,20250930,20251003,3,13,1,87,77,2025-09-30,2025-10-03,2025-10-03,2025-10-03 09:01:00,2025-10-08 04:01:34.692053
2194,20250904,20250911,7,183,3,443,419,2025-09-04,2025-09-07,2025-09-11,2025-09-11 11:27:00,2025-09-13 12:01:48.683575
2195,20250817,20250826,11,32,1,406,366,2025-08-17,2025-08-25,2025-08-26,2025-08-26 11:48:00,2025-08-27 10:48:35.317133
2196,20250929,20251004,8,148,2,164,149,2025-09-29,2025-10-05,2025-10-04,2025-10-04 15:27:00,2025-10-07 20:35:28.293331
2197,20250301,20250311,7,42,1,89,77,2025-03-01,2025-03-09,2025-03-11,2025-03-11 17:19:00,2025-03-15 01:18:37.204574
2198,20250923,20250926,5,42,1,293,283,2025-09-23,2025-09-27,2025-09-26,2025-09-26 17:43:00,2025-09-29 21:12:50.216447
2199,20250527,20250607,6,140,2,85,76,2025-05-27,2025-06-04,2025-06-07,2025-06-07 15:56:00,2025-06-08 09:11:11.240042
2200,20250318,20250321,9,164,1,152,130,2025-03-18,2025-03-22,2025-03-21,2025-03-21 12:48:00,2025-03-24 18:53:01.769505
2201,20250927,20251005,7,7,1,432,401,2025-09-27,2025-10-05,2025-10-05,2025-10-05 14:40:00,2025-10-07 22:54:47.509364
2202,20250821,20250824,15,138,1,24,23,2025-08-21,2025-08-24,2025-08-24,2025-08-24 09:35:00,2025-08-26 17:22:51.874838
2203,20250705,20250712,10,2,3,251,227,2025-07-05,2025-07-12,2025-07-12,2025-07-12 09:44:00,2025-07-15 09:04:55.732594
2204,20250419,20250501,6,180,1,154,147,2025-04-19,2025-04-27,2025-05-01,2025-05-01 15:26:00,2025-05-03 13:26:44.362001
2205,20250202,20250206,7,41,2,251,242,2025-02-02,2025-02-05,2025-02-06,2025-02-06 10:08:00,2025-02-07 19:55:27.331790
2206,20250611,20250622,5,14,2,375,327,2025-06-11,2025-06-18,2025-06-22,2025-06-22 09:41:00,2025-06-24 01:19:28.961270
2207,20250129,20250209,10,25,2,29,28,2025-01-29,2025-02-05,2025-02-09,2025-02-09 10:50:00,2025-02-12 16:27:45.915664
2208,20250507,20250512,9,41,2,366,323,2025-05-07,2025-05-12,2025-05-12,2025-05-12 09:36:00,2025-05-15 06:45:16.483499
2209,20250923,20251003,10,192,1,250,235,2025-09-23,2025-10-03,2025-10-03,2025-10-03 11:08:00,2025-10-05 08:52:38.070275
2210,20250320,20250324,1,5,1,490,434,2025-03-20,2025-03-24,2025-03-24,2025-03-24 15:35:00,2025-03-25 12:45:10.779564
2211,20250821,20250901,7,105,1,268,243,2025-08-21,2025-08-29,2025-09-01,2025-09-01 16:19:00,2025-09-08 03:11:31.368718
2212,20251018,20251027,15,93,1,237,227,2025-10-18,2025-10-27,2025-10-27,2025-10-27 13:13:00,2025-10-29 22:26:35.555558
2213,20250520,20250524,2,38,3,194,176,2025-05-20,2025-05-25,2025-05-24,2025-05-24 13:32:00,2025-05-25 12:44:23.519262
2214,20251010,20251018,2,86,3,52,45,2025-10-10,2025-10-19,2025-10-18,2025-10-18 17:06:00,2025-10-23 00:22:05.943251
2215,20250212,20250221,12,33,1,110,96,2025-02-12,2025-02-18,2025-02-21,2025-02-21 15:03:00,2025-02-24 08:24:11.470013
2216,20251022,20251030,12,32,1,393,388,2025-10-22,2025-10-30,2025-10-30,2025-10-30 15:28:00,2025-10-31 00:41:09.809563
2217,20250429,20250506,3,2,3,345,311,2025-04-29,2025-05-06,2025-05-06,2025-05-06 11:05:00,2025-05-07 18:35:50.338211
2218,20250502,20250514,8,159,1,230,196,2025-05-02,2025-05-10,2025-05-14,2025-05-14 07:27:00,2025-05-19 19:08:21.825025
2219,20251013,20251019,2,30,1,495,469,2025-10-13,2025-10-19,2025-10-19,2025-10-19 11:23:00,2025-10-20 09:18:04.558183
2220,20250226,20250305,7,47,3,403,397,2025-02-26,2025-03-05,2025-03-05,2025-03-05 09:46:00,2025-03-05 15:21:44.325371
2221,20250625,20250704,3,49,2,260,258,2025-06-25,2025-07-04,2025-07-04,2025-07-04 13:11:00,2025-07-04 21:20:35.372042
2222,20250320,20250326,14,89,1,128,112,2025-03-20,2025-03-27,2025-03-26,2025-03-26 12:00:00,2025-03-27 06:33:38.329812
2223,20250128,20250204,14,176,2,166,147,2025-01-28,2025-02-04,2025-02-04,2025-02-04 11:40:00,2025-02-05 21:19:22.881339
2224,20250727,20250806,15,127,1,261,251,2025-07-27,2025-08-02,2025-08-06,2025-08-06 15:06:00,2025-08-16 18:05:56.430281
2225,20250218,20250223,4,113,1,286,258,2025-02-18,2025-02-24,2025-02-23,2025-02-23 15:09:00,2025-02-24 01:21:49.809599
2226,20251101,20251103,2,159,1,176,153,2025-11-01,2025-11-04,2025-11-03,2025-11-03 15:56:00,2025-11-05 01:27:49.746323
2227,20251002,20251006,11,48,2,247,241,2025-10-02,2025-10-06,2025-10-06,2025-10-06 10:58:00,2025-10-07 05:40:40.963361
2228,20250508,20250515,7,125,3,463,408,2025-05-08,2025-05-12,2025-05-15,2025-05-15 16:04:00,2025-05-16 10:08:51.790833
2229,20250221,20250225,9,114,1,384,332,2025-02-21,2025-02-24,2025-02-25,2025-02-25 13:33:00,2025-02-26 12:56:36.950285
2230,20250619,20250627,15,13,1,492,452,2025-06-19,2025-06-27,2025-06-27,2025-06-27 09:44:00,2025-06-29 15:59:45.725595
2231,20250509,20250513,3,103,1,363,337,2025-05-09,2025-05-14,2025-05-13,2025-05-13 10:31:00,2025-05-15 14:46:12.862680
2232,20250709,20250715,4,198,3,82,81,2025-07-09,2025-07-15,2025-07-15,2025-07-15 16:54:00,2025-07-16 13:57:01.973352
2233,20250710,20250715,4,183,1,245,239,2025-07-10,2025-07-15,2025-07-15,2025-07-15 14:43:00,2025-07-18 19:16:18.893720
2234,20251004,20251008,12,148,1,427,363,2025-10-04,2025-10-08,2025-10-08,2025-10-08 14:28:00,2025-10-11 12:25:12.524827
2235,20251120,20251126,5,114,1,115,107,2025-11-20,2025-11-26,2025-11-26,2025-11-26 17:04:00,2025-11-28 14:36:19.333295
2236,20250318,20250326,10,156,1,34,33,2025-03-18,2025-03-26,2025-03-26,2025-03-26 08:28:00,2025-03-27 15:39:13.346657
2237,20250416,20250425,14,160,1,299,267,2025-04-16,2025-04-26,2025-04-25,2025-04-25 13:05:00,2025-04-27 09:29:42.700828
2238,20250421,20250505,14,93,3,321,274,2025-04-21,2025-05-01,2025-05-05,2025-05-05 11:46:00,2025-05-06 00:32:50.236999
2239,20250118,20250125,7,157,1,56,49,2025-01-18,2025-01-25,2025-01-25,2025-01-25 16:31:00,2025-01-27 15:37:02.077979
2240,20251129,20251211,8,140,2,483,420,2025-11-29,2025-12-08,2025-12-11,2025-12-11 17:49:00,2025-12-14 14:43:04.057548
2241,20250222,20250227,9,19,1,137,132,2025-02-22,2025-02-27,2025-02-27,2025-02-27 14:06:00,2025-03-02 09:51:29.093463
2242,20250311,20250314,10,163,2,411,354,2025-03-11,2025-03-14,2025-03-14,2025-03-14 15:49:00,2025-03-16 00:22:32.035257
2243,20250803,20250808,5,139,1,436,407,2025-08-03,2025-08-09,2025-08-08,2025-08-08 09:10:00,2025-08-09 19:22:12.874800
2244,20251009,20251012,13,175,1,48,41,2025-10-09,2025-10-12,2025-10-12,2025-10-12 13:18:00,2025-10-16 14:53:02.519151
2245,20250926,20251004,5,20,3,28,27,2025-09-26,2025-10-04,2025-10-04,2025-10-04 10:59:00,2025-10-05 23:57:40.924610
2246,20250604,20250607,11,114,1,305,276,2025-06-04,2025-06-07,2025-06-07,2025-06-07 10:32:00,2025-06-10 02:18:00.143075
2247,20250627,20250703,12,133,1,257,242,2025-06-27,2025-07-03,2025-07-03,2025-07-03 10:13:00,2025-07-04 12:57:27.188534
2248,20250731,20250803,12,188,1,295,287,2025-07-31,2025-08-04,2025-08-03,2025-08-03 13:54:00,2025-08-06 17:17:27.122081
2249,20250728,20250801,4,86,3,184,182,2025-07-28,2025-08-02,2025-08-01,2025-08-01 11:39:00,2025-08-04 19:07:43.653324
2250,20250405,20250415,2,177,1,32,31,2025-04-05,2025-04-15,2025-04-15,2025-04-15 08:11:00,2025-04-18 19:25:53.010368
2251,20250713,20250721,7,152,2,288,268,2025-07-13,2025-07-21,2025-07-21,2025-07-21 17:23:00,2025-07-23 06:55:39.209165
2252,20250515,20250523,15,96,1,409,355,2025-05-15,2025-05-23,2025-05-23,2025-05-23 07:34:00,2025-05-23 11:32:34.099749
2253,20251018,20251021,8,19,1,143,128,2025-10-18,2025-10-21,2025-10-21,2025-10-21 13:50:00,2025-10-21 20:35:39.180834
2254,20250508,20250523,10,151,2,121,120,2025-05-08,2025-05-18,2025-05-23,2025-05-23 08:57:00,2025-05-25 01:22:05.147827
2255,20250914,20250922,4,158,1,425,419,2025-09-14,2025-09-22,2025-09-22,2025-09-22 08:42:00,2025-09-24 05:56:46.032825
2256,20250201,20250208,2,62,1,172,158,2025-02-01,2025-02-09,2025-02-08,2025-02-08 12:10:00,2025-02-08 17:36:33.347198
2257,20251005,20251015,3,189,1,262,222,2025-10-05,2025-10-15,2025-10-15,2025-10-15 13:24:00,2025-10-16 12:39:44.792943
2258,20250906,20250910,12,130,1,485,448,2025-09-06,2025-09-10,2025-09-10,2025-09-10 08:49:00,2025-09-14 04:33:36.905249
2259,20250516,20250523,7,198,1,218,202,2025-05-16,2025-05-23,2025-05-23,2025-05-23 08:29:00,2025-05-26 20:17:47.848864
2260,20250725,20250804,10,143,1,40,34,2025-07-25,2025-08-04,2025-08-04,2025-08-04 16:51:00,2025-08-06 17:15:37.282569
2261,20250609,20250613,8,62,3,352,330,2025-06-09,2025-06-13,2025-06-13,2025-06-13 15:27:00,2025-06-18 03:46:49.123592
2262,20251114,20251122,4,26,3,309,290,2025-11-14,2025-11-23,2025-11-22,2025-11-22 13:10:00,2025-11-24 11:20:00.984993
2263,20250613,20250619,1,38,1,305,291,2025-06-13,2025-06-20,2025-06-19,2025-06-19 13:41:00,2025-06-20 15:53:02.720733
2264,20250606,20250611,10,27,1,356,328,2025-06-06,2025-06-09,2025-06-11,2025-06-11 15:46:00,2025-06-13 03:13:43.798195
2265,20250720,20250727,8,27,2,467,409,2025-07-20,2025-07-28,2025-07-27,2025-07-27 15:42:00,2025-07-30 06:23:59.662243
2266,20250518,20250523,5,92,1,69,61,2025-05-18,2025-05-21,2025-05-23,2025-05-23 09:19:00,2025-05-24 03:05:08.846553
2267,20250402,20250410,14,128,1,355,336,2025-04-02,2025-04-09,2025-04-10,2025-04-10 14:50:00,2025-04-11 01:53:09.086945
2268,20251015,20251019,5,163,1,338,299,2025-10-15,2025-10-18,2025-10-19,2025-10-19 07:52:00,2025-10-23 11:24:20.627502
2269,20250626,20250707,10,163,1,260,251,2025-06-26,2025-07-04,2025-07-07,2025-07-07 08:57:00,2025-07-10 03:12:04.519929
2270,20250719,20250722,2,198,1,285,259,2025-07-19,2025-07-22,2025-07-22,2025-07-22 10:45:00,2025-07-22 20:42:55.849704
2271,20251020,20251024,13,155,1,108,93,2025-10-20,2025-10-24,2025-10-24,2025-10-24 14:24:00,2025-10-26 02:40:30.405916
2272,20250327,20250405,5,124,3,241,228,2025-03-27,2025-04-05,2025-04-05,2025-04-05 15:46:00,2025-04-07 09:57:25.202444
2273,20250817,20250822,2,169,3,342,290,2025-08-17,2025-08-23,2025-08-22,2025-08-22 14:09:00,2025-08-23 11:58:22.755057
2274,20250720,20250726,3,110,3,29,27,2025-07-20,2025-07-27,2025-07-26,2025-07-26 11:50:00,2025-08-01 07:08:32.813982
2275,20250122,20250127,15,160,2,391,344,2025-01-22,2025-01-27,2025-01-27,2025-01-27 14:32:00,2025-01-31 21:31:09.628495
2276,20250917,20250927,7,11,1,366,345,2025-09-17,2025-09-22,2025-09-27,2025-09-27 10:12:00,2025-09-29 06:46:21.820307
2277,20250715,20250723,1,67,2,54,49,2025-07-15,2025-07-20,2025-07-23,2025-07-23 12:08:00,2025-07-26 03:00:15.145917
2278,20250803,20250810,6,144,1,348,331,2025-08-03,2025-08-10,2025-08-10,2025-08-10 11:00:00,2025-08-14 03:26:16.454596
2279,20250324,20250328,6,126,3,64,59,2025-03-24,2025-03-28,2025-03-28,2025-03-28 09:51:00,2025-03-30 11:28:49.973496
2280,20250511,20250514,10,80,1,380,350,2025-05-11,2025-05-14,2025-05-14,2025-05-14 09:46:00,2025-05-15 04:11:24.001182
2281,20251015,20251021,14,5,1,336,325,2025-10-15,2025-10-21,2025-10-21,2025-10-21 09:38:00,2025-10-22 07:09:35.068265
2282,20250824,20250831,14,93,3,316,288,2025-08-24,2025-08-30,2025-08-31,2025-08-31 12:48:00,2025-09-02 14:56:23.192116
2283,20251202,20251209,7,186,1,443,410,2025-12-02,2025-12-10,2025-12-09,2025-12-09 07:29:00,2025-12-10 00:40:08.611099
2284,20250529,20250605,5,93,1,247,230,2025-05-29,2025-06-04,2025-06-05,2025-06-05 09:06:00,2025-06-06 19:00:48.307050
2285,20251112,20251122,14,75,2,265,252,2025-11-12,2025-11-21,2025-11-22,2025-11-22 09:02:00,2025-11-22 11:55:55.629739
2286,20250407,20250414,1,200,1,424,411,2025-04-07,2025-04-14,2025-04-14,2025-04-14 13:30:00,2025-04-17 10:28:59.032424
2287,20250302,20250310,15,182,2,154,132,2025-03-02,2025-03-09,2025-03-10,2025-03-10 10:21:00,2025-03-12 19:15:29.510282
2288,20250815,20250819,6,40,1,472,451,2025-08-15,2025-08-18,2025-08-19,2025-08-19 12:19:00,2025-08-20 22:45:31.366855
2289,20250204,20250214,2,120,3,67,57,2025-02-04,2025-02-14,2025-02-14,2025-02-14 17:05:00,2025-02-17 09:18:21.141505
2290,20250915,20250921,14,83,1,304,284,2025-09-15,2025-09-20,2025-09-21,2025-09-21 15:07:00,2025-09-27 06:13:22.790130
2291,20250423,20250501,5,93,3,181,171,2025-04-23,2025-05-01,2025-05-01,2025-05-01 14:27:00,2025-05-03 00:27:46.410211
2292,20250607,20250616,11,64,1,174,165,2025-06-07,2025-06-16,2025-06-16,2025-06-16 08:51:00,2025-06-19 20:50:15.353796
2293,20250604,20250608,14,101,2,29,25,2025-06-04,2025-06-08,2025-06-08,2025-06-08 11:38:00,2025-06-10 10:17:52.236521
2294,20250119,20250127,14,101,3,378,373,2025-01-19,2025-01-27,2025-01-27,2025-01-27 15:21:00,2025-01-27 20:18:55.766940
2295,20250319,20250328,13,116,1,23,22,2025-03-19,2025-03-28,2025-03-28,2025-03-28 12:08:00,2025-03-29 07:09:15.764776
2296,20251110,20251124,1,37,2,146,137,2025-11-10,2025-11-20,2025-11-24,2025-11-24 10:23:00,2025-11-26 08:22:31.586781
2297,20250428,20250503,10,139,2,381,341,2025-04-28,2025-05-03,2025-05-03,2025-05-03 09:02:00,2025-05-06 08:56:25.940641
2298,20250203,20250216,6,78,1,195,192,2025-02-03,2025-02-13,2025-02-16,2025-02-16 12:31:00,2025-02-17 11:38:02.310740
2299,20250830,20250908,7,67,1,331,302,2025-08-30,2025-09-08,2025-09-08,2025-09-08 07:10:00,2025-09-09 18:01:53.745174
2300,20251121,20251124,5,129,3,468,435,2025-11-21,2025-11-24,2025-11-24,2025-11-24 11:51:00,2025-11-25 17:27:43.660234
2301,20250611,20250617,10,152,1,444,407,2025-06-11,2025-06-17,2025-06-17,2025-06-17 17:03:00,2025-06-22 14:37:02.103417
2302,20250505,20250516,5,134,2,137,133,2025-05-05,2025-05-12,2025-05-16,2025-05-16 13:24:00,2025-05-23 13:01:43.821793
2303,20250402,20250409,2,82,2,258,229,2025-04-02,2025-04-09,2025-04-09,2025-04-09 13:06:00,2025-04-14 18:15:31.368704
2304,20250514,20250517,4,27,2,349,329,2025-05-14,2025-05-17,2025-05-17,2025-05-17 10:25:00,2025-05-19 05:26:10.142024
2305,20250111,20250121,7,186,1,369,365,2025-01-11,2025-01-21,2025-01-21,2025-01-21 09:34:00,2025-01-23 00:30:25.901049
2306,20250904,20250906,5,123,2,279,277,2025-09-04,2025-09-07,2025-09-06,2025-09-06 15:54:00,2025-09-08 08:18:21.025117
2307,20250218,20250305,6,64,1,116,111,2025-02-18,2025-02-28,2025-03-05,2025-03-05 15:17:00,2025-03-06 23:44:29.111168
2308,20250709,20250716,12,29,1,212,192,2025-07-09,2025-07-16,2025-07-16,2025-07-16 10:40:00,2025-07-17 05:25:50.479112
2309,20250814,20250820,4,82,1,402,345,2025-08-14,2025-08-21,2025-08-20,2025-08-20 13:00:00,2025-08-21 21:17:36.640034
2310,20251101,20251108,10,44,1,295,261,2025-11-01,2025-11-04,2025-11-08,2025-11-08 13:58:00,2025-11-15 20:05:24.871246
2311,20251001,20251006,9,185,2,366,326,2025-10-01,2025-10-06,2025-10-06,2025-10-06 09:10:00,2025-10-10 22:18:03.776353
2312,20251014,20251018,9,74,1,289,270,2025-10-14,2025-10-18,2025-10-18,2025-10-18 13:43:00,2025-10-20 00:52:05.289670
2313,20250321,20250328,7,93,1,371,341,2025-03-21,2025-03-27,2025-03-28,2025-03-28 13:27:00,2025-03-29 08:29:09.189547
2314,20251020,20251028,14,197,2,168,150,2025-10-20,2025-10-28,2025-10-28,2025-10-28 15:24:00,2025-10-30 23:36:04.222390
2315,20250411,20250420,9,174,2,118,117,2025-04-11,2025-04-21,2025-04-20,2025-04-20 15:44:00,2025-04-21 01:12:24.513678
2316,20251125,20251205,12,34,2,430,369,2025-11-25,2025-12-05,2025-12-05,2025-12-05 12:21:00,2025-12-06 08:14:29.171609
2317,20250622,20250628,2,177,2,416,383,2025-06-22,2025-06-28,2025-06-28,2025-06-28 15:26:00,2025-06-29 13:28:11.230886
2318,20250203,20250212,12,169,1,311,289,2025-02-03,2025-02-12,2025-02-12,2025-02-12 08:14:00,2025-02-13 16:18:20.448080
2319,20251012,20251015,15,74,2,384,327,2025-10-12,2025-10-15,2025-10-15,2025-10-15 09:28:00,2025-10-16 07:05:39.655583
2320,20251013,20251016,4,50,1,86,74,2025-10-13,2025-10-17,2025-10-16,2025-10-16 12:46:00,2025-10-20 10:57:07.160628
2321,20250406,20250409,2,81,2,175,159,2025-04-06,2025-04-10,2025-04-09,2025-04-09 11:18:00,2025-04-13 04:04:18.619228
2322,20251122,20251201,10,106,2,245,227,2025-11-22,2025-11-29,2025-12-01,2025-12-01 16:05:00,2025-12-03 00:41:20.666103
2323,20250330,20250402,14,105,2,207,177,2025-03-30,2025-04-03,2025-04-02,2025-04-02 15:30:00,2025-04-07 17:54:13.577634
2324,20250216,20250223,6,74,3,285,260,2025-02-16,2025-02-23,2025-02-23,2025-02-23 10:54:00,2025-02-25 03:56:30.134302
2325,20250420,20250425,4,107,1,149,127,2025-04-20,2025-04-25,2025-04-25,2025-04-25 17:17:00,2025-04-26 21:05:15.499248
2326,20250219,20250225,4,96,2,91,87,2025-02-19,2025-02-25,2025-02-25,2025-02-25 17:02:00,2025-02-26 14:11:33.118869
2327,20250807,20250817,7,166,3,478,456,2025-08-07,2025-08-17,2025-08-17,2025-08-17 09:55:00,2025-08-19 20:55:48.031330
2328,20250818,20250830,9,127,3,419,360,2025-08-18,2025-08-27,2025-08-30,2025-08-30 10:21:00,2025-08-30 14:43:01.410972
2329,20250705,20250714,10,150,2,281,247,2025-07-05,2025-07-14,2025-07-14,2025-07-14 16:38:00,2025-07-19 14:25:06.500310
2330,20251016,20251026,5,101,1,166,153,2025-10-16,2025-10-21,2025-10-26,2025-10-26 11:46:00,2025-10-28 16:43:47.168697
2331,20250615,20250625,6,95,1,409,352,2025-06-15,2025-06-25,2025-06-25,2025-06-25 15:53:00,2025-06-28 17:31:05.941175
2332,20250420,20250426,7,119,3,148,130,2025-04-20,2025-04-25,2025-04-26,2025-04-26 11:06:00,2025-04-30 02:24:28.385847
2333,20250101,20250109,13,117,1,95,88,2025-01-01,2025-01-09,2025-01-09,2025-01-09 08:36:00,2025-01-13 02:49:19.035778
2334,20251202,20251206,14,180,2,214,211,2025-12-02,2025-12-06,2025-12-06,2025-12-06 16:23:00,2025-12-08 08:14:06.003480
2335,20251117,20251126,15,61,1,230,201,2025-11-17,2025-11-25,2025-11-26,2025-11-26 13:12:00,2025-11-27 15:43:53.945291
2336,20250731,20250806,15,35,1,392,337,2025-07-31,2025-08-06,2025-08-06,2025-08-06 09:49:00,2025-08-10 07:28:30.911615
2337,20250118,20250124,11,41,3,51,45,2025-01-18,2025-01-24,2025-01-24,2025-01-24 08:49:00,2025-01-25 14:36:26.097474
2338,20250507,20250516,2,174,1,135,128,2025-05-07,2025-05-16,2025-05-16,2025-05-16 07:44:00,2025-05-20 18:00:38.216147
2339,20250411,20250419,9,137,2,233,222,2025-04-11,2025-04-19,2025-04-19,2025-04-19 12:33:00,2025-04-20 16:28:21.466894
2340,20250301,20250309,8,38,1,124,105,2025-03-01,2025-03-09,2025-03-09,2025-03-09 07:22:00,2025-03-09 22:35:18.804840
2341,20250221,20250302,12,102,2,217,191,2025-02-21,2025-03-03,2025-03-02,2025-03-02 09:13:00,2025-03-02 15:42:34.974388
2342,20250927,20251005,14,175,1,212,204,2025-09-27,2025-10-06,2025-10-05,2025-10-05 10:02:00,2025-10-09 00:05:08.931971
2343,20250416,20250421,8,145,1,99,91,2025-04-16,2025-04-21,2025-04-21,2025-04-21 13:26:00,2025-04-25 16:01:48.081122
2344,20250127,20250207,14,73,1,78,71,2025-01-27,2025-02-06,2025-02-07,2025-02-07 14:15:00,2025-02-09 08:38:38.840329
2345,20251101,20251107,10,197,1,412,396,2025-11-01,2025-11-07,2025-11-07,2025-11-07 15:47:00,2025-11-09 10:13:22.413906
2346,20250828,20250830,7,132,3,311,309,2025-08-28,2025-08-31,2025-08-30,2025-08-30 13:49:00,2025-09-02 12:31:28.772187
2347,20250822,20250831,9,89,2,328,289,2025-08-22,2025-09-01,2025-08-31,2025-08-31 09:07:00,2025-09-03 02:33:24.357327
2348,20250522,20250606,10,72,3,317,311,2025-05-22,2025-06-01,2025-06-06,2025-06-06 16:16:00,2025-06-07 02:36:49.228183
2349,20250418,20250423,14,99,1,67,60,2025-04-18,2025-04-23,2025-04-23,2025-04-23 13:53:00,2025-04-24 05:32:06.986275
2350,20250617,20250623,15,184,1,457,447,2025-06-17,2025-06-24,2025-06-23,2025-06-23 09:21:00,2025-06-26 02:35:50.978031
2351,20250509,20250519,2,59,1,430,394,2025-05-09,2025-05-19,2025-05-19,2025-05-19 10:55:00,2025-05-22 09:22:56.737622
2352,20251204,20251214,14,105,2,218,189,2025-12-04,2025-12-09,2025-12-14,2025-12-14 08:54:00,2025-12-17 01:34:47.969072
2353,20251014,20251018,14,26,2,50,45,2025-10-14,2025-10-19,2025-10-18,2025-10-18 15:32:00,2025-10-19 00:40:13.353127
2354,20251011,20251017,10,18,1,412,376,2025-10-11,2025-10-14,2025-10-17,2025-10-17 09:58:00,2025-10-20 22:01:37.490609
2355,20251027,20251031,6,192,1,245,224,2025-10-27,2025-10-31,2025-10-31,2025-10-31 17:26:00,2025-11-04 17:04:22.936694
2356,20250227,20250302,15,27,1,135,128,2025-02-27,2025-03-02,2025-03-02,2025-03-02 16:50:00,2025-03-03 15:18:30.227928
2357,20251020,20251028,3,136,3,62,58,2025-10-20,2025-10-28,2025-10-28,2025-10-28 07:04:00,2025-10-29 22:17:53.339337
2358,20250519,20250524,15,35,2,248,235,2025-05-19,2025-05-24,2025-05-24,2025-05-24 15:14:00,2025-05-25 18:58:21.653354
2359,20251017,20251020,9,121,1,60,54,2025-10-17,2025-10-20,2025-10-20,2025-10-20 08:54:00,2025-10-21 21:54:58.881309
2360,20251201,20251205,1,58,2,262,244,2025-12-01,2025-12-05,2025-12-05,2025-12-05 11:00:00,2025-12-13 06:21:20.106244
2361,20250614,20250616,4,7,1,417,415,2025-06-14,2025-06-17,2025-06-16,2025-06-16 17:46:00,2025-06-20 21:07:51.035219
2362,20250224,20250303,8,26,1,472,426,2025-02-24,2025-03-03,2025-03-03,2025-03-03 11:00:00,2025-03-05 16:57:06.870776
2363,20250412,20250415,13,82,3,147,142,2025-04-12,2025-04-15,2025-04-15,2025-04-15 08:02:00,2025-04-15 21:07:25.893438
2364,20251021,20251028,4,163,1,350,317,2025-10-21,2025-10-29,2025-10-28,2025-10-28 14:36:00,2025-10-30 12:39:19.574573
2365,20251017,20251026,3,48,1,167,142,2025-10-17,2025-10-27,2025-10-26,2025-10-26 16:25:00,2025-10-27 23:37:04.523939
2366,20251024,20251029,15,96,2,154,140,2025-10-24,2025-10-29,2025-10-29,2025-10-29 09:13:00,2025-11-02 10:47:29.257879
2367,20250428,20250502,10,173,1,134,133,2025-04-28,2025-05-02,2025-05-02,2025-05-02 11:43:00,2025-05-04 00:59:09.019858
2368,20250914,20250922,10,182,1,279,267,2025-09-14,2025-09-20,2025-09-22,2025-09-22 12:31:00,2025-09-23 12:18:51.675762
2369,20251111,20251116,5,168,2,466,430,2025-11-11,2025-11-17,2025-11-16,2025-11-16 17:45:00,2025-11-17 13:53:28.321470
2370,20250403,20250409,8,56,3,245,232,2025-04-03,2025-04-09,2025-04-09,2025-04-09 10:08:00,2025-04-13 10:23:41.940294
2371,20251012,20251023,15,36,2,160,146,2025-10-12,2025-10-18,2025-10-23,2025-10-23 15:25:00,2025-10-24 23:31:50.326452
2372,20250118,20250122,12,108,1,323,278,2025-01-18,2025-01-22,2025-01-22,2025-01-22 17:31:00,2025-01-25 10:05:50.264646
2373,20250614,20250623,12,159,1,358,351,2025-06-14,2025-06-21,2025-06-23,2025-06-23 12:39:00,2025-06-25 03:52:29.444449
2374,20250814,20250819,15,161,2,418,412,2025-08-14,2025-08-20,2025-08-19,2025-08-19 09:04:00,2025-08-22 22:40:41.773092
2375,20250725,20250728,2,178,1,452,420,2025-07-25,2025-07-28,2025-07-28,2025-07-28 11:30:00,2025-07-28 23:09:52.373042
2376,20250611,20250624,3,18,1,289,283,2025-06-11,2025-06-19,2025-06-24,2025-06-24 08:16:00,2025-06-25 14:36:06.163010
2377,20250626,20250630,3,19,2,347,312,2025-06-26,2025-06-30,2025-06-30,2025-06-30 07:39:00,2025-06-30 19:40:44.562673
2378,20250114,20250122,6,48,2,246,223,2025-01-14,2025-01-22,2025-01-22,2025-01-22 15:58:00,2025-01-24 08:17:23.459473
2379,20250527,20250606,7,182,2,94,93,2025-05-27,2025-06-06,2025-06-06,2025-06-06 15:03:00,2025-06-13 00:52:42.580108
2380,20250324,20250329,10,84,3,93,82,2025-03-24,2025-03-29,2025-03-29,2025-03-29 09:50:00,2025-04-03 03:21:37.393956
2381,20251023,20251026,5,34,1,203,172,2025-10-23,2025-10-26,2025-10-26,2025-10-26 11:42:00,2025-10-26 21:14:32.427229
2382,20250410,20250419,13,12,2,349,317,2025-04-10,2025-04-19,2025-04-19,2025-04-19 08:01:00,2025-04-25 05:17:14.278263
2383,20250824,20250905,7,143,1,103,101,2025-08-24,2025-09-03,2025-09-05,2025-09-05 08:15:00,2025-09-05 21:53:19.588984
2384,20250712,20250724,6,42,1,429,404,2025-07-12,2025-07-21,2025-07-24,2025-07-24 12:41:00,2025-07-28 02:31:01.202442
2385,20250203,20250206,12,35,1,227,212,2025-02-03,2025-02-06,2025-02-06,2025-02-06 13:30:00,2025-02-08 06:36:38.328101
2386,20250706,20250712,7,122,1,370,355,2025-07-06,2025-07-10,2025-07-12,2025-07-12 15:34:00,2025-07-14 10:43:51.910332
2387,20250203,20250213,3,140,1,266,251,2025-02-03,2025-02-08,2025-02-13,2025-02-13 17:27:00,2025-02-14 08:36:45.951986
2388,20250730,20250812,6,69,2,341,340,2025-07-30,2025-08-09,2025-08-12,2025-08-12 09:52:00,2025-08-13 00:25:33.741705
2389,20251113,20251122,11,76,2,310,305,2025-11-13,2025-11-23,2025-11-22,2025-11-22 11:59:00,2025-11-25 01:33:20.943939
2390,20250730,20250802,8,86,2,374,320,2025-07-30,2025-08-02,2025-08-02,2025-08-02 16:27:00,2025-08-03 21:13:17.703888
2391,20250116,20250120,10,7,2,419,407,2025-01-16,2025-01-20,2025-01-20,2025-01-20 08:35:00,2025-01-22 04:19:06.139658
2392,20250717,20250726,4,161,2,43,37,2025-07-17,2025-07-27,2025-07-26,2025-07-26 10:26:00,2025-07-29 03:40:14.045407
2393,20250821,20250828,4,77,2,391,388,2025-08-21,2025-08-28,2025-08-28,2025-08-28 07:09:00,2025-08-31 05:41:05.010579
2394,20251008,20251011,3,119,1,156,143,2025-10-08,2025-10-11,2025-10-11,2025-10-11 17:39:00,2025-10-14 10:06:06.874104
2395,20250125,20250130,6,56,2,204,195,2025-01-25,2025-01-30,2025-01-30,2025-01-30 15:19:00,2025-01-31 06:00:52.996474
2396,20251119,20251126,15,128,2,143,129,2025-11-19,2025-11-23,2025-11-26,2025-11-26 15:46:00,2025-11-28 15:02:34.678186
2397,20250407,20250415,3,163,2,439,392,2025-04-07,2025-04-16,2025-04-15,2025-04-15 15:51:00,2025-04-17 10:07:54.525156
2398,20250914,20250921,5,50,2,76,69,2025-09-14,2025-09-21,2025-09-21,2025-09-21 17:00:00,2025-09-30 06:57:59.000794
2399,20251121,20251127,13,125,2,27,23,2025-11-21,2025-11-27,2025-11-27,2025-11-27 12:21:00,2025-11-28 14:28:08.561110
2400,20251125,20251130,13,147,2,454,432,2025-11-25,2025-12-01,2025-11-30,2025-11-30 08:08:00,2025-12-05 02:05:47.113728
2401,20250623,20250704,5,74,2,70,61,2025-06-23,2025-06-30,2025-07-04,2025-07-04 09:32:00,2025-07-06 00:01:24.604988
2402,20250616,20250618,12,75,3,235,201,2025-06-16,2025-06-19,2025-06-18,2025-06-18 10:07:00,2025-06-19 10:37:43.171324
2403,20250607,20250612,7,28,2,494,447,2025-06-07,2025-06-13,2025-06-12,2025-06-12 17:00:00,2025-06-14 22:14:19.127266
2404,20250523,20250603,15,55,1,189,162,2025-05-23,2025-05-29,2025-06-03,2025-06-03 10:10:00,2025-06-04 13:50:15.394169
2405,20250317,20250319,1,128,1,128,126,2025-03-17,2025-03-20,2025-03-19,2025-03-19 13:59:00,2025-03-21 22:27:39.602854
2406,20250111,20250118,10,147,1,186,172,2025-01-11,2025-01-18,2025-01-18,2025-01-18 11:34:00,2025-01-19 12:25:15.002062
2407,20250715,20250725,15,104,1,478,457,2025-07-15,2025-07-25,2025-07-25,2025-07-25 16:46:00,2025-07-26 15:08:09.175316
2408,20250918,20250926,11,108,1,74,70,2025-09-18,2025-09-26,2025-09-26,2025-09-26 14:32:00,2025-09-29 08:49:09.367416
2409,20251011,20251021,7,148,3,164,145,2025-10-11,2025-10-21,2025-10-21,2025-10-21 10:53:00,2025-10-24 09:00:11.356511
2410,20250417,20250423,5,120,3,159,144,2025-04-17,2025-04-23,2025-04-23,2025-04-23 08:09:00,2025-04-23 14:46:36.128418
2411,20250607,20250617,3,118,3,433,385,2025-06-07,2025-06-17,2025-06-17,2025-06-17 17:23:00,2025-06-22 05:26:08.216933
2412,20251018,20251022,13,91,1,296,292,2025-10-18,2025-10-23,2025-10-22,2025-10-22 09:27:00,2025-10-26 20:12:46.193618
2413,20250916,20250929,11,50,2,383,337,2025-09-16,2025-09-24,2025-09-29,2025-09-29 10:42:00,2025-10-05 01:26:02.745730
2414,20250808,20250810,8,67,2,416,373,2025-08-08,2025-08-11,2025-08-10,2025-08-10 11:32:00,2025-08-14 02:59:38.369981
2415,20250215,20250226,14,188,1,317,269,2025-02-15,2025-02-22,2025-02-26,2025-02-26 16:20:00,2025-02-27 05:55:36.432414
2416,20250808,20250814,2,102,1,278,243,2025-08-08,2025-08-14,2025-08-14,2025-08-14 09:54:00,2025-08-15 06:08:01.857834
2417,20250711,20250718,12,155,1,480,468,2025-07-11,2025-07-19,2025-07-18,2025-07-18 10:38:00,2025-07-18 23:37:21.553764
2418,20250819,20250829,13,4,2,150,130,2025-08-19,2025-08-25,2025-08-29,2025-08-29 09:56:00,2025-09-09 10:22:20.584050
2419,20250608,20250614,6,15,2,88,81,2025-06-08,2025-06-14,2025-06-14,2025-06-14 10:30:00,2025-06-16 00:33:45.926251
2420,20250729,20250808,8,28,2,135,127,2025-07-29,2025-08-08,2025-08-08,2025-08-08 12:00:00,2025-08-11 23:26:57.587218
2421,20250913,20250918,13,139,2,411,410,2025-09-13,2025-09-18,2025-09-18,2025-09-18 14:21:00,2025-09-19 21:50:00.892321
2422,20250321,20250328,7,185,1,260,243,2025-03-21,2025-03-28,2025-03-28,2025-03-28 17:35:00,2025-04-01 08:52:48.679601
2423,20250403,20250411,3,179,1,360,340,2025-04-03,2025-04-11,2025-04-11,2025-04-11 12:21:00,2025-04-13 15:18:17.347798
2424,20250403,20250409,2,34,1,171,155,2025-04-03,2025-04-10,2025-04-09,2025-04-09 09:08:00,2025-04-10 17:47:11.653354
2425,20250914,20250919,10,169,1,251,225,2025-09-14,2025-09-19,2025-09-19,2025-09-19 08:01:00,2025-09-19 21:03:30.633794
2426,20251122,20251130,13,137,1,390,380,2025-11-22,2025-11-30,2025-11-30,2025-11-30 07:53:00,2025-12-05 05:42:33.293178
2427,20250425,20250503,9,27,1,53,50,2025-04-25,2025-05-03,2025-05-03,2025-05-03 16:11:00,2025-05-08 07:01:53.843129
2428,20251030,20251110,1,40,1,310,269,2025-10-30,2025-11-05,2025-11-10,2025-11-10 09:27:00,2025-11-14 11:41:36.880788
2429,20251113,20251123,11,167,1,277,251,2025-11-13,2025-11-23,2025-11-23,2025-11-23 09:04:00,2025-11-26 03:04:11.242504
2430,20250709,20250715,12,130,1,58,50,2025-07-09,2025-07-16,2025-07-15,2025-07-15 10:26:00,2025-07-18 03:39:24.744864
2431,20250801,20250808,8,5,1,352,337,2025-08-01,2025-08-09,2025-08-08,2025-08-08 14:21:00,2025-08-13 00:11:47.492528
2432,20250126,20250202,7,196,3,396,350,2025-01-26,2025-02-01,2025-02-02,2025-02-02 17:54:00,2025-02-04 13:13:08.217905
2433,20250301,20250312,1,121,3,193,176,2025-03-01,2025-03-11,2025-03-12,2025-03-12 08:06:00,2025-03-14 18:06:12.610383
2434,20251015,20251022,13,34,1,141,129,2025-10-15,2025-10-23,2025-10-22,2025-10-22 11:21:00,2025-10-23 01:34:30.482151
2435,20250914,20250924,14,96,1,157,146,2025-09-14,2025-09-24,2025-09-24,2025-09-24 15:31:00,2025-09-25 16:56:26.890853
2436,20250719,20250723,5,115,1,189,170,2025-07-19,2025-07-22,2025-07-23,2025-07-23 09:18:00,2025-07-24 13:00:49.089298
2437,20250330,20250405,4,56,2,264,247,2025-03-30,2025-04-05,2025-04-05,2025-04-05 07:03:00,2025-04-06 17:49:18.898077
2438,20250502,20250511,12,68,3,174,172,2025-05-02,2025-05-11,2025-05-11,2025-05-11 17:53:00,2025-05-12 14:44:55.516663
2439,20250321,20250328,4,144,1,341,328,2025-03-21,2025-03-29,2025-03-28,2025-03-28 12:48:00,2025-04-09 15:30:08.037977
2440,20250509,20250517,9,118,1,182,169,2025-05-09,2025-05-17,2025-05-17,2025-05-17 16:25:00,2025-05-20 19:55:48.032784
2441,20251119,20251127,8,143,2,282,257,2025-11-19,2025-11-27,2025-11-27,2025-11-27 10:57:00,2025-11-28 06:17:23.862967
2442,20250112,20250120,15,52,3,371,337,2025-01-12,2025-01-16,2025-01-20,2025-01-20 15:38:00,2025-01-21 09:14:24.776022
2443,20250319,20250326,12,126,1,324,300,2025-03-19,2025-03-27,2025-03-26,2025-03-26 14:20:00,2025-03-26 22:33:12.935417
2444,20250902,20250911,9,167,2,269,268,2025-09-02,2025-09-12,2025-09-11,2025-09-11 12:06:00,2025-09-15 16:33:37.216175
2445,20250827,20250903,8,48,1,410,366,2025-08-27,2025-09-03,2025-09-03,2025-09-03 08:22:00,2025-09-04 09:01:02.732873
2446,20250803,20250811,14,92,3,469,405,2025-08-03,2025-08-11,2025-08-11,2025-08-11 09:37:00,2025-08-18 11:58:04.767449
2447,20250906,20250914,15,52,1,223,216,2025-09-06,2025-09-13,2025-09-14,2025-09-14 15:10:00,2025-09-18 01:00:43.551172
2448,20251027,20251103,9,13,1,489,422,2025-10-27,2025-11-03,2025-11-03,2025-11-03 09:42:00,2025-11-07 10:52:10.844954
2449,20250609,20250616,13,168,1,488,445,2025-06-09,2025-06-16,2025-06-16,2025-06-16 07:48:00,2025-06-17 16:37:09.788290
2450,20250515,20250521,13,60,1,144,141,2025-05-15,2025-05-22,2025-05-21,2025-05-21 07:18:00,2025-05-22 14:36:03.451549
2451,20250802,20250815,15,8,1,411,410,2025-08-02,2025-08-11,2025-08-15,2025-08-15 16:01:00,2025-08-23 01:49:17.615863
2452,20250713,20250721,3,55,1,206,199,2025-07-13,2025-07-21,2025-07-21,2025-07-21 16:57:00,2025-07-23 19:32:05.036143
2453,20250201,20250210,6,37,1,228,198,2025-02-01,2025-02-10,2025-02-10,2025-02-10 10:45:00,2025-02-11 11:52:25.053305
2454,20251022,20251025,9,176,2,71,61,2025-10-22,2025-10-25,2025-10-25,2025-10-25 13:55:00,2025-11-03 05:17:24.830521
2455,20250607,20250614,14,100,2,125,113,2025-06-07,2025-06-14,2025-06-14,2025-06-14 10:32:00,2025-06-18 16:39:58.471969
2456,20250606,20250611,4,192,2,138,117,2025-06-06,2025-06-11,2025-06-11,2025-06-11 09:16:00,2025-06-16 22:12:27.810099
2457,20251017,20251025,10,143,1,435,375,2025-10-17,2025-10-25,2025-10-25,2025-10-25 07:50:00,2025-10-26 23:47:04.255714
2458,20250310,20250317,13,63,1,155,148,2025-03-10,2025-03-16,2025-03-17,2025-03-17 07:35:00,2025-03-20 10:48:44.712204
2459,20250810,20250820,9,166,1,123,117,2025-08-10,2025-08-20,2025-08-20,2025-08-20 11:12:00,2025-08-26 16:59:11.109960
2460,20250618,20250625,9,113,1,240,209,2025-06-18,2025-06-25,2025-06-25,2025-06-25 09:15:00,2025-06-26 03:09:30.862351
2461,20250204,20250216,7,81,1,193,185,2025-02-04,2025-02-14,2025-02-16,2025-02-16 07:42:00,2025-02-18 05:20:45.741417
2462,20250508,20250518,15,110,3,385,364,2025-05-08,2025-05-13,2025-05-18,2025-05-18 12:23:00,2025-05-19 07:23:06.119653
2463,20250329,20250402,9,13,1,387,339,2025-03-29,2025-04-02,2025-04-02,2025-04-02 07:30:00,2025-04-02 21:56:39.258879
2464,20251117,20251127,4,147,3,23,22,2025-11-17,2025-11-27,2025-11-27,2025-11-27 14:29:00,2025-11-28 10:52:30.360657
2465,20251104,20251112,4,190,2,499,478,2025-11-04,2025-11-12,2025-11-12,2025-11-12 17:13:00,2025-11-16 13:51:29.623738
2466,20250528,20250607,1,62,1,369,349,2025-05-28,2025-06-05,2025-06-07,2025-06-07 11:54:00,2025-06-09 06:23:10.662101
2467,20250415,20250424,10,51,1,41,34,2025-04-15,2025-04-20,2025-04-24,2025-04-24 08:15:00,2025-04-28 14:44:16.347951
2468,20250531,20250610,14,125,2,245,243,2025-05-31,2025-06-10,2025-06-10,2025-06-10 08:51:00,2025-06-11 17:36:34.706530
2469,20250220,20250222,11,137,1,97,89,2025-02-20,2025-02-23,2025-02-22,2025-02-22 12:22:00,2025-02-22 22:08:33.142033
2470,20250409,20250415,3,103,2,45,44,2025-04-09,2025-04-15,2025-04-15,2025-04-15 16:54:00,2025-04-17 00:06:00.734214
2471,20251203,20251210,3,113,1,335,326,2025-12-03,2025-12-10,2025-12-10,2025-12-10 13:16:00,2025-12-11 20:05:29.245566
2472,20250611,20250620,15,107,2,481,422,2025-06-11,2025-06-18,2025-06-20,2025-06-20 14:44:00,2025-06-20 17:10:55.127055
2473,20250508,20250514,2,87,2,297,286,2025-05-08,2025-05-14,2025-05-14,2025-05-14 14:14:00,2025-05-15 10:50:58.176246
2474,20250624,20250629,3,64,3,28,26,2025-06-24,2025-06-30,2025-06-29,2025-06-29 16:01:00,2025-06-30 03:04:51.794041
2475,20250506,20250519,7,157,2,342,311,2025-05-06,2025-05-15,2025-05-19,2025-05-19 17:17:00,2025-05-22 01:53:27.787227
2476,20250515,20250517,1,21,1,454,390,2025-05-15,2025-05-18,2025-05-17,2025-05-17 07:04:00,2025-05-19 05:47:31.340371
2477,20250726,20250729,10,19,1,270,253,2025-07-26,2025-07-29,2025-07-29,2025-07-29 14:05:00,2025-07-31 14:44:26.534191
2478,20250908,20250918,9,112,1,379,340,2025-09-08,2025-09-13,2025-09-18,2025-09-18 08:09:00,2025-09-19 11:00:07.271739
2479,20250415,20250425,3,95,1,239,220,2025-04-15,2025-04-25,2025-04-25,2025-04-25 07:25:00,2025-04-25 17:01:31.439822
2480,20250611,20250621,8,147,2,482,463,2025-06-11,2025-06-21,2025-06-21,2025-06-21 10:14:00,2025-06-24 04:43:02.701760
2481,20250618,20250621,11,106,2,410,371,2025-06-18,2025-06-21,2025-06-21,2025-06-21 17:41:00,2025-06-26 15:59:20.377360
2482,20250420,20250430,12,9,2,176,164,2025-04-20,2025-04-26,2025-04-30,2025-04-30 09:29:00,2025-05-02 15:37:05.472486
2483,20250923,20250929,7,170,1,225,200,2025-09-23,2025-09-29,2025-09-29,2025-09-29 07:15:00,2025-10-02 22:51:22.117657
2484,20250228,20250307,7,43,1,94,86,2025-02-28,2025-03-05,2025-03-07,2025-03-07 15:45:00,2025-03-10 16:20:56.321227
2485,20250117,20250130,1,16,1,47,46,2025-01-17,2025-01-27,2025-01-30,2025-01-30 17:19:00,2025-02-02 05:28:08.280662
2486,20250309,20250322,9,4,1,219,193,2025-03-09,2025-03-17,2025-03-22,2025-03-22 10:11:00,2025-03-24 02:33:27.822163
2487,20250613,20250616,3,194,1,247,237,2025-06-13,2025-06-16,2025-06-16,2025-06-16 16:43:00,2025-06-23 20:43:30.080645
2488,20250703,20250709,8,110,1,491,440,2025-07-03,2025-07-09,2025-07-09,2025-07-09 10:42:00,2025-07-11 12:07:45.539295
2489,20250906,20250919,7,135,3,22,19,2025-09-06,2025-09-14,2025-09-19,2025-09-19 12:18:00,2025-09-22 16:01:26.773467
2490,20250312,20250320,5,67,1,152,130,2025-03-12,2025-03-20,2025-03-20,2025-03-20 11:46:00,2025-03-25 23:04:29.562220
2491,20251118,20251124,4,87,1,191,163,2025-11-18,2025-11-24,2025-11-24,2025-11-24 14:25:00,2025-11-26 08:40:28.646114
2492,20250210,20250218,13,187,1,230,207,2025-02-10,2025-02-18,2025-02-18,2025-02-18 10:17:00,2025-02-19 21:19:39.246218
2493,20250930,20251010,13,136,2,433,431,2025-09-30,2025-10-10,2025-10-10,2025-10-10 10:14:00,2025-10-10 17:26:14.728903
2494,20250929,20251005,9,148,1,222,213,2025-09-29,2025-10-06,2025-10-05,2025-10-05 12:06:00,2025-10-07 11:40:20.444568
2495,20251007,20251011,6,160,1,425,417,2025-10-07,2025-10-12,2025-10-11,2025-10-11 17:58:00,2025-10-14 23:23:13.397247
2496,20250206,20250212,10,175,1,232,231,2025-02-06,2025-02-11,2025-02-12,2025-02-12 11:39:00,2025-02-15 08:30:43.960642
2497,20250605,20250609,6,35,1,372,328,2025-06-05,2025-06-09,2025-06-09,2025-06-09 10:00:00,2025-06-14 04:13:09.665963
2498,20250419,20250425,8,129,3,407,390,2025-04-19,2025-04-25,2025-04-25,2025-04-25 09:45:00,2025-05-01 10:10:06.060148
2499,20251003,20251008,3,59,1,409,380,2025-10-03,2025-10-08,2025-10-08,2025-10-08 08:20:00,2025-10-11 02:51:59.319438
2500,20250224,20250305,1,96,3,58,52,2025-02-24,2025-03-05,2025-03-05,2025-03-05 12:06:00,2025-03-07 11:30:18.090946
2501,20251006,20251009,11,113,2,417,374,2025-10-06,2025-10-10,2025-10-09,2025-10-09 09:28:00,2025-10-09 22:47:57.520529
2502,20250131,20250207,2,147,1,143,131,2025-01-31,2025-02-07,2025-02-07,2025-02-07 12:10:00,2025-02-07 21:17:33.610929
2503,20250303,20250316,15,162,1,248,215,2025-03-03,2025-03-11,2025-03-16,2025-03-16 11:34:00,2025-03-18 19:31:52.497343
2504,20250904,20250913,10,131,1,351,299,2025-09-04,2025-09-13,2025-09-13,2025-09-13 10:46:00,2025-09-17 03:17:14.006347
2505,20250223,20250304,13,137,2,97,84,2025-02-23,2025-03-04,2025-03-04,2025-03-04 17:23:00,2025-03-05 19:34:04.969808
2506,20250327,20250403,5,69,3,136,122,2025-03-27,2025-04-02,2025-04-03,2025-04-03 11:59:00,2025-04-07 23:10:07.723817
2507,20250108,20250118,13,200,1,82,77,2025-01-08,2025-01-18,2025-01-18,2025-01-18 08:37:00,2025-01-21 08:27:18.582511
2508,20250815,20250822,7,59,1,54,53,2025-08-15,2025-08-23,2025-08-22,2025-08-22 14:20:00,2025-08-24 10:15:59.327263
2509,20251203,20251210,9,50,3,201,200,2025-12-03,2025-12-08,2025-12-10,2025-12-10 14:06:00,2025-12-13 18:42:30.809274
2510,20250906,20250914,4,71,1,474,407,2025-09-06,2025-09-14,2025-09-14,2025-09-14 12:25:00,2025-09-14 22:21:14.961365
2511,20250830,20250903,2,131,2,357,311,2025-08-30,2025-09-03,2025-09-03,2025-09-03 09:30:00,2025-09-06 17:52:04.629884
2512,20250223,20250303,4,175,2,279,273,2025-02-23,2025-03-03,2025-03-03,2025-03-03 08:40:00,2025-03-07 16:21:34.067728
2513,20250615,20250628,5,27,1,366,314,2025-06-15,2025-06-25,2025-06-28,2025-06-28 12:20:00,2025-06-30 01:50:45.257799
2514,20250922,20251004,6,87,3,467,453,2025-09-22,2025-09-29,2025-10-04,2025-10-04 07:46:00,2025-10-07 06:37:41.370807
2515,20250222,20250225,2,132,1,62,54,2025-02-22,2025-02-25,2025-02-25,2025-02-25 09:47:00,2025-02-26 10:07:11.739697
2516,20250721,20250730,3,95,1,464,456,2025-07-21,2025-07-31,2025-07-30,2025-07-30 10:24:00,2025-08-01 23:46:29.350969
2517,20250506,20250508,1,172,1,204,180,2025-05-06,2025-05-09,2025-05-08,2025-05-08 10:03:00,2025-05-09 11:26:14.098230
2518,20250928,20251008,11,37,1,478,429,2025-09-28,2025-10-08,2025-10-08,2025-10-08 11:25:00,2025-10-10 21:38:09.647774
2519,20250714,20250719,11,99,1,475,405,2025-07-14,2025-07-19,2025-07-19,2025-07-19 14:47:00,2025-07-20 04:07:39.768755
2520,20250428,20250508,14,117,2,118,110,2025-04-28,2025-05-07,2025-05-08,2025-05-08 17:42:00,2025-05-10 15:29:18.894665
2521,20250709,20250718,11,78,1,306,304,2025-07-09,2025-07-16,2025-07-18,2025-07-18 15:50:00,2025-07-20 17:07:25.550061
2522,20250730,20250810,10,138,1,333,327,2025-07-30,2025-08-08,2025-08-10,2025-08-10 16:33:00,2025-08-11 04:03:36.986527
2523,20250923,20250927,7,122,1,405,397,2025-09-23,2025-09-27,2025-09-27,2025-09-27 08:04:00,2025-09-28 08:09:43.602104
2524,20250827,20250905,2,87,1,244,242,2025-08-27,2025-09-06,2025-09-05,2025-09-05 14:56:00,2025-09-09 15:25:52.642212
2525,20250317,20250326,12,185,3,364,324,2025-03-17,2025-03-27,2025-03-26,2025-03-26 10:31:00,2025-03-28 03:48:12.287187
2526,20250328,20250401,10,18,2,390,358,2025-03-28,2025-04-02,2025-04-01,2025-04-01 15:15:00,2025-04-02 11:31:32.653328
2527,20250507,20250514,14,97,1,443,415,2025-05-07,2025-05-15,2025-05-14,2025-05-14 08:26:00,2025-05-16 06:34:38.104158
2528,20250209,20250217,6,138,2,153,144,2025-02-09,2025-02-17,2025-02-17,2025-02-17 16:23:00,2025-02-18 17:45:17.147460
2529,20250220,20250224,6,51,2,376,374,2025-02-20,2025-02-24,2025-02-24,2025-02-24 15:16:00,2025-02-26 21:40:32.325478
2530,20250218,20250223,8,143,1,316,300,2025-02-18,2025-02-23,2025-02-23,2025-02-23 09:18:00,2025-02-26 09:09:54.643051
2531,20250629,20250705,2,165,2,498,493,2025-06-29,2025-07-05,2025-07-05,2025-07-05 14:03:00,2025-07-10 03:51:34.979663
2532,20250210,20250216,3,57,1,202,175,2025-02-10,2025-02-16,2025-02-16,2025-02-16 07:25:00,2025-02-21 19:06:19.946789
2533,20250510,20250515,14,156,3,298,284,2025-05-10,2025-05-15,2025-05-15,2025-05-15 14:34:00,2025-05-19 02:16:32.150414
2534,20250616,20250621,2,84,1,295,289,2025-06-16,2025-06-22,2025-06-21,2025-06-21 16:40:00,2025-06-22 01:37:48.411491
2535,20250819,20250822,8,86,2,257,230,2025-08-19,2025-08-22,2025-08-22,2025-08-22 11:05:00,2025-08-25 04:25:46.666940
2536,20251122,20251203,1,65,3,379,342,2025-11-22,2025-12-02,2025-12-03,2025-12-03 11:20:00,2025-12-04 21:38:13.944725
2537,20251020,20251026,7,32,1,276,269,2025-10-20,2025-10-26,2025-10-26,2025-10-26 12:11:00,2025-10-29 02:17:12.508800
2538,20251117,20251125,3,160,1,229,206,2025-11-17,2025-11-25,2025-11-25,2025-11-25 15:31:00,2025-11-28 14:23:26.711244
2539,20250307,20250311,14,74,1,441,431,2025-03-07,2025-03-11,2025-03-11,2025-03-11 10:59:00,2025-03-12 18:12:22.858825
2540,20250109,20250113,8,114,1,121,119,2025-01-09,2025-01-13,2025-01-13,2025-01-13 13:35:00,2025-01-15 18:02:10.170119
2541,20251110,20251119,3,196,1,351,329,2025-11-10,2025-11-16,2025-11-19,2025-11-19 16:20:00,2025-11-20 07:08:08.698428
2542,20250424,20250427,8,176,2,182,172,2025-04-24,2025-04-27,2025-04-27,2025-04-27 14:45:00,2025-04-29 05:41:42.980863
2543,20250807,20250820,11,174,1,396,392,2025-08-07,2025-08-16,2025-08-20,2025-08-20 11:18:00,2025-08-24 10:14:14.517490
2544,20251105,20251112,2,140,3,451,404,2025-11-05,2025-11-12,2025-11-12,2025-11-12 12:14:00,2025-11-13 01:38:15.522494
2545,20250417,20250424,10,136,1,445,414,2025-04-17,2025-04-24,2025-04-24,2025-04-24 10:40:00,2025-04-26 04:44:29.272462
2546,20250810,20250822,3,21,3,22,21,2025-08-10,2025-08-20,2025-08-22,2025-08-22 09:25:00,2025-08-23 10:56:35.562184
2547,20250825,20250829,2,24,2,256,232,2025-08-25,2025-08-30,2025-08-29,2025-08-29 17:09:00,2025-09-04 00:59:08.139387
2548,20251130,20251212,9,128,3,368,339,2025-11-30,2025-12-08,2025-12-12,2025-12-12 10:27:00,2025-12-14 09:29:03.678722
2549,20250722,20250801,13,46,1,363,353,2025-07-22,2025-08-01,2025-08-01,2025-08-01 08:38:00,2025-08-08 08:09:41.060163
2550,20250618,20250626,2,33,1,439,411,2025-06-18,2025-06-26,2025-06-26,2025-06-26 10:01:00,2025-06-30 01:54:39.180604
2551,20250128,20250205,14,158,1,408,367,2025-01-28,2025-02-05,2025-02-05,2025-02-05 10:01:00,2025-02-07 02:16:21.338814
2552,20250512,20250523,11,18,3,344,298,2025-05-12,2025-05-18,2025-05-23,2025-05-23 14:46:00,2025-05-25 02:32:57.391389
2553,20250313,20250319,14,154,3,444,394,2025-03-13,2025-03-17,2025-03-19,2025-03-19 15:15:00,2025-03-25 00:53:23.117359
2554,20250804,20250807,5,130,3,133,116,2025-08-04,2025-08-07,2025-08-07,2025-08-07 12:34:00,2025-08-11 17:22:50.002010
2555,20250724,20250728,8,100,2,497,444,2025-07-24,2025-07-28,2025-07-28,2025-07-28 07:29:00,2025-07-29 04:58:50.172129
2556,20250924,20251005,8,84,3,199,176,2025-09-24,2025-10-02,2025-10-05,2025-10-05 15:51:00,2025-10-08 19:38:54.010228
2557,20250518,20250527,13,88,3,150,138,2025-05-18,2025-05-27,2025-05-27,2025-05-27 14:32:00,2025-05-30 07:23:38.052852
2558,20250630,20250705,13,148,1,317,274,2025-06-30,2025-07-05,2025-07-05,2025-07-05 11:57:00,2025-07-06 15:44:34.083115
2559,20250902,20250910,11,178,1,171,165,2025-09-02,2025-09-05,2025-09-10,2025-09-10 08:36:00,2025-09-11 02:21:57.091032
2560,20250904,20250910,10,41,2,284,256,2025-09-04,2025-09-10,2025-09-10,2025-09-10 15:04:00,2025-09-11 10:01:26.014226
2561,20250221,20250302,7,184,3,377,366,2025-02-21,2025-03-03,2025-03-02,2025-03-02 08:10:00,2025-03-04 15:22:34.378008
2562,20250306,20250311,1,13,2,225,200,2025-03-06,2025-03-11,2025-03-11,2025-03-11 07:39:00,2025-03-12 04:46:50.306379
2563,20250312,20250318,14,23,1,289,287,2025-03-12,2025-03-18,2025-03-18,2025-03-18 09:15:00,2025-03-18 18:31:10.138392
2564,20250613,20250625,5,93,1,32,30,2025-06-13,2025-06-23,2025-06-25,2025-06-25 12:28:00,2025-06-26 17:02:10.337189
2565,20250329,20250405,8,186,1,233,221,2025-03-29,2025-04-05,2025-04-05,2025-04-05 15:51:00,2025-04-05 21:57:23.585883
2566,20251003,20251018,6,164,3,362,308,2025-10-03,2025-10-13,2025-10-18,2025-10-18 08:37:00,2025-10-18 19:00:46.858938
2567,20250430,20250506,1,84,1,104,88,2025-04-30,2025-05-07,2025-05-06,2025-05-06 17:36:00,2025-05-08 16:12:51.522149
2568,20250513,20250525,15,144,2,344,334,2025-05-13,2025-05-20,2025-05-25,2025-05-25 17:15:00,2025-05-28 12:14:39.951517
2569,20251008,20251016,13,29,2,144,141,2025-10-08,2025-10-16,2025-10-16,2025-10-16 13:41:00,2025-10-18 05:11:23.127990
2570,20250522,20250602,2,12,2,456,445,2025-05-22,2025-05-29,2025-06-02,2025-06-02 16:54:00,2025-06-06 12:48:56.933769
2571,20250225,20250301,3,174,2,162,144,2025-02-25,2025-03-01,2025-03-01,2025-03-01 09:16:00,2025-03-03 20:00:07.349825
2572,20250319,20250326,11,166,1,306,260,2025-03-19,2025-03-26,2025-03-26,2025-03-26 11:20:00,2025-03-27 15:48:14.113668
2573,20250622,20250627,3,102,1,321,295,2025-06-22,2025-06-27,2025-06-27,2025-06-27 13:04:00,2025-06-29 10:34:15.339605
2574,20250826,20250905,11,140,1,110,101,2025-08-26,2025-09-05,2025-09-05,2025-09-05 10:49:00,2025-09-07 01:45:21.461283
2575,20250918,20250927,11,114,1,297,261,2025-09-18,2025-09-27,2025-09-27,2025-09-27 15:45:00,2025-10-01 00:50:28.498143
2576,20250527,20250605,8,150,2,426,364,2025-05-27,2025-06-06,2025-06-05,2025-06-05 10:05:00,2025-06-10 00:13:19.071387
2577,20250214,20250220,10,21,2,275,237,2025-02-14,2025-02-20,2025-02-20,2025-02-20 12:07:00,2025-02-21 20:29:47.390578
2578,20250407,20250409,2,18,1,349,316,2025-04-07,2025-04-10,2025-04-09,2025-04-09 10:23:00,2025-04-10 17:52:47.294341
2579,20251121,20251124,12,192,1,269,257,2025-11-21,2025-11-24,2025-11-24,2025-11-24 16:15:00,2025-11-26 19:19:09.366621
2580,20250318,20250325,9,11,2,303,302,2025-03-18,2025-03-26,2025-03-25,2025-03-25 10:35:00,2025-03-27 04:37:02.587513
2581,20251122,20251129,9,198,1,301,262,2025-11-22,2025-11-29,2025-11-29,2025-11-29 11:10:00,2025-12-03 09:06:51.482251
2582,20251013,20251019,7,2,1,93,85,2025-10-13,2025-10-19,2025-10-19,2025-10-19 11:00:00,2025-10-21 13:46:39.723103
2583,20251013,20251018,11,150,2,434,375,2025-10-13,2025-10-16,2025-10-18,2025-10-18 12:06:00,2025-10-23 16:52:07.158097
2584,20250904,20250906,9,100,3,98,84,2025-09-04,2025-09-07,2025-09-06,2025-09-06 15:37:00,2025-09-12 23:57:10.344963
2585,20251202,20251214,6,106,1,90,79,2025-12-02,2025-12-09,2025-12-14,2025-12-14 11:13:00,2025-12-15 03:01:44.102191
2586,20251116,20251125,10,123,2,62,54,2025-11-16,2025-11-26,2025-11-25,2025-11-25 14:32:00,2025-11-25 20:17:57.421560
2587,20250331,20250409,9,108,3,230,220,2025-03-31,2025-04-10,2025-04-09,2025-04-09 15:23:00,2025-04-12 13:08:00.764201
2588,20250817,20250825,14,174,1,236,224,2025-08-17,2025-08-26,2025-08-25,2025-08-25 13:59:00,2025-08-26 05:05:10.715450
2589,20250406,20250415,13,8,2,319,293,2025-04-06,2025-04-11,2025-04-15,2025-04-15 10:20:00,2025-04-17 16:15:56.488996
2590,20250711,20250718,10,56,2,465,438,2025-07-11,2025-07-18,2025-07-18,2025-07-18 10:50:00,2025-07-18 17:45:05.953256
2591,20251106,20251112,6,2,1,463,456,2025-11-06,2025-11-12,2025-11-12,2025-11-12 11:47:00,2025-11-14 12:08:49.545502
2592,20250910,20250915,3,99,1,369,317,2025-09-10,2025-09-15,2025-09-15,2025-09-15 14:04:00,2025-09-16 19:58:33.544734
2593,20250914,20250924,15,198,1,197,176,2025-09-14,2025-09-24,2025-09-24,2025-09-24 14:46:00,2025-09-25 14:14:19.792548
2594,20250410,20250413,13,102,3,364,334,2025-04-10,2025-04-14,2025-04-13,2025-04-13 14:41:00,2025-04-14 18:43:59.700913
2595,20251006,20251010,5,30,1,434,418,2025-10-06,2025-10-10,2025-10-10,2025-10-10 14:45:00,2025-10-14 16:26:41.461682
2596,20250523,20250605,5,33,1,30,25,2025-05-23,2025-06-02,2025-06-05,2025-06-05 16:13:00,2025-06-07 09:40:18.604246
2597,20250804,20250807,2,196,1,432,396,2025-08-04,2025-08-08,2025-08-07,2025-08-07 11:26:00,2025-08-08 23:48:31.365793
2598,20251021,20251028,7,174,1,140,124,2025-10-21,2025-10-27,2025-10-28,2025-10-28 08:51:00,2025-10-28 23:54:24.695520
2599,20250410,20250420,12,97,3,448,428,2025-04-10,2025-04-20,2025-04-20,2025-04-20 07:45:00,2025-04-23 11:36:03.226614
2600,20250226,20250309,6,142,2,144,131,2025-02-26,2025-03-07,2025-03-09,2025-03-09 12:32:00,2025-03-11 18:46:03.393212
2601,20250625,20250708,10,79,1,165,159,2025-06-25,2025-07-04,2025-07-08,2025-07-08 14:57:00,2025-07-09 21:49:26.688428
2602,20250620,20250624,6,13,1,292,291,2025-06-20,2025-06-24,2025-06-24,2025-06-24 11:43:00,2025-06-26 01:58:21.595585
2603,20250902,20250906,7,110,1,110,98,2025-09-02,2025-09-07,2025-09-06,2025-09-06 07:57:00,2025-09-07 09:56:30.585831
2604,20251123,20251202,8,113,1,87,79,2025-11-23,2025-12-02,2025-12-02,2025-12-02 15:35:00,2025-12-03 19:34:45.476338
2605,20250528,20250601,9,149,1,401,341,2025-05-28,2025-06-02,2025-06-01,2025-06-01 07:56:00,2025-06-02 00:28:04.216443
2606,20250520,20250527,13,155,1,65,64,2025-05-20,2025-05-28,2025-05-27,2025-05-27 15:38:00,2025-05-30 07:11:47.649451
2607,20251101,20251107,5,88,1,21,17,2025-11-01,2025-11-08,2025-11-07,2025-11-07 09:21:00,2025-11-10 02:00:54.128243
2608,20250422,20250426,1,157,1,22,21,2025-04-22,2025-04-27,2025-04-26,2025-04-26 11:58:00,2025-04-29 08:16:04.120275
2609,20251019,20251023,1,109,1,34,29,2025-10-19,2025-10-23,2025-10-23,2025-10-23 15:07:00,2025-10-27 05:44:51.432111
2610,20250411,20250414,3,122,1,374,348,2025-04-11,2025-04-14,2025-04-14,2025-04-14 09:55:00,2025-04-18 04:17:54.044374
2611,20250422,20250501,5,97,1,326,278,2025-04-22,2025-05-02,2025-05-01,2025-05-01 17:53:00,2025-05-05 04:40:42.826036
2612,20251006,20251016,4,164,1,448,386,2025-10-06,2025-10-16,2025-10-16,2025-10-16 17:17:00,2025-10-17 18:15:19.225214
2613,20250414,20250427,15,67,1,305,259,2025-04-14,2025-04-22,2025-04-27,2025-04-27 17:06:00,2025-05-01 10:43:42.825583
2614,20251008,20251015,8,190,1,490,483,2025-10-08,2025-10-15,2025-10-15,2025-10-15 16:15:00,2025-10-20 11:47:39.226522
2615,20250621,20250701,7,89,3,89,86,2025-06-21,2025-06-28,2025-07-01,2025-07-01 14:38:00,2025-07-03 08:49:36.378062
2616,20250222,20250301,14,11,1,323,276,2025-02-22,2025-03-01,2025-03-01,2025-03-01 14:24:00,2025-03-04 23:44:06.434366
2617,20251129,20251204,7,39,2,442,440,2025-11-29,2025-12-05,2025-12-04,2025-12-04 15:24:00,2025-12-06 01:07:20.778925
2618,20250219,20250228,12,55,1,231,210,2025-02-19,2025-03-01,2025-02-28,2025-02-28 12:58:00,2025-03-01 17:21:20.016533
2619,20250828,20250902,15,66,2,342,325,2025-08-28,2025-09-02,2025-09-02,2025-09-02 09:19:00,2025-09-03 23:44:17.228057
2620,20250801,20250811,11,85,3,326,307,2025-08-01,2025-08-07,2025-08-11,2025-08-11 11:57:00,2025-08-21 22:22:06.309577
2621,20251121,20251202,8,156,1,407,393,2025-11-21,2025-11-30,2025-12-02,2025-12-02 10:35:00,2025-12-04 02:52:01.668054
2622,20251117,20251126,7,193,1,175,174,2025-11-17,2025-11-24,2025-11-26,2025-11-26 16:44:00,2025-11-29 18:57:32.125450
2623,20250502,20250505,12,85,2,144,131,2025-05-02,2025-05-05,2025-05-05,2025-05-05 15:31:00,2025-05-08 14:04:32.959443
2624,20251118,20251121,13,34,1,157,156,2025-11-18,2025-11-21,2025-11-21,2025-11-21 11:07:00,2025-11-22 01:53:29.050429
2625,20250302,20250306,10,80,3,230,209,2025-03-02,2025-03-06,2025-03-06,2025-03-06 15:33:00,2025-03-08 23:45:06.027011
2626,20251104,20251108,13,173,1,186,159,2025-11-04,2025-11-08,2025-11-08,2025-11-08 13:41:00,2025-11-09 13:02:45.952167
2627,20250406,20250409,1,22,2,244,215,2025-04-06,2025-04-09,2025-04-09,2025-04-09 17:36:00,2025-04-13 08:01:16.173916
2628,20250919,20250926,13,100,3,335,290,2025-09-19,2025-09-26,2025-09-26,2025-09-26 12:18:00,2025-09-27 11:00:00.200492
2629,20250103,20250108,14,30,1,312,286,2025-01-03,2025-01-08,2025-01-08,2025-01-08 14:44:00,2025-01-10 22:29:28.192883
2630,20250516,20250523,8,185,1,348,342,2025-05-16,2025-05-23,2025-05-23,2025-05-23 11:03:00,2025-05-23 22:51:35.692484
2631,20250503,20250516,15,111,1,459,398,2025-05-03,2025-05-12,2025-05-16,2025-05-16 08:36:00,2025-05-17 15:06:07.591440
2632,20250903,20250905,6,14,2,444,429,2025-09-03,2025-09-06,2025-09-05,2025-09-05 08:00:00,2025-09-06 12:32:43.337558
2633,20250505,20250516,14,187,1,101,89,2025-05-05,2025-05-14,2025-05-16,2025-05-16 13:39:00,2025-05-28 09:26:58.459028
2634,20250214,20250221,2,111,2,104,90,2025-02-14,2025-02-21,2025-02-21,2025-02-21 09:50:00,2025-02-22 10:09:35.376387
2635,20250426,20250502,7,114,3,341,294,2025-04-26,2025-05-01,2025-05-02,2025-05-02 16:32:00,2025-05-05 05:28:21.722686
2636,20250531,20250611,7,40,1,317,297,2025-05-31,2025-06-06,2025-06-11,2025-06-11 15:28:00,2025-06-15 03:50:08.962289
2637,20250718,20250721,13,130,1,305,272,2025-07-18,2025-07-21,2025-07-21,2025-07-21 12:42:00,2025-07-26 04:03:46.973467
2638,20251103,20251115,14,104,1,37,36,2025-11-03,2025-11-11,2025-11-15,2025-11-15 15:57:00,2025-11-16 18:04:15.741352
2639,20250407,20250414,2,69,1,216,214,2025-04-07,2025-04-15,2025-04-14,2025-04-14 13:20:00,2025-04-17 12:47:13.145108
2640,20250430,20250503,1,27,2,461,436,2025-04-30,2025-05-03,2025-05-03,2025-05-03 14:07:00,2025-05-08 06:23:27.448276
2641,20250406,20250414,7,138,1,242,216,2025-04-06,2025-04-09,2025-04-14,2025-04-14 12:46:00,2025-04-14 16:57:46.445111
2642,20251015,20251029,5,127,2,146,126,2025-10-15,2025-10-25,2025-10-29,2025-10-29 14:33:00,2025-11-01 08:16:01.351339
2643,20250405,20250410,12,3,1,299,273,2025-04-05,2025-04-11,2025-04-10,2025-04-10 17:54:00,2025-04-12 00:08:55.896104
2644,20250623,20250629,4,60,1,349,315,2025-06-23,2025-06-28,2025-06-29,2025-06-29 15:21:00,2025-06-30 09:56:58.088527
2645,20251014,20251024,11,78,1,301,289,2025-10-14,2025-10-24,2025-10-24,2025-10-24 08:19:00,2025-10-27 05:14:32.630592
2646,20250110,20250113,14,182,3,258,226,2025-01-10,2025-01-13,2025-01-13,2025-01-13 10:51:00,2025-01-13 14:41:14.281927
2647,20250515,20250523,11,45,1,297,262,2025-05-15,2025-05-24,2025-05-23,2025-05-23 10:56:00,2025-05-24 06:56:59.196930
2648,20250325,20250402,2,122,1,65,61,2025-03-25,2025-04-02,2025-04-02,2025-04-02 09:40:00,2025-04-05 11:25:10.379272
2649,20250310,20250319,14,92,2,346,345,2025-03-10,2025-03-14,2025-03-19,2025-03-19 16:38:00,2025-03-21 09:46:03.121979
2650,20250126,20250131,12,73,1,134,125,2025-01-26,2025-01-31,2025-01-31,2025-01-31 17:03:00,2025-02-03 00:54:28.416016
2651,20250807,20250817,8,95,1,425,373,2025-08-07,2025-08-15,2025-08-17,2025-08-17 12:25:00,2025-08-18 18:32:59.514178
2652,20250202,20250209,7,102,1,459,429,2025-02-02,2025-02-08,2025-02-09,2025-02-09 07:35:00,2025-02-10 03:13:22.516873
2653,20250813,20250823,5,114,1,471,458,2025-08-13,2025-08-23,2025-08-23,2025-08-23 13:53:00,2025-08-24 08:44:12.945551
2654,20250606,20250616,6,158,3,65,62,2025-06-06,2025-06-16,2025-06-16,2025-06-16 11:57:00,2025-06-16 19:09:05.378643
2655,20250209,20250216,14,70,1,336,329,2025-02-09,2025-02-12,2025-02-16,2025-02-16 15:41:00,2025-02-18 10:25:48.013410
2656,20250703,20250710,10,188,2,251,214,2025-07-03,2025-07-10,2025-07-10,2025-07-10 17:30:00,2025-07-15 03:15:28.262616
2657,20250817,20250826,12,109,2,338,295,2025-08-17,2025-08-26,2025-08-26,2025-08-26 10:41:00,2025-08-30 15:31:29.927839
2658,20251003,20251012,6,174,1,28,25,2025-10-03,2025-10-13,2025-10-12,2025-10-12 13:43:00,2025-10-14 21:11:43.581788
2659,20250625,20250708,11,29,2,348,311,2025-06-25,2025-07-04,2025-07-08,2025-07-08 13:52:00,2025-07-12 11:22:25.919583
2660,20250102,20250109,1,165,1,21,18,2025-01-02,2025-01-09,2025-01-09,2025-01-09 12:15:00,2025-01-13 02:53:16.654227
2661,20251112,20251121,10,185,3,361,320,2025-11-12,2025-11-21,2025-11-21,2025-11-21 10:40:00,2025-11-24 05:19:44.986730
2662,20250407,20250415,13,74,1,224,199,2025-04-07,2025-04-15,2025-04-15,2025-04-15 09:58:00,2025-04-17 19:22:18.809417
2663,20250523,20250602,7,162,1,35,33,2025-05-23,2025-06-02,2025-06-02,2025-06-02 08:20:00,2025-06-02 14:45:26.986524
2664,20250331,20250405,5,97,1,374,323,2025-03-31,2025-04-05,2025-04-05,2025-04-05 13:01:00,2025-04-07 12:52:23.249908
2665,20251122,20251129,15,184,1,71,66,2025-11-22,2025-11-27,2025-11-29,2025-11-29 16:17:00,2025-11-30 20:07:49.435487
2666,20250314,20250322,9,168,2,187,175,2025-03-14,2025-03-22,2025-03-22,2025-03-22 09:11:00,2025-03-25 09:20:22.989436
2667,20250516,20250520,15,139,1,282,255,2025-05-16,2025-05-20,2025-05-20,2025-05-20 10:35:00,2025-05-21 20:17:59.113085
2668,20250419,20250427,11,83,1,475,472,2025-04-19,2025-04-28,2025-04-27,2025-04-27 14:23:00,2025-05-02 07:56:34.247169
2669,20250419,20250425,14,116,2,41,36,2025-04-19,2025-04-25,2025-04-25,2025-04-25 17:12:00,2025-04-29 16:45:39.683680
2670,20250511,20250517,8,36,1,140,126,2025-05-11,2025-05-18,2025-05-17,2025-05-17 14:51:00,2025-05-19 12:37:05.167879
2671,20250308,20250313,1,126,2,273,240,2025-03-08,2025-03-14,2025-03-13,2025-03-13 12:52:00,2025-03-16 02:59:53.730182
2672,20250815,20250827,15,147,2,305,280,2025-08-15,2025-08-25,2025-08-27,2025-08-27 14:46:00,2025-08-28 12:56:52.017016
2673,20250824,20250904,15,25,2,124,119,2025-08-24,2025-09-01,2025-09-04,2025-09-04 09:31:00,2025-09-06 20:36:37.427194
2674,20250623,20250629,8,106,1,357,320,2025-06-23,2025-06-30,2025-06-29,2025-06-29 16:46:00,2025-07-01 14:18:56.007745
2675,20250314,20250322,11,96,1,482,471,2025-03-14,2025-03-23,2025-03-22,2025-03-22 16:27:00,2025-03-24 03:18:37.245642
2676,20250201,20250210,14,199,2,82,73,2025-02-01,2025-02-11,2025-02-10,2025-02-10 12:35:00,2025-02-16 23:14:34.926164
2677,20250430,20250505,2,86,2,94,91,2025-04-30,2025-05-05,2025-05-05,2025-05-05 14:11:00,2025-05-08 09:55:12.809585
2678,20250306,20250315,10,2,1,88,79,2025-03-06,2025-03-15,2025-03-15,2025-03-15 14:57:00,2025-03-16 20:05:37.337730
2679,20250129,20250208,11,140,2,272,256,2025-01-29,2025-02-03,2025-02-08,2025-02-08 11:00:00,2025-02-10 03:05:38.744907
2680,20250715,20250721,11,140,2,240,211,2025-07-15,2025-07-21,2025-07-21,2025-07-21 13:56:00,2025-07-22 06:58:24.648369
2681,20250531,20250604,8,93,1,349,328,2025-05-31,2025-06-04,2025-06-04,2025-06-04 15:16:00,2025-06-05 09:03:35.550991
2682,20250830,20250908,9,194,1,497,431,2025-08-30,2025-09-06,2025-09-08,2025-09-08 14:13:00,2025-09-11 10:17:23.133289
2683,20250120,20250124,1,191,1,43,37,2025-01-20,2025-01-24,2025-01-24,2025-01-24 10:35:00,2025-01-27 23:27:50.075640
2684,20251203,20251208,15,73,2,266,259,2025-12-03,2025-12-09,2025-12-08,2025-12-08 11:00:00,2025-12-12 16:35:29.492766
2685,20251124,20251204,15,52,1,230,209,2025-11-24,2025-12-04,2025-12-04,2025-12-04 17:32:00,2025-12-05 20:52:59.686645
2686,20250527,20250603,10,177,1,475,473,2025-05-27,2025-06-03,2025-06-03,2025-06-03 11:11:00,2025-06-04 08:06:42.984038
2687,20250921,20250929,5,145,2,142,129,2025-09-21,2025-09-29,2025-09-29,2025-09-29 16:35:00,2025-09-30 03:26:59.544708
2688,20250929,20251006,5,98,1,382,377,2025-09-29,2025-10-06,2025-10-06,2025-10-06 08:03:00,2025-10-08 23:08:38.309423
2689,20250221,20250227,15,152,3,315,269,2025-02-21,2025-02-24,2025-02-27,2025-02-27 07:43:00,2025-03-01 00:08:11.945794
2690,20250616,20250621,15,121,3,102,97,2025-06-16,2025-06-21,2025-06-21,2025-06-21 08:19:00,2025-06-22 19:18:06.779276
2691,20250123,20250128,1,112,2,192,166,2025-01-23,2025-01-28,2025-01-28,2025-01-28 11:40:00,2025-01-30 10:41:40.137928
2692,20250404,20250414,1,166,1,142,123,2025-04-04,2025-04-14,2025-04-14,2025-04-14 15:06:00,2025-04-16 03:26:54.079819
2693,20251129,20251209,6,55,2,74,72,2025-11-29,2025-12-09,2025-12-09,2025-12-09 16:01:00,2025-12-10 04:29:37.551169
2694,20250904,20250910,14,159,3,437,431,2025-09-04,2025-09-11,2025-09-10,2025-09-10 15:19:00,2025-09-13 03:34:59.904190
2695,20251014,20251023,3,166,3,28,26,2025-10-14,2025-10-23,2025-10-23,2025-10-23 15:09:00,2025-10-27 09:03:54.591736
2696,20251015,20251023,1,169,1,160,149,2025-10-15,2025-10-23,2025-10-23,2025-10-23 14:52:00,2025-10-24 04:54:50.917329
2697,20250512,20250518,10,28,3,463,393,2025-05-12,2025-05-18,2025-05-18,2025-05-18 11:10:00,2025-05-22 02:08:31.812516
2698,20250311,20250321,11,105,1,278,258,2025-03-11,2025-03-21,2025-03-21,2025-03-21 16:06:00,2025-03-22 10:51:18.238611
2699,20250509,20250519,15,6,2,375,355,2025-05-09,2025-05-18,2025-05-19,2025-05-19 12:00:00,2025-05-21 10:19:06.015671
2700,20250121,20250124,11,111,2,232,199,2025-01-21,2025-01-25,2025-01-24,2025-01-24 16:02:00,2025-01-26 18:24:09.212264
2701,20250602,20250606,8,150,1,214,195,2025-06-02,2025-06-06,2025-06-06,2025-06-06 13:18:00,2025-06-09 00:42:07.250956
2702,20250924,20250928,11,31,1,51,47,2025-09-24,2025-09-28,2025-09-28,2025-09-28 08:24:00,2025-09-29 02:19:40.929630
2703,20251023,20251030,10,68,2,59,50,2025-10-23,2025-10-30,2025-10-30,2025-10-30 13:23:00,2025-11-06 20:16:54.869425
2704,20251019,20251028,3,58,1,304,259,2025-10-19,2025-10-28,2025-10-28,2025-10-28 14:43:00,2025-10-30 17:17:17.870745
2705,20250115,20250123,2,108,3,46,39,2025-01-15,2025-01-24,2025-01-23,2025-01-23 14:24:00,2025-01-27 18:28:38.366160
2706,20250510,20250520,9,41,3,171,166,2025-05-10,2025-05-20,2025-05-20,2025-05-20 14:15:00,2025-05-21 05:19:21.231210
2707,20250806,20250809,7,10,3,116,107,2025-08-06,2025-08-10,2025-08-09,2025-08-09 14:07:00,2025-08-11 04:44:55.908552
2708,20250804,20250817,2,46,1,496,488,2025-08-04,2025-08-14,2025-08-17,2025-08-17 15:43:00,2025-08-18 04:10:51.617375
2709,20250804,20250812,1,23,1,349,315,2025-08-04,2025-08-12,2025-08-12,2025-08-12 13:22:00,2025-08-15 02:56:35.098408
2710,20250513,20250517,11,68,2,452,431,2025-05-13,2025-05-18,2025-05-17,2025-05-17 12:32:00,2025-05-18 08:34:36.314639
2711,20250207,20250211,4,195,1,347,310,2025-02-07,2025-02-11,2025-02-11,2025-02-11 14:54:00,2025-02-18 09:37:52.395361
2712,20251023,20251102,3,192,3,255,228,2025-10-23,2025-11-02,2025-11-02,2025-11-02 12:04:00,2025-11-05 02:37:21.421794
2713,20250406,20250415,8,77,3,53,51,2025-04-06,2025-04-15,2025-04-15,2025-04-15 13:46:00,2025-04-19 08:54:39.344965
2714,20251117,20251129,5,55,1,123,110,2025-11-17,2025-11-25,2025-11-29,2025-11-29 09:39:00,2025-11-29 22:19:19.591071
2715,20250315,20250320,12,116,1,332,302,2025-03-15,2025-03-20,2025-03-20,2025-03-20 07:52:00,2025-03-21 18:01:59.258063
2716,20250717,20250726,6,71,2,300,273,2025-07-17,2025-07-26,2025-07-26,2025-07-26 15:12:00,2025-07-29 16:39:32.670990
2717,20250722,20250728,9,89,2,413,359,2025-07-22,2025-07-28,2025-07-28,2025-07-28 10:41:00,2025-07-30 19:24:35.319905
2718,20250107,20250116,11,170,1,205,201,2025-01-07,2025-01-12,2025-01-16,2025-01-16 15:38:00,2025-01-17 07:44:35.904402
2719,20250605,20250611,4,66,1,391,374,2025-06-05,2025-06-11,2025-06-11,2025-06-11 10:51:00,2025-06-12 03:06:00.312978
2720,20250903,20250907,11,115,2,477,408,2025-09-03,2025-09-08,2025-09-07,2025-09-07 15:42:00,2025-09-09 13:53:33.842367
2721,20250605,20250609,12,118,2,55,47,2025-06-05,2025-06-10,2025-06-09,2025-06-09 13:48:00,2025-06-13 07:42:28.329238
2722,20250909,20250912,15,90,3,396,355,2025-09-09,2025-09-13,2025-09-12,2025-09-12 12:32:00,2025-09-14 13:05:52.397828
2723,20250315,20250318,13,194,1,247,244,2025-03-15,2025-03-18,2025-03-18,2025-03-18 13:08:00,2025-03-22 23:42:18.972418
2724,20251108,20251113,8,198,1,444,421,2025-11-08,2025-11-13,2025-11-13,2025-11-13 12:34:00,2025-11-16 11:51:00.830317
2725,20250514,20250519,9,145,2,314,279,2025-05-14,2025-05-19,2025-05-19,2025-05-19 07:03:00,2025-05-20 14:40:45.422911
2726,20250429,20250514,5,175,2,264,258,2025-04-29,2025-05-09,2025-05-14,2025-05-14 16:09:00,2025-05-18 09:34:09.971066
2727,20250910,20250924,5,142,1,473,424,2025-09-10,2025-09-19,2025-09-24,2025-09-24 11:46:00,2025-09-27 16:00:01.179305
2728,20250817,20250825,2,139,3,437,430,2025-08-17,2025-08-25,2025-08-25,2025-08-25 14:27:00,2025-08-26 08:25:01.637524
2729,20250804,20250808,6,173,3,263,234,2025-08-04,2025-08-08,2025-08-08,2025-08-08 14:17:00,2025-08-12 14:28:07.156649
2730,20251107,20251116,3,13,1,353,322,2025-11-07,2025-11-16,2025-11-16,2025-11-16 07:18:00,2025-11-16 22:02:36.261531
2731,20250731,20250806,15,85,1,302,287,2025-07-31,2025-08-06,2025-08-06,2025-08-06 09:11:00,2025-08-10 08:50:08.563338
2732,20250421,20250501,11,121,1,369,330,2025-04-21,2025-05-01,2025-05-01,2025-05-01 11:41:00,2025-05-01 17:30:05.727142
2733,20251001,20251010,5,196,2,406,349,2025-10-01,2025-10-09,2025-10-10,2025-10-10 17:53:00,2025-10-12 19:11:54.305000
2734,20250516,20250521,12,32,1,195,182,2025-05-16,2025-05-21,2025-05-21,2025-05-21 08:31:00,2025-05-22 21:21:27.666592
2735,20250227,20250302,8,107,1,180,154,2025-02-27,2025-03-02,2025-03-02,2025-03-02 15:49:00,2025-03-06 21:26:52.348586
2736,20250418,20250422,12,78,1,444,384,2025-04-18,2025-04-22,2025-04-22,2025-04-22 14:00:00,2025-04-23 09:09:14.356183
2737,20250803,20250810,7,51,1,376,333,2025-08-03,2025-08-06,2025-08-10,2025-08-10 17:06:00,2025-08-12 14:46:32.784634
2738,20250321,20250326,10,109,3,339,332,2025-03-21,2025-03-26,2025-03-26,2025-03-26 08:42:00,2025-03-31 06:47:52.350423
2739,20250306,20250311,4,19,2,323,281,2025-03-06,2025-03-12,2025-03-11,2025-03-11 08:03:00,2025-03-13 15:59:33.207408
2740,20250725,20250803,13,71,2,157,156,2025-07-25,2025-08-03,2025-08-03,2025-08-03 11:54:00,2025-08-03 17:43:44.961379
2741,20250702,20250710,4,125,1,102,93,2025-07-02,2025-07-07,2025-07-10,2025-07-10 09:44:00,2025-07-11 13:41:42.319556
2742,20250412,20250426,7,162,1,476,416,2025-04-12,2025-04-22,2025-04-26,2025-04-26 17:56:00,2025-05-04 07:05:36.300335
2743,20251108,20251116,15,59,2,397,375,2025-11-08,2025-11-11,2025-11-16,2025-11-16 11:40:00,2025-11-18 09:57:51.937581
2744,20250321,20250325,10,162,3,495,449,2025-03-21,2025-03-25,2025-03-25,2025-03-25 09:52:00,2025-03-26 07:05:54.769900
2745,20250710,20250717,11,162,3,195,189,2025-07-10,2025-07-17,2025-07-17,2025-07-17 15:55:00,2025-07-18 18:20:47.097062
2746,20250916,20250921,11,57,1,205,187,2025-09-16,2025-09-20,2025-09-21,2025-09-21 09:42:00,2025-09-28 06:14:25.569779
2747,20250510,20250520,7,34,2,382,367,2025-05-10,2025-05-20,2025-05-20,2025-05-20 16:04:00,2025-05-21 19:20:18.135316
2748,20250309,20250318,10,98,2,210,192,2025-03-09,2025-03-19,2025-03-18,2025-03-18 15:11:00,2025-03-19 22:48:38.445389
2749,20250807,20250816,14,153,1,30,27,2025-08-07,2025-08-16,2025-08-16,2025-08-16 14:24:00,2025-08-20 13:06:27.972645
2750,20250603,20250608,7,188,3,291,267,2025-06-03,2025-06-08,2025-06-08,2025-06-08 17:50:00,2025-06-14 16:59:31.825137
2751,20250620,20250629,9,9,3,126,123,2025-06-20,2025-06-29,2025-06-29,2025-06-29 09:31:00,2025-06-29 20:34:38.378800
2752,20250410,20250422,4,15,1,78,75,2025-04-10,2025-04-20,2025-04-22,2025-04-22 08:47:00,2025-04-23 23:30:14.263248
2753,20250326,20250407,13,99,3,122,121,2025-03-26,2025-04-05,2025-04-07,2025-04-07 08:47:00,2025-04-10 07:10:54.594437
2754,20250124,20250130,4,129,2,203,188,2025-01-24,2025-01-31,2025-01-30,2025-01-30 10:38:00,2025-02-01 11:46:49.536243
2755,20250112,20250115,8,73,2,122,112,2025-01-12,2025-01-15,2025-01-15,2025-01-15 16:09:00,2025-01-20 07:40:39.228191
2756,20250302,20250307,15,33,1,372,367,2025-03-02,2025-03-06,2025-03-07,2025-03-07 16:18:00,2025-03-14 23:35:40.599063
2757,20250215,20250219,6,135,1,371,339,2025-02-15,2025-02-19,2025-02-19,2025-02-19 15:10:00,2025-02-21 10:21:03.756090
2758,20250810,20250817,4,91,1,436,386,2025-08-10,2025-08-17,2025-08-17,2025-08-17 16:05:00,2025-08-21 03:13:55.938142
2759,20250128,20250206,7,149,3,78,72,2025-01-28,2025-02-06,2025-02-06,2025-02-06 15:55:00,2025-02-08 07:58:13.955450
2760,20250629,20250707,1,100,1,466,464,2025-06-29,2025-07-07,2025-07-07,2025-07-07 13:00:00,2025-07-11 05:07:06.477716
2761,20250425,20250502,1,56,3,310,296,2025-04-25,2025-04-29,2025-05-02,2025-05-02 15:33:00,2025-05-07 06:08:09.307483
2762,20250213,20250218,1,166,3,245,223,2025-02-13,2025-02-18,2025-02-18,2025-02-18 07:28:00,2025-02-21 08:24:34.548186
2763,20250417,20250421,10,24,1,432,369,2025-04-17,2025-04-22,2025-04-21,2025-04-21 16:33:00,2025-04-24 13:29:49.477939
2764,20250924,20251009,4,33,1,363,310,2025-09-24,2025-10-04,2025-10-09,2025-10-09 13:26:00,2025-10-11 10:18:06.292595
2765,20250306,20250309,6,144,1,213,183,2025-03-06,2025-03-09,2025-03-09,2025-03-09 09:57:00,2025-03-17 13:09:24.746206
2766,20250208,20250211,3,85,1,357,352,2025-02-08,2025-02-12,2025-02-11,2025-02-11 11:56:00,2025-02-13 03:11:40.296127
2767,20250221,20250227,14,101,1,242,222,2025-02-21,2025-02-28,2025-02-27,2025-02-27 14:54:00,2025-02-27 16:54:00.000000
2768,20250712,20250724,6,26,3,43,42,2025-07-12,2025-07-22,2025-07-24,2025-07-24 09:58:00,2025-07-25 05:42:35.718200
2769,20250118,20250124,1,31,1,26,23,2025-01-18,2025-01-24,2025-01-24,2025-01-24 13:34:00,2025-01-27 13:09:32.651879
2770,20250721,20250725,14,1,1,102,91,2025-07-21,2025-07-25,2025-07-25,2025-07-25 09:21:00,2025-07-28 14:03:27.197871
2771,20250808,20250819,1,51,2,151,134,2025-08-08,2025-08-15,2025-08-19,2025-08-19 07:33:00,2025-08-21 12:09:05.002807
2772,20250509,20250521,5,31,3,476,411,2025-05-09,2025-05-18,2025-05-21,2025-05-21 08:25:00,2025-05-22 19:43:57.832999
2773,20250930,20251006,10,146,3,347,311,2025-09-30,2025-10-06,2025-10-06,2025-10-06 14:49:00,2025-10-13 04:23:34.997782
2774,20250224,20250301,1,51,3,430,410,2025-02-24,2025-03-01,2025-03-01,2025-03-01 15:49:00,2025-03-04 15:36:59.241658
2775,20251102,20251113,13,45,3,196,167,2025-11-02,2025-11-12,2025-11-13,2025-11-13 16:16:00,2025-11-14 19:17:47.251947
2776,20250418,20250426,10,120,1,387,348,2025-04-18,2025-04-21,2025-04-26,2025-04-26 09:45:00,2025-04-28 12:52:12.051555
2777,20250604,20250612,7,174,2,29,26,2025-06-04,2025-06-11,2025-06-12,2025-06-12 14:12:00,2025-06-14 08:32:38.694703
2778,20250202,20250212,4,95,1,35,34,2025-02-02,2025-02-07,2025-02-12,2025-02-12 11:26:00,2025-02-15 09:21:45.665306
2779,20250801,20250805,14,18,1,428,414,2025-08-01,2025-08-05,2025-08-05,2025-08-05 09:27:00,2025-08-09 03:55:21.357031
2780,20250304,20250313,15,174,1,256,219,2025-03-04,2025-03-11,2025-03-13,2025-03-13 16:21:00,2025-03-18 17:55:14.813795
2781,20250911,20250918,1,138,3,332,320,2025-09-11,2025-09-19,2025-09-18,2025-09-18 15:06:00,2025-09-21 06:30:46.537346
2782,20250215,20250218,15,58,1,450,416,2025-02-15,2025-02-19,2025-02-18,2025-02-18 07:12:00,2025-02-19 15:37:21.177045
2783,20250713,20250718,12,113,1,346,299,2025-07-13,2025-07-19,2025-07-18,2025-07-18 15:36:00,2025-07-19 02:11:23.493973
2784,20251016,20251026,14,86,3,435,382,2025-10-16,2025-10-26,2025-10-26,2025-10-26 12:52:00,2025-10-28 03:16:45.163813
2785,20251021,20251029,1,145,1,245,242,2025-10-21,2025-10-29,2025-10-29,2025-10-29 16:32:00,2025-10-31 16:39:32.021338
2786,20250905,20250919,6,119,2,487,479,2025-09-05,2025-09-14,2025-09-19,2025-09-19 08:10:00,2025-09-20 19:23:11.957342
2787,20250508,20250515,7,58,2,287,244,2025-05-08,2025-05-15,2025-05-15,2025-05-15 07:36:00,2025-05-16 20:55:50.799383
2788,20250110,20250118,2,122,2,257,236,2025-01-10,2025-01-18,2025-01-18,2025-01-18 11:21:00,2025-01-20 15:19:04.194612
2789,20250417,20250423,9,179,2,283,272,2025-04-17,2025-04-23,2025-04-23,2025-04-23 13:25:00,2025-04-24 21:04:10.030472
2790,20250506,20250511,7,26,1,407,404,2025-05-06,2025-05-12,2025-05-11,2025-05-11 15:39:00,2025-05-15 20:33:52.017094
2791,20251116,20251123,8,49,1,262,260,2025-11-16,2025-11-23,2025-11-23,2025-11-23 13:03:00,2025-12-01 08:19:46.061285
2792,20250714,20250726,14,181,1,116,98,2025-07-14,2025-07-24,2025-07-26,2025-07-26 11:03:00,2025-07-28 07:46:30.955142
2793,20250319,20250325,10,73,2,221,211,2025-03-19,2025-03-23,2025-03-25,2025-03-25 16:22:00,2025-03-26 09:05:06.998082
2794,20250120,20250124,8,112,1,314,278,2025-01-20,2025-01-24,2025-01-24,2025-01-24 10:07:00,2025-01-26 09:12:37.864402
2795,20250705,20250708,6,55,1,204,186,2025-07-05,2025-07-08,2025-07-08,2025-07-08 12:26:00,2025-07-10 17:19:16.419307
2796,20251112,20251118,9,183,2,47,42,2025-11-12,2025-11-18,2025-11-18,2025-11-18 17:45:00,2025-11-20 12:25:24.907136
2797,20251101,20251111,7,38,3,73,65,2025-11-01,2025-11-08,2025-11-11,2025-11-11 07:37:00,2025-11-12 13:55:25.315499
2798,20250511,20250516,10,51,3,371,360,2025-05-11,2025-05-16,2025-05-16,2025-05-16 08:14:00,2025-05-19 02:10:52.566259
2799,20251116,20251120,15,77,3,399,366,2025-11-16,2025-11-19,2025-11-20,2025-11-20 08:08:00,2025-11-20 23:46:32.929941
2800,20251106,20251116,8,102,2,184,171,2025-11-06,2025-11-16,2025-11-16,2025-11-16 16:33:00,2025-11-18 23:22:23.148610
2801,20251206,20251215,14,114,1,415,364,2025-12-06,2025-12-15,2025-12-15,2025-12-15 17:46:00,2025-12-18 02:33:27.175928
2802,20250109,20250112,14,70,2,399,398,2025-01-09,2025-01-12,2025-01-12,2025-01-12 14:37:00,2025-01-15 07:19:23.531950
2803,20250910,20250917,13,103,1,135,119,2025-09-10,2025-09-13,2025-09-17,2025-09-17 12:11:00,2025-09-19 15:31:55.249877
2804,20250305,20250310,15,107,1,287,267,2025-03-05,2025-03-10,2025-03-10,2025-03-10 11:40:00,2025-03-11 05:30:39.448690
2805,20251004,20251012,10,108,3,467,432,2025-10-04,2025-10-12,2025-10-12,2025-10-12 15:28:00,2025-10-17 22:03:02.246784
2806,20251030,20251102,8,102,1,183,166,2025-10-30,2025-11-02,2025-11-02,2025-11-02 08:22:00,2025-11-03 09:54:13.323543
2807,20250526,20250531,7,73,2,146,141,2025-05-26,2025-06-01,2025-05-31,2025-05-31 16:27:00,2025-06-02 03:45:32.491385
2808,20250124,20250203,1,49,2,80,77,2025-01-24,2025-01-31,2025-02-03,2025-02-03 10:06:00,2025-02-09 04:50:27.706177
2809,20250529,20250605,13,133,2,176,166,2025-05-29,2025-06-06,2025-06-05,2025-06-05 07:52:00,2025-06-06 21:35:15.164405
2810,20250526,20250601,1,28,1,117,114,2025-05-26,2025-06-02,2025-06-01,2025-06-01 10:29:00,2025-06-08 20:41:00.182005
2811,20250127,20250201,4,74,1,168,149,2025-01-27,2025-02-01,2025-02-01,2025-02-01 08:37:00,2025-02-03 03:33:32.537067
2812,20250828,20250906,9,127,1,312,267,2025-08-28,2025-09-06,2025-09-06,2025-09-06 17:15:00,2025-09-11 09:22:15.698563
2813,20250606,20250616,4,199,1,289,280,2025-06-06,2025-06-13,2025-06-16,2025-06-16 15:42:00,2025-06-23 00:06:09.601258
2814,20250810,20250813,2,41,2,131,124,2025-08-10,2025-08-14,2025-08-13,2025-08-13 09:20:00,2025-08-17 07:28:30.335415
2815,20250828,20250907,7,152,2,103,94,2025-08-28,2025-09-07,2025-09-07,2025-09-07 12:39:00,2025-09-08 16:59:33.346126
2816,20250813,20250820,4,156,1,178,167,2025-08-13,2025-08-20,2025-08-20,2025-08-20 12:32:00,2025-08-22 19:55:50.954098
2817,20250824,20250831,8,162,1,173,161,2025-08-24,2025-08-31,2025-08-31,2025-08-31 13:50:00,2025-09-02 06:03:07.668456
2818,20250730,20250807,11,24,1,452,385,2025-07-30,2025-08-07,2025-08-07,2025-08-07 07:18:00,2025-08-08 08:16:14.187562
2819,20250809,20250816,2,120,1,409,393,2025-08-09,2025-08-16,2025-08-16,2025-08-16 13:20:00,2025-08-18 08:30:46.474570
2820,20250625,20250703,15,59,1,415,357,2025-06-25,2025-07-03,2025-07-03,2025-07-03 11:30:00,2025-07-04 00:04:29.721348
2821,20250927,20251001,6,15,1,341,328,2025-09-27,2025-10-01,2025-10-01,2025-10-01 09:11:00,2025-10-05 16:36:07.702997
2822,20250604,20250607,9,115,1,65,59,2025-06-04,2025-06-08,2025-06-07,2025-06-07 15:27:00,2025-06-10 02:45:33.091867
2823,20250125,20250130,2,100,3,343,305,2025-01-25,2025-01-31,2025-01-30,2025-01-30 14:54:00,2025-02-02 07:44:05.896619
2824,20250417,20250426,12,150,2,59,57,2025-04-17,2025-04-27,2025-04-26,2025-04-26 11:21:00,2025-05-02 06:18:11.381991
2825,20251031,20251107,1,7,1,360,344,2025-10-31,2025-11-06,2025-11-07,2025-11-07 15:18:00,2025-11-09 11:16:56.133880
2826,20250307,20250319,13,149,1,305,290,2025-03-07,2025-03-15,2025-03-19,2025-03-19 09:18:00,2025-03-20 18:06:30.476727
2827,20250929,20251005,10,66,3,375,325,2025-09-29,2025-10-05,2025-10-05,2025-10-05 16:27:00,2025-10-07 11:34:55.361836
2828,20250701,20250710,7,153,2,33,32,2025-07-01,2025-07-08,2025-07-10,2025-07-10 17:41:00,2025-07-13 15:41:10.144727
2829,20250922,20250927,11,104,1,288,260,2025-09-22,2025-09-27,2025-09-27,2025-09-27 08:33:00,2025-09-30 23:25:27.405115
2830,20250407,20250417,13,82,2,325,280,2025-04-07,2025-04-17,2025-04-17,2025-04-17 12:19:00,2025-04-20 02:00:55.450823
2831,20250503,20250507,9,155,2,141,130,2025-05-03,2025-05-07,2025-05-07,2025-05-07 15:52:00,2025-05-08 03:18:37.115474
2832,20250528,20250605,9,155,2,321,299,2025-05-28,2025-06-05,2025-06-05,2025-06-05 15:02:00,2025-06-11 14:58:12.998941
2833,20251117,20251126,6,57,2,374,371,2025-11-17,2025-11-26,2025-11-26,2025-11-26 14:36:00,2025-11-27 16:55:32.138489
2834,20250122,20250129,4,50,1,82,80,2025-01-22,2025-01-28,2025-01-29,2025-01-29 08:45:00,2025-01-30 05:25:40.166785
2835,20250616,20250626,5,35,2,244,242,2025-06-16,2025-06-21,2025-06-26,2025-06-26 07:38:00,2025-06-30 16:09:40.604877
2836,20250822,20250825,7,127,1,45,44,2025-08-22,2025-08-25,2025-08-25,2025-08-25 14:59:00,2025-08-26 11:06:49.472912
2837,20250610,20250621,11,165,1,364,347,2025-06-10,2025-06-18,2025-06-21,2025-06-21 17:06:00,2025-06-27 00:38:46.253979
2838,20250813,20250823,1,74,1,149,136,2025-08-13,2025-08-23,2025-08-23,2025-08-23 14:05:00,2025-08-23 20:09:30.320844
2839,20250621,20250628,6,32,1,354,327,2025-06-21,2025-06-24,2025-06-28,2025-06-28 16:12:00,2025-06-30 21:03:16.149084
2840,20250303,20250312,13,19,1,115,110,2025-03-03,2025-03-12,2025-03-12,2025-03-12 07:37:00,2025-03-14 18:43:50.326335
2841,20250423,20250429,6,53,3,409,394,2025-04-23,2025-04-29,2025-04-29,2025-04-29 16:49:00,2025-05-01 23:11:47.079378
2842,20250213,20250216,14,119,2,129,124,2025-02-13,2025-02-17,2025-02-16,2025-02-16 10:14:00,2025-02-19 20:13:22.544896
2843,20250309,20250315,9,4,1,51,46,2025-03-09,2025-03-16,2025-03-15,2025-03-15 08:01:00,2025-03-15 12:01:25.909830
2844,20250103,20250110,2,15,2,430,381,2025-01-03,2025-01-10,2025-01-10,2025-01-10 08:58:00,2025-01-13 05:33:30.276198
2845,20250227,20250305,12,198,1,206,192,2025-02-27,2025-03-05,2025-03-05,2025-03-05 07:20:00,2025-03-06 18:48:50.810642
2846,20250612,20250616,13,161,1,119,108,2025-06-12,2025-06-16,2025-06-16,2025-06-16 07:11:00,2025-06-17 21:19:17.880045
2847,20250219,20250225,4,28,3,399,373,2025-02-19,2025-02-22,2025-02-25,2025-02-25 12:51:00,2025-03-01 17:05:35.183321
2848,20250113,20250121,8,17,1,24,23,2025-01-13,2025-01-21,2025-01-21,2025-01-21 14:11:00,2025-01-26 19:54:35.099349
2849,20250206,20250210,9,103,2,140,137,2025-02-06,2025-02-11,2025-02-10,2025-02-10 17:40:00,2025-02-14 07:22:01.579189
2850,20250904,20250909,13,1,2,241,230,2025-09-04,2025-09-09,2025-09-09,2025-09-09 08:15:00,2025-09-14 05:17:50.697762
2851,20250521,20250601,6,198,2,201,183,2025-05-21,2025-05-28,2025-06-01,2025-06-01 07:23:00,2025-06-03 02:36:51.564349
2852,20250811,20250820,2,57,3,225,206,2025-08-11,2025-08-20,2025-08-20,2025-08-20 11:56:00,2025-08-22 00:19:34.601313
2853,20250314,20250321,10,150,1,350,345,2025-03-14,2025-03-22,2025-03-21,2025-03-21 14:50:00,2025-03-22 13:55:34.131261
2854,20250309,20250316,9,36,2,459,432,2025-03-09,2025-03-16,2025-03-16,2025-03-16 07:24:00,2025-03-16 21:26:05.209123
2855,20250222,20250302,5,40,1,85,75,2025-02-22,2025-03-02,2025-03-02,2025-03-02 09:19:00,2025-03-03 04:16:10.334947
2856,20250518,20250526,15,186,1,371,343,2025-05-18,2025-05-23,2025-05-26,2025-05-26 16:23:00,2025-05-28 07:31:15.813180
2857,20250626,20250703,12,182,2,419,361,2025-06-26,2025-07-03,2025-07-03,2025-07-03 13:08:00,2025-07-04 05:57:01.742080
2858,20250521,20250530,9,200,1,239,231,2025-05-21,2025-05-30,2025-05-30,2025-05-30 17:15:00,2025-06-02 04:07:04.854541
2859,20250313,20250322,9,153,3,39,35,2025-03-13,2025-03-22,2025-03-22,2025-03-22 08:00:00,2025-03-25 11:40:13.701274
2860,20250327,20250402,10,54,2,485,482,2025-03-27,2025-04-03,2025-04-02,2025-04-02 09:13:00,2025-04-09 09:29:29.891915
2861,20251030,20251106,5,31,3,439,434,2025-10-30,2025-11-06,2025-11-06,2025-11-06 13:17:00,2025-11-07 20:15:28.883071
2862,20250406,20250421,6,192,3,403,357,2025-04-06,2025-04-16,2025-04-21,2025-04-21 07:08:00,2025-04-27 14:37:07.739128
2863,20251013,20251020,3,6,1,294,292,2025-10-13,2025-10-20,2025-10-20,2025-10-20 14:47:00,2025-10-24 00:54:08.864923
2864,20250901,20250906,6,149,3,115,108,2025-09-01,2025-09-06,2025-09-06,2025-09-06 16:02:00,2025-09-07 18:27:20.402600
2865,20250531,20250608,11,124,1,206,191,2025-05-31,2025-06-07,2025-06-08,2025-06-08 09:37:00,2025-06-11 21:45:53.317435
2866,20250909,20250915,10,28,1,200,179,2025-09-09,2025-09-15,2025-09-15,2025-09-15 17:45:00,2025-09-17 07:14:12.976582
2867,20250722,20250728,3,138,3,31,30,2025-07-22,2025-07-29,2025-07-28,2025-07-28 12:14:00,2025-07-30 03:57:29.807240
2868,20250924,20250928,1,77,2,274,246,2025-09-24,2025-09-28,2025-09-28,2025-09-28 11:58:00,2025-10-02 20:10:07.421487
2869,20250326,20250329,8,97,1,365,358,2025-03-26,2025-03-29,2025-03-29,2025-03-29 08:19:00,2025-03-31 00:16:08.051185
2870,20250113,20250117,4,127,1,153,148,2025-01-13,2025-01-17,2025-01-17,2025-01-17 07:19:00,2025-01-22 13:09:06.011767
2871,20250324,20250328,7,14,1,230,220,2025-03-24,2025-03-29,2025-03-28,2025-03-28 08:50:00,2025-03-28 23:54:34.727375
2872,20250516,20250524,7,182,1,255,252,2025-05-16,2025-05-25,2025-05-24,2025-05-24 17:35:00,2025-05-30 23:11:03.449680
2873,20250827,20250906,9,25,1,53,50,2025-08-27,2025-09-06,2025-09-06,2025-09-06 09:43:00,2025-09-11 08:32:30.679168
2874,20250415,20250427,15,15,2,468,417,2025-04-15,2025-04-23,2025-04-27,2025-04-27 14:59:00,2025-04-30 22:07:33.221962
2875,20250309,20250322,2,189,1,444,437,2025-03-09,2025-03-19,2025-03-22,2025-03-22 08:19:00,2025-03-24 00:50:55.168924
2876,20251126,20251205,2,137,1,291,275,2025-11-26,2025-12-05,2025-12-05,2025-12-05 12:20:00,2025-12-11 13:49:21.746211
2877,20250914,20250922,7,77,1,412,383,2025-09-14,2025-09-22,2025-09-22,2025-09-22 15:54:00,2025-09-26 17:19:53.846650
2878,20250624,20250627,4,104,1,258,226,2025-06-24,2025-06-28,2025-06-27,2025-06-27 07:55:00,2025-06-27 23:30:52.114564
2879,20250625,20250630,7,160,2,168,157,2025-06-25,2025-06-30,2025-06-30,2025-06-30 17:41:00,2025-07-04 02:08:24.396826
2880,20250329,20250408,1,46,2,398,358,2025-03-29,2025-04-08,2025-04-08,2025-04-08 12:36:00,2025-04-11 04:27:10.487275
2881,20250126,20250130,10,147,3,183,164,2025-01-26,2025-01-30,2025-01-30,2025-01-30 10:40:00,2025-01-31 17:27:10.662975
2882,20250223,20250226,2,200,2,370,340,2025-02-23,2025-02-26,2025-02-26,2025-02-26 13:34:00,2025-03-06 06:17:11.103748
2883,20250529,20250607,4,2,1,74,67,2025-05-29,2025-06-08,2025-06-07,2025-06-07 07:27:00,2025-06-08 05:56:12.959338
2884,20250416,20250418,1,74,1,163,155,2025-04-16,2025-04-19,2025-04-18,2025-04-18 17:32:00,2025-04-19 13:30:41.148037
2885,20250119,20250127,2,119,3,267,260,2025-01-19,2025-01-28,2025-01-27,2025-01-27 13:38:00,2025-01-29 01:30:51.649837
2886,20250919,20251001,13,134,3,203,195,2025-09-19,2025-09-26,2025-10-01,2025-10-01 12:18:00,2025-10-06 15:22:15.056105
2887,20250309,20250314,5,52,1,128,117,2025-03-09,2025-03-14,2025-03-14,2025-03-14 09:52:00,2025-03-20 21:42:20.412897
2888,20251010,20251016,13,200,2,28,27,2025-10-10,2025-10-16,2025-10-16,2025-10-16 10:56:00,2025-10-16 18:30:49.790840
2889,20251204,20251212,6,1,3,378,342,2025-12-04,2025-12-12,2025-12-12,2025-12-12 17:13:00,2025-12-22 04:17:14.461245
2890,20250320,20250404,8,61,3,45,40,2025-03-20,2025-03-30,2025-04-04,2025-04-04 16:33:00,2025-04-06 03:44:54.505580
2891,20250921,20250924,7,137,1,382,354,2025-09-21,2025-09-24,2025-09-24,2025-09-24 07:30:00,2025-09-26 02:06:38.007617
2892,20250730,20250809,5,21,1,497,496,2025-07-30,2025-08-07,2025-08-09,2025-08-09 12:52:00,2025-08-10 14:38:51.449334
2893,20250105,20250109,2,118,1,251,237,2025-01-05,2025-01-09,2025-01-09,2025-01-09 09:18:00,2025-01-18 11:55:47.784924
2894,20250525,20250602,11,12,2,199,191,2025-05-25,2025-05-30,2025-06-02,2025-06-02 14:35:00,2025-06-11 19:45:47.052397
2895,20250405,20250417,5,47,3,121,117,2025-04-05,2025-04-14,2025-04-17,2025-04-17 09:32:00,2025-04-18 20:19:53.669945
2896,20250210,20250214,3,98,1,416,389,2025-02-10,2025-02-14,2025-02-14,2025-02-14 10:32:00,2025-02-15 20:34:54.375322
2897,20250821,20250829,7,145,1,432,393,2025-08-21,2025-08-29,2025-08-29,2025-08-29 17:02:00,2025-08-31 17:23:03.430136
2898,20250816,20250822,9,150,2,430,392,2025-08-16,2025-08-23,2025-08-22,2025-08-22 13:43:00,2025-08-28 10:30:20.672542
2899,20250610,20250618,10,191,3,259,244,2025-06-10,2025-06-16,2025-06-18,2025-06-18 16:26:00,2025-06-24 14:09:23.689979
2900,20250110,20250117,4,148,2,249,213,2025-01-10,2025-01-17,2025-01-17,2025-01-17 08:35:00,2025-01-20 18:06:30.504487
2901,20251128,20251202,4,196,1,315,298,2025-11-28,2025-12-03,2025-12-02,2025-12-02 11:04:00,2025-12-03 23:02:40.209955
2902,20250415,20250428,6,197,3,53,50,2025-04-15,2025-04-25,2025-04-28,2025-04-28 13:29:00,2025-04-30 20:12:38.664197
2903,20250128,20250204,8,185,1,492,479,2025-01-28,2025-02-05,2025-02-04,2025-02-04 16:54:00,2025-02-05 15:04:14.980018
2904,20251030,20251104,2,78,2,478,452,2025-10-30,2025-11-05,2025-11-04,2025-11-04 17:38:00,2025-11-04 23:00:22.212201
2905,20250816,20250824,2,142,2,81,78,2025-08-16,2025-08-25,2025-08-24,2025-08-24 16:30:00,2025-08-26 01:02:05.481968
2906,20251030,20251107,6,75,2,447,392,2025-10-30,2025-11-06,2025-11-07,2025-11-07 17:44:00,2025-11-10 10:37:05.796360
2907,20250209,20250216,9,136,2,190,179,2025-02-09,2025-02-16,2025-02-16,2025-02-16 12:42:00,2025-02-16 20:51:08.565548
2908,20250811,20250814,8,52,3,446,401,2025-08-11,2025-08-14,2025-08-14,2025-08-14 14:42:00,2025-08-17 07:22:59.714442
2909,20251002,20251009,1,104,1,484,465,2025-10-02,2025-10-09,2025-10-09,2025-10-09 11:26:00,2025-10-10 21:55:52.638064
2910,20250219,20250301,15,116,3,99,93,2025-02-19,2025-03-01,2025-03-01,2025-03-01 08:46:00,2025-03-02 13:39:26.112049
2911,20250825,20250831,4,69,2,411,382,2025-08-25,2025-08-31,2025-08-31,2025-08-31 11:27:00,2025-09-04 05:47:05.278283
2912,20250611,20250614,3,123,1,264,235,2025-06-11,2025-06-14,2025-06-14,2025-06-14 09:06:00,2025-06-14 21:43:40.673649
2913,20250315,20250323,9,44,1,218,204,2025-03-15,2025-03-23,2025-03-23,2025-03-23 09:53:00,2025-03-26 12:01:57.364231
2914,20251028,20251109,15,178,1,290,251,2025-10-28,2025-11-05,2025-11-09,2025-11-09 14:57:00,2025-11-14 00:23:56.776663
2915,20250519,20250525,15,16,1,190,182,2025-05-19,2025-05-25,2025-05-25,2025-05-25 12:11:00,2025-05-27 01:22:36.020068
2916,20250812,20250818,11,186,1,417,409,2025-08-12,2025-08-18,2025-08-18,2025-08-18 09:59:00,2025-08-19 14:02:17.844059
2917,20250110,20250117,2,142,1,109,108,2025-01-10,2025-01-18,2025-01-17,2025-01-17 15:00:00,2025-01-20 11:11:35.267390
2918,20250926,20251003,3,107,1,491,457,2025-09-26,2025-10-03,2025-10-03,2025-10-03 10:49:00,2025-10-04 13:09:51.815738
2919,20250804,20250812,4,106,2,309,308,2025-08-04,2025-08-12,2025-08-12,2025-08-12 09:00:00,2025-08-14 20:23:36.412327
2920,20250219,20250226,4,57,1,146,127,2025-02-19,2025-02-26,2025-02-26,2025-02-26 14:56:00,2025-03-03 11:37:53.368546
2921,20250815,20250817,13,42,1,464,443,2025-08-15,2025-08-18,2025-08-17,2025-08-17 09:10:00,2025-08-22 23:30:19.235404
2922,20250318,20250322,7,172,1,225,193,2025-03-18,2025-03-23,2025-03-22,2025-03-22 17:19:00,2025-03-23 14:30:06.340554
2923,20251102,20251108,1,83,1,299,270,2025-11-02,2025-11-08,2025-11-08,2025-11-08 08:18:00,2025-11-09 19:49:58.444446
2924,20250525,20250602,6,114,1,443,441,2025-05-25,2025-06-02,2025-06-02,2025-06-02 15:12:00,2025-06-03 19:02:35.491547
2925,20250405,20250410,1,92,3,425,402,2025-04-05,2025-04-08,2025-04-10,2025-04-10 13:37:00,2025-04-10 21:10:59.369342
2926,20250430,20250509,3,102,3,387,366,2025-04-30,2025-05-09,2025-05-09,2025-05-09 11:51:00,2025-05-11 09:38:47.533834
2927,20250728,20250803,6,94,3,167,142,2025-07-28,2025-08-03,2025-08-03,2025-08-03 12:14:00,2025-08-03 14:14:00.000000
2928,20250114,20250121,1,144,3,298,261,2025-01-14,2025-01-21,2025-01-21,2025-01-21 14:53:00,2025-01-25 09:53:40.599910
2929,20250419,20250422,2,161,1,39,38,2025-04-19,2025-04-22,2025-04-22,2025-04-22 16:54:00,2025-04-30 19:00:39.303263
2930,20251102,20251106,4,169,1,499,436,2025-11-02,2025-11-07,2025-11-06,2025-11-06 07:13:00,2025-11-06 12:22:55.315778
2931,20251130,20251209,15,139,1,326,294,2025-11-30,2025-12-09,2025-12-09,2025-12-09 15:19:00,2025-12-11 02:40:12.799182
2932,20250127,20250131,1,157,1,223,204,2025-01-27,2025-01-31,2025-01-31,2025-01-31 09:23:00,2025-02-05 01:10:56.182873
2933,20250621,20250626,14,54,3,125,121,2025-06-21,2025-06-26,2025-06-26,2025-06-26 10:30:00,2025-06-28 18:20:48.404263
2934,20250716,20250719,6,21,2,216,195,2025-07-16,2025-07-19,2025-07-19,2025-07-19 13:54:00,2025-07-20 03:20:33.286972
2935,20250807,20250817,11,170,3,101,100,2025-08-07,2025-08-14,2025-08-17,2025-08-17 07:30:00,2025-08-19 15:16:27.359648
2936,20250930,20251005,3,21,1,77,71,2025-09-30,2025-10-06,2025-10-05,2025-10-05 11:48:00,2025-10-09 02:50:39.853907
2937,20251010,20251016,9,168,1,288,265,2025-10-10,2025-10-16,2025-10-16,2025-10-16 11:04:00,2025-10-17 08:14:07.057506
2938,20251201,20251207,2,115,2,92,79,2025-12-01,2025-12-07,2025-12-07,2025-12-07 12:21:00,2025-12-08 17:51:00.634480
2939,20250830,20250908,5,126,3,214,208,2025-08-30,2025-09-08,2025-09-08,2025-09-08 11:05:00,2025-09-10 13:53:00.091020
2940,20250710,20250717,8,50,3,68,62,2025-07-10,2025-07-17,2025-07-17,2025-07-17 11:29:00,2025-07-23 03:42:05.052040
2941,20251031,20251110,12,15,2,41,38,2025-10-31,2025-11-10,2025-11-10,2025-11-10 12:04:00,2025-11-12 00:56:05.487609
2942,20250216,20250222,15,79,2,186,184,2025-02-16,2025-02-22,2025-02-22,2025-02-22 14:25:00,2025-02-24 17:11:43.351932
2943,20250402,20250405,6,26,1,305,279,2025-04-02,2025-04-05,2025-04-05,2025-04-05 17:09:00,2025-04-10 02:01:40.864923
2944,20250102,20250112,15,34,1,26,25,2025-01-02,2025-01-12,2025-01-12,2025-01-12 15:25:00,2025-01-16 08:40:27.389444
2945,20250603,20250607,9,174,3,280,241,2025-06-03,2025-06-07,2025-06-07,2025-06-07 17:14:00,2025-06-09 23:46:03.495805
2946,20250512,20250522,6,95,2,312,286,2025-05-12,2025-05-22,2025-05-22,2025-05-22 09:33:00,2025-05-24 04:14:02.801514
2947,20250427,20250430,9,142,3,242,221,2025-04-27,2025-04-30,2025-04-30,2025-04-30 10:49:00,2025-05-01 07:46:23.242444
2948,20251106,20251115,1,103,2,297,273,2025-11-06,2025-11-15,2025-11-15,2025-11-15 07:58:00,2025-11-21 05:15:15.098864
2949,20250829,20250901,4,145,1,39,33,2025-08-29,2025-09-01,2025-09-01,2025-09-01 10:34:00,2025-09-05 07:45:53.261871
2950,20251123,20251130,3,119,3,371,338,2025-11-23,2025-11-30,2025-11-30,2025-11-30 12:53:00,2025-12-01 03:55:36.739962
2951,20250603,20250612,7,50,1,201,183,2025-06-03,2025-06-13,2025-06-12,2025-06-12 09:37:00,2025-06-13 07:20:30.667971
2952,20250127,20250203,15,97,1,298,282,2025-01-27,2025-01-31,2025-02-03,2025-02-03 12:49:00,2025-02-05 14:51:46.435358
2953,20250304,20250311,4,160,2,297,293,2025-03-04,2025-03-11,2025-03-11,2025-03-11 10:31:00,2025-03-17 08:02:13.127541
2954,20250203,20250217,5,82,3,186,178,2025-02-03,2025-02-13,2025-02-17,2025-02-17 13:38:00,2025-02-19 18:11:21.017964
2955,20250214,20250217,14,19,1,209,187,2025-02-14,2025-02-17,2025-02-17,2025-02-17 15:43:00,2025-02-17 22:38:43.239858
2956,20250916,20250929,14,32,3,254,227,2025-09-16,2025-09-25,2025-09-29,2025-09-29 14:07:00,2025-10-02 14:22:55.029086
2957,20250316,20250322,10,53,2,283,277,2025-03-16,2025-03-22,2025-03-22,2025-03-22 07:24:00,2025-03-23 01:44:46.861617
2958,20250908,20250916,8,35,1,476,466,2025-09-08,2025-09-16,2025-09-16,2025-09-16 09:57:00,2025-09-19 21:25:30.664464
2959,20250915,20250924,6,56,3,332,311,2025-09-15,2025-09-25,2025-09-24,2025-09-24 11:21:00,2025-09-29 01:09:52.777593
2960,20250703,20250708,6,197,3,442,415,2025-07-03,2025-07-08,2025-07-08,2025-07-08 07:11:00,2025-07-11 11:41:02.097292
2961,20250913,20250917,1,90,3,23,22,2025-09-13,2025-09-17,2025-09-17,2025-09-17 10:48:00,2025-09-20 06:43:33.877484
2962,20250523,20250530,6,100,1,471,404,2025-05-23,2025-05-31,2025-05-30,2025-05-30 17:21:00,2025-05-31 19:11:38.068602
2963,20250617,20250622,15,101,2,88,86,2025-06-17,2025-06-22,2025-06-22,2025-06-22 17:29:00,2025-06-24 13:57:26.223315
2964,20250921,20250929,9,34,1,56,55,2025-09-21,2025-09-29,2025-09-29,2025-09-29 11:08:00,2025-10-03 14:10:09.569095
2965,20250912,20250921,12,138,2,119,105,2025-09-12,2025-09-21,2025-09-21,2025-09-21 09:57:00,2025-09-24 22:04:23.209846
2966,20250205,20250215,4,179,1,390,359,2025-02-05,2025-02-15,2025-02-15,2025-02-15 08:34:00,2025-02-18 19:35:07.495013
2967,20250527,20250529,10,92,2,355,341,2025-05-27,2025-05-30,2025-05-29,2025-05-29 16:26:00,2025-05-30 00:14:52.181820
2968,20250919,20250928,2,160,1,261,241,2025-09-19,2025-09-28,2025-09-28,2025-09-28 13:41:00,2025-10-02 00:32:21.477212
2969,20250510,20250515,6,159,1,429,395,2025-05-10,2025-05-15,2025-05-15,2025-05-15 07:31:00,2025-05-18 04:24:14.941609
2970,20250725,20250803,15,56,1,183,177,2025-07-25,2025-08-02,2025-08-03,2025-08-03 07:22:00,2025-08-04 13:37:11.727292
2971,20250301,20250308,9,25,2,216,194,2025-03-01,2025-03-08,2025-03-08,2025-03-08 15:35:00,2025-03-11 15:35:56.393728
2972,20250805,20250815,3,85,3,143,142,2025-08-05,2025-08-15,2025-08-15,2025-08-15 14:16:00,2025-08-17 07:42:00.895263
2973,20250826,20250901,6,40,1,64,56,2025-08-26,2025-09-02,2025-09-01,2025-09-01 14:56:00,2025-09-03 16:08:37.315209
2974,20250528,20250603,11,130,1,204,200,2025-05-28,2025-06-01,2025-06-03,2025-06-03 16:01:00,2025-06-06 23:53:14.012982
2975,20250225,20250228,4,92,1,31,29,2025-02-25,2025-02-28,2025-02-28,2025-02-28 12:04:00,2025-03-01 14:40:02.439840
2976,20250103,20250113,5,3,1,113,110,2025-01-03,2025-01-13,2025-01-13,2025-01-13 10:17:00,2025-01-15 10:26:20.285049
2977,20251028,20251107,15,130,3,300,267,2025-10-28,2025-11-06,2025-11-07,2025-11-07 16:32:00,2025-11-10 00:21:30.235187
2978,20250508,20250514,5,129,1,222,195,2025-05-08,2025-05-14,2025-05-14,2025-05-14 12:09:00,2025-05-17 14:10:52.057651
2979,20250424,20250501,14,151,2,442,375,2025-04-24,2025-05-01,2025-05-01,2025-05-01 16:33:00,2025-05-04 08:31:17.603344
2980,20250313,20250321,13,154,1,434,424,2025-03-13,2025-03-21,2025-03-21,2025-03-21 16:59:00,2025-03-24 05:39:15.187368
2981,20251125,20251129,9,144,2,85,72,2025-11-25,2025-11-29,2025-11-29,2025-11-29 14:05:00,2025-11-30 06:01:36.112705
2982,20250317,20250327,6,21,3,63,55,2025-03-17,2025-03-27,2025-03-27,2025-03-27 11:41:00,2025-03-29 23:04:52.857222
2983,20250313,20250320,11,36,2,55,52,2025-03-13,2025-03-20,2025-03-20,2025-03-20 17:45:00,2025-03-21 11:06:50.264391
2984,20251110,20251113,2,138,3,65,64,2025-11-10,2025-11-13,2025-11-13,2025-11-13 07:20:00,2025-11-15 11:42:43.831654
2985,20250430,20250504,7,24,1,482,463,2025-04-30,2025-05-05,2025-05-04,2025-05-04 16:50:00,2025-05-05 14:21:29.946884
2986,20250226,20250305,8,140,2,491,442,2025-02-26,2025-03-06,2025-03-05,2025-03-05 11:27:00,2025-03-07 23:34:41.073918
2987,20250111,20250123,7,68,3,182,154,2025-01-11,2025-01-21,2025-01-23,2025-01-23 15:18:00,2025-01-29 01:16:32.258129
2988,20250605,20250610,4,38,3,153,137,2025-06-05,2025-06-10,2025-06-10,2025-06-10 07:07:00,2025-06-14 01:32:10.408976
2989,20250505,20250509,4,138,1,245,244,2025-05-05,2025-05-09,2025-05-09,2025-05-09 07:02:00,2025-05-13 08:35:28.369988
2990,20251102,20251108,5,65,1,489,452,2025-11-02,2025-11-09,2025-11-08,2025-11-08 08:01:00,2025-11-10 16:04:15.773118
2991,20250922,20250927,2,90,1,389,352,2025-09-22,2025-09-27,2025-09-27,2025-09-27 17:38:00,2025-09-27 23:09:29.418875
2992,20250702,20250706,2,170,1,479,475,2025-07-02,2025-07-06,2025-07-06,2025-07-06 10:35:00,2025-07-09 12:39:46.963653
2993,20250917,20250927,1,13,2,165,156,2025-09-17,2025-09-27,2025-09-27,2025-09-27 10:28:00,2025-09-28 15:01:05.799583
2994,20250809,20250818,9,115,1,440,428,2025-08-09,2025-08-19,2025-08-18,2025-08-18 17:49:00,2025-08-20 09:13:50.924451
2995,20250213,20250225,7,48,2,346,324,2025-02-13,2025-02-20,2025-02-25,2025-02-25 15:30:00,2025-02-27 01:53:00.566791
2996,20250725,20250730,3,74,1,344,311,2025-07-25,2025-07-31,2025-07-30,2025-07-30 13:18:00,2025-08-01 07:46:15.896889
2997,20250715,20250723,1,24,2,440,439,2025-07-15,2025-07-23,2025-07-23,2025-07-23 11:03:00,2025-07-27 00:34:19.629819
2998,20251116,20251126,15,123,1,323,297,2025-11-16,2025-11-26,2025-11-26,2025-11-26 13:25:00,2025-11-26 15:25:00.000000
2999,20250804,20250812,7,195,2,61,56,2025-08-04,2025-08-12,2025-08-12,2025-08-12 08:00:00,2025-08-16 08:13:13.047731
3000,20251121,20251129,14,47,3,309,269,2025-11-21,2025-11-26,2025-11-29,2025-11-29 08:08:00,2025-12-02 10:09:50.673773
3001,20251019,20251028,5,4,1,301,270,2025-10-19,2025-10-28,2025-10-28,2025-10-28 14:40:00,2025-10-30 00:37:01.380352
3002,20250708,20250716,7,45,1,52,49,2025-07-08,2025-07-17,2025-07-16,2025-07-16 12:11:00,2025-07-16 19:41:18.878732
3003,20250620,20250623,10,100,1,150,138,2025-06-20,2025-06-23,2025-06-23,2025-06-23 11:14:00,2025-06-24 18:01:46.536287
3004,20251028,20251103,2,111,1,338,300,2025-10-28,2025-11-03,2025-11-03,2025-11-03 08:51:00,2025-11-11 05:30:05.836334
3005,20250530,20250611,3,148,3,210,200,2025-05-30,2025-06-06,2025-06-11,2025-06-11 12:50:00,2025-06-13 00:04:00.767330
3006,20250628,20250704,8,119,3,47,44,2025-06-28,2025-07-04,2025-07-04,2025-07-04 08:19:00,2025-07-11 03:14:11.975504
3007,20250626,20250701,4,95,1,282,267,2025-06-26,2025-07-01,2025-07-01,2025-07-01 12:09:00,2025-07-05 03:14:53.374447
3008,20250313,20250323,4,113,1,253,227,2025-03-13,2025-03-23,2025-03-23,2025-03-23 16:57:00,2025-03-24 04:59:03.585267
3009,20250104,20250108,3,33,3,417,361,2025-01-04,2025-01-08,2025-01-08,2025-01-08 09:49:00,2025-01-10 08:11:21.023394
3010,20250109,20250114,11,71,1,497,439,2025-01-09,2025-01-14,2025-01-14,2025-01-14 17:36:00,2025-01-19 05:05:22.495872
3011,20250225,20250301,6,9,1,259,256,2025-02-25,2025-03-01,2025-03-01,2025-03-01 15:14:00,2025-03-02 22:32:07.192158
3012,20250523,20250526,8,168,2,88,79,2025-05-23,2025-05-26,2025-05-26,2025-05-26 10:46:00,2025-05-27 12:39:07.265320
3013,20250310,20250317,6,53,3,295,284,2025-03-10,2025-03-18,2025-03-17,2025-03-17 09:28:00,2025-03-17 16:33:19.276006
3014,20250804,20250812,8,130,3,326,321,2025-08-04,2025-08-12,2025-08-12,2025-08-12 11:31:00,2025-08-16 07:54:33.210387
3015,20250218,20250302,11,100,2,411,363,2025-02-18,2025-02-25,2025-03-02,2025-03-02 10:20:00,2025-03-03 17:33:58.932236
3016,20250507,20250513,12,103,2,398,353,2025-05-07,2025-05-13,2025-05-13,2025-05-13 09:26:00,2025-05-14 15:12:39.765295
3017,20250129,20250204,15,68,1,214,205,2025-01-29,2025-02-05,2025-02-04,2025-02-04 13:43:00,2025-02-06 05:35:11.091813
3018,20250726,20250729,4,170,1,352,339,2025-07-26,2025-07-30,2025-07-29,2025-07-29 17:01:00,2025-08-02 02:46:38.261630
3019,20250114,20250127,5,133,1,293,288,2025-01-14,2025-01-24,2025-01-27,2025-01-27 11:29:00,2025-01-28 23:26:18.449927
3020,20250221,20250227,7,168,1,456,388,2025-02-21,2025-02-27,2025-02-27,2025-02-27 09:05:00,2025-02-27 21:23:15.295901
3021,20250421,20250427,1,105,1,230,196,2025-04-21,2025-04-27,2025-04-27,2025-04-27 08:43:00,2025-05-03 19:33:42.635396
3022,20250529,20250601,10,183,2,428,378,2025-05-29,2025-06-02,2025-06-01,2025-06-01 14:35:00,2025-06-02 22:55:50.429098
3023,20251029,20251103,3,75,1,422,384,2025-10-29,2025-11-03,2025-11-03,2025-11-03 17:53:00,2025-11-06 11:24:25.235392
3024,20250218,20250223,2,177,1,250,213,2025-02-18,2025-02-24,2025-02-23,2025-02-23 17:13:00,2025-02-26 09:36:51.734584
3025,20250914,20250917,4,153,2,74,70,2025-09-14,2025-09-18,2025-09-17,2025-09-17 08:35:00,2025-09-18 03:22:03.869831
3026,20251103,20251114,8,72,3,262,232,2025-11-03,2025-11-09,2025-11-14,2025-11-14 10:09:00,2025-11-16 17:10:26.685438
3027,20250703,20250707,1,150,1,99,93,2025-07-03,2025-07-07,2025-07-07,2025-07-07 09:17:00,2025-07-10 21:49:22.536116
3028,20250415,20250418,8,5,2,432,377,2025-04-15,2025-04-18,2025-04-18,2025-04-18 11:30:00,2025-04-20 00:54:19.839510
3029,20250121,20250203,13,104,2,383,353,2025-01-21,2025-01-30,2025-02-03,2025-02-03 14:39:00,2025-02-05 08:42:12.496117
3030,20250103,20250107,8,124,2,378,350,2025-01-03,2025-01-07,2025-01-07,2025-01-07 13:21:00,2025-01-08 05:03:49.234091
3031,20250604,20250612,11,79,1,293,265,2025-06-04,2025-06-08,2025-06-12,2025-06-12 16:49:00,2025-06-13 22:03:55.912964
3032,20250425,20250503,13,145,1,488,451,2025-04-25,2025-05-04,2025-05-03,2025-05-03 14:16:00,2025-05-06 07:13:26.799957
3033,20250213,20250218,8,102,3,402,397,2025-02-13,2025-02-18,2025-02-18,2025-02-18 11:15:00,2025-02-21 10:38:05.477121
3034,20251007,20251012,11,32,1,75,71,2025-10-07,2025-10-10,2025-10-12,2025-10-12 14:52:00,2025-10-14 05:17:35.490632
3035,20251021,20251024,8,105,1,237,203,2025-10-21,2025-10-24,2025-10-24,2025-10-24 16:07:00,2025-10-25 23:29:20.982190
3036,20250914,20250918,3,168,1,462,416,2025-09-14,2025-09-17,2025-09-18,2025-09-18 15:30:00,2025-09-19 06:18:28.745647
3037,20251013,20251018,11,71,1,449,392,2025-10-13,2025-10-18,2025-10-18,2025-10-18 09:13:00,2025-10-22 17:58:27.325087
3038,20250508,20250519,1,78,2,218,213,2025-05-08,2025-05-17,2025-05-19,2025-05-19 15:14:00,2025-05-24 10:13:06.230247
3039,20250710,20250717,11,134,1,290,261,2025-07-10,2025-07-17,2025-07-17,2025-07-17 15:24:00,2025-07-20 20:31:44.426673
3040,20251010,20251019,14,154,3,314,309,2025-10-10,2025-10-19,2025-10-19,2025-10-19 16:37:00,2025-10-20 00:41:00.130340
3041,20250519,20250529,14,48,2,445,404,2025-05-19,2025-05-29,2025-05-29,2025-05-29 09:05:00,2025-05-31 13:20:40.445189
3042,20250729,20250804,8,82,3,346,325,2025-07-29,2025-08-04,2025-08-04,2025-08-04 10:52:00,2025-08-05 18:36:54.016841
3043,20250305,20250309,10,76,1,410,350,2025-03-05,2025-03-09,2025-03-09,2025-03-09 14:56:00,2025-03-10 22:26:54.685867
3044,20250809,20250817,15,12,1,490,456,2025-08-09,2025-08-16,2025-08-17,2025-08-17 14:28:00,2025-09-01 05:54:39.693554
3045,20250503,20250512,1,122,2,218,215,2025-05-03,2025-05-11,2025-05-12,2025-05-12 15:50:00,2025-05-14 20:02:12.912568
3046,20251028,20251031,15,97,2,341,294,2025-10-28,2025-10-31,2025-10-31,2025-10-31 08:36:00,2025-11-05 10:27:45.059807
3047,20251127,20251204,14,196,2,82,80,2025-11-27,2025-12-03,2025-12-04,2025-12-04 09:40:00,2025-12-06 02:38:59.122492
3048,20250913,20250922,11,36,1,26,24,2025-09-13,2025-09-18,2025-09-22,2025-09-22 12:13:00,2025-09-23 18:12:32.156452
3049,20251026,20251030,8,113,1,314,292,2025-10-26,2025-10-30,2025-10-30,2025-10-30 16:57:00,2025-11-02 13:15:48.194840
3050,20250505,20250514,11,117,1,470,406,2025-05-05,2025-05-09,2025-05-14,2025-05-14 10:23:00,2025-05-16 02:49:53.360221
3051,20251105,20251109,3,19,1,39,35,2025-11-05,2025-11-09,2025-11-09,2025-11-09 07:01:00,2025-11-12 05:47:08.602665
3052,20250317,20250323,6,135,3,327,296,2025-03-17,2025-03-22,2025-03-23,2025-03-23 11:49:00,2025-03-24 00:43:17.179141
3053,20250108,20250116,6,128,2,52,44,2025-01-08,2025-01-16,2025-01-16,2025-01-16 14:06:00,2025-01-18 09:13:04.042394
3054,20250822,20250904,11,197,2,132,128,2025-08-22,2025-09-01,2025-09-04,2025-09-04 10:41:00,2025-09-09 04:54:46.721115
3055,20250115,20250125,5,107,1,163,159,2025-01-15,2025-01-25,2025-01-25,2025-01-25 13:44:00,2025-01-29 02:39:41.347483
3056,20250717,20250723,7,41,1,177,155,2025-07-17,2025-07-23,2025-07-23,2025-07-23 12:29:00,2025-07-24 10:17:40.434987
3057,20251012,20251025,10,29,2,143,129,2025-10-12,2025-10-21,2025-10-25,2025-10-25 17:04:00,2025-10-27 21:46:40.127688
3058,20251011,20251018,7,103,2,237,219,2025-10-11,2025-10-18,2025-10-18,2025-10-18 07:17:00,2025-10-19 12:26:05.232556
3059,20251120,20251129,11,173,3,480,416,2025-11-20,2025-11-24,2025-11-29,2025-11-29 12:56:00,2025-12-01 21:41:28.851782
3060,20251119,20251128,9,27,1,409,395,2025-11-19,2025-11-28,2025-11-28,2025-11-28 08:11:00,2025-11-30 18:24:19.526536
3061,20250303,20250311,9,121,3,174,156,2025-03-03,2025-03-11,2025-03-11,2025-03-11 09:44:00,2025-03-13 22:51:46.979787
3062,20250922,20250925,2,123,3,449,442,2025-09-22,2025-09-25,2025-09-25,2025-09-25 13:50:00,2025-09-26 04:19:18.982008
3063,20250523,20250530,14,17,1,48,42,2025-05-23,2025-05-26,2025-05-30,2025-05-30 14:21:00,2025-06-04 16:38:55.052907
3064,20251008,20251011,8,168,1,103,92,2025-10-08,2025-10-11,2025-10-11,2025-10-11 16:46:00,2025-10-12 11:20:03.118127
3065,20250917,20250922,7,161,2,233,207,2025-09-17,2025-09-23,2025-09-22,2025-09-22 15:59:00,2025-09-24 06:51:25.263263
3066,20250911,20250919,2,26,1,55,48,2025-09-11,2025-09-19,2025-09-19,2025-09-19 13:10:00,2025-09-22 01:03:55.618118
3067,20251124,20251127,12,104,3,400,390,2025-11-24,2025-11-27,2025-11-27,2025-11-27 16:53:00,2025-11-29 04:47:52.244143
3068,20251007,20251013,2,97,2,101,92,2025-10-07,2025-10-13,2025-10-13,2025-10-13 10:24:00,2025-10-14 17:21:29.873036
3069,20250802,20250807,12,196,1,449,428,2025-08-02,2025-08-07,2025-08-07,2025-08-07 09:51:00,2025-08-09 20:05:48.210897
3070,20250731,20250805,14,161,1,325,315,2025-07-31,2025-08-06,2025-08-05,2025-08-05 17:19:00,2025-08-08 21:28:13.143870
3071,20250128,20250203,11,72,1,199,196,2025-01-28,2025-02-03,2025-02-03,2025-02-03 14:12:00,2025-02-07 18:48:37.926354
3072,20250504,20250509,10,182,2,196,185,2025-05-04,2025-05-09,2025-05-09,2025-05-09 13:23:00,2025-05-11 01:15:54.633099
3073,20250716,20250719,9,156,1,257,250,2025-07-16,2025-07-19,2025-07-19,2025-07-19 15:20:00,2025-07-20 05:01:44.919839
3074,20250508,20250515,13,80,2,116,114,2025-05-08,2025-05-15,2025-05-15,2025-05-15 14:14:00,2025-05-17 23:57:06.776012
3075,20250701,20250706,7,13,3,242,210,2025-07-01,2025-07-06,2025-07-06,2025-07-06 14:07:00,2025-07-10 07:57:30.805732
3076,20250304,20250312,4,138,2,391,343,2025-03-04,2025-03-13,2025-03-12,2025-03-12 10:40:00,2025-03-13 15:20:41.266642
3077,20250803,20250815,7,9,1,182,181,2025-08-03,2025-08-10,2025-08-15,2025-08-15 08:27:00,2025-08-17 18:03:08.463369
3078,20250626,20250703,12,163,3,123,110,2025-06-26,2025-07-03,2025-07-03,2025-07-03 10:49:00,2025-07-06 14:07:30.540829
3079,20250405,20250411,8,82,3,367,317,2025-04-05,2025-04-11,2025-04-11,2025-04-11 13:42:00,2025-04-17 21:40:25.890023
3080,20250807,20250811,8,187,2,270,258,2025-08-07,2025-08-12,2025-08-11,2025-08-11 08:52:00,2025-08-14 21:11:27.856428
3081,20251008,20251015,6,47,2,348,329,2025-10-08,2025-10-15,2025-10-15,2025-10-15 07:18:00,2025-10-21 14:44:50.566413
3082,20250623,20250630,3,80,1,456,443,2025-06-23,2025-06-30,2025-06-30,2025-06-30 09:30:00,2025-06-30 18:28:51.084977
3083,20251010,20251019,5,75,1,162,147,2025-10-10,2025-10-20,2025-10-19,2025-10-19 12:36:00,2025-10-23 06:14:22.416461
3084,20250224,20250302,11,62,2,398,392,2025-02-24,2025-03-03,2025-03-02,2025-03-02 11:07:00,2025-03-05 02:13:05.275045
3085,20250829,20250909,5,48,1,482,454,2025-08-29,2025-09-04,2025-09-09,2025-09-09 11:43:00,2025-09-11 05:42:44.275973
3086,20250514,20250525,3,70,1,499,480,2025-05-14,2025-05-20,2025-05-25,2025-05-25 12:59:00,2025-05-26 19:41:12.870717
3087,20250503,20250511,10,164,2,85,77,2025-05-03,2025-05-11,2025-05-11,2025-05-11 14:27:00,2025-05-11 23:35:08.554597
3088,20250827,20250902,7,160,1,155,152,2025-08-27,2025-09-01,2025-09-02,2025-09-02 10:27:00,2025-09-04 10:40:21.797230
3089,20251020,20251023,8,135,1,300,275,2025-10-20,2025-10-23,2025-10-23,2025-10-23 14:21:00,2025-10-24 12:59:19.861448
3090,20250410,20250413,3,128,2,324,318,2025-04-10,2025-04-13,2025-04-13,2025-04-13 17:29:00,2025-04-16 03:47:49.419381
3091,20250402,20250409,11,91,2,117,102,2025-04-02,2025-04-08,2025-04-09,2025-04-09 13:03:00,2025-04-15 17:08:56.825088
3092,20250126,20250131,14,96,2,445,395,2025-01-26,2025-01-31,2025-01-31,2025-01-31 14:57:00,2025-02-05 13:21:51.241801
3093,20250410,20250420,1,111,1,307,297,2025-04-10,2025-04-15,2025-04-20,2025-04-20 13:33:00,2025-04-21 19:22:19.673451
3094,20250528,20250601,12,147,1,68,57,2025-05-28,2025-06-01,2025-06-01,2025-06-01 16:42:00,2025-06-04 18:24:00.497518
3095,20251023,20251103,15,24,2,497,478,2025-10-23,2025-11-02,2025-11-03,2025-11-03 11:20:00,2025-11-04 10:04:27.420562
3096,20251117,20251124,2,92,1,285,270,2025-11-17,2025-11-25,2025-11-24,2025-11-24 11:30:00,2025-11-26 10:21:13.184199
3097,20250719,20250727,11,77,1,150,145,2025-07-19,2025-07-26,2025-07-27,2025-07-27 14:40:00,2025-07-28 18:35:29.719865
3098,20251126,20251203,13,26,1,52,47,2025-11-26,2025-12-04,2025-12-03,2025-12-03 17:26:00,2025-12-05 00:49:45.863033
3099,20250610,20250618,15,148,1,216,209,2025-06-10,2025-06-18,2025-06-18,2025-06-18 11:40:00,2025-06-19 05:30:57.690389
3100,20250730,20250809,14,111,3,214,198,2025-07-30,2025-08-07,2025-08-09,2025-08-09 15:54:00,2025-08-11 06:13:18.450919
3101,20251015,20251023,8,26,1,286,260,2025-10-15,2025-10-22,2025-10-23,2025-10-23 16:12:00,2025-10-25 01:41:20.930191
3102,20251026,20251105,1,149,1,157,133,2025-10-26,2025-11-03,2025-11-05,2025-11-05 15:55:00,2025-11-10 09:08:47.101008
3103,20250114,20250121,9,58,2,167,154,2025-01-14,2025-01-20,2025-01-21,2025-01-21 12:03:00,2025-01-21 23:28:12.883414
3104,20250715,20250722,2,31,3,23,21,2025-07-15,2025-07-22,2025-07-22,2025-07-22 10:51:00,2025-07-28 05:12:57.996817
3105,20250613,20250623,1,60,1,250,239,2025-06-13,2025-06-23,2025-06-23,2025-06-23 14:34:00,2025-06-26 00:20:30.720967
3106,20251124,20251130,2,53,3,159,148,2025-11-24,2025-11-30,2025-11-30,2025-11-30 09:44:00,2025-11-30 20:15:06.885083
3107,20250120,20250123,8,174,3,326,302,2025-01-20,2025-01-23,2025-01-23,2025-01-23 15:31:00,2025-01-29 09:25:40.296968
3108,20250630,20250713,1,173,1,212,188,2025-06-30,2025-07-10,2025-07-13,2025-07-13 15:26:00,2025-07-15 16:26:29.230785
3109,20251110,20251113,3,95,3,344,339,2025-11-10,2025-11-13,2025-11-13,2025-11-13 17:33:00,2025-11-18 23:57:30.285681
3110,20250624,20250628,6,175,3,289,250,2025-06-24,2025-06-28,2025-06-28,2025-06-28 16:45:00,2025-06-30 21:40:40.908116
3111,20250917,20250929,5,133,3,387,354,2025-09-17,2025-09-24,2025-09-29,2025-09-29 07:03:00,2025-09-30 22:09:38.493121
3112,20250302,20250310,8,148,1,344,333,2025-03-02,2025-03-10,2025-03-10,2025-03-10 17:50:00,2025-03-12 00:38:46.662150
3113,20251126,20251201,3,81,3,124,106,2025-11-26,2025-11-30,2025-12-01,2025-12-01 12:53:00,2025-12-06 13:58:03.239219
3114,20250414,20250419,15,104,3,88,81,2025-04-14,2025-04-19,2025-04-19,2025-04-19 09:20:00,2025-04-19 15:32:04.248363
3115,20250709,20250717,1,128,2,288,256,2025-07-09,2025-07-17,2025-07-17,2025-07-17 15:22:00,2025-07-19 04:54:34.725651
3116,20250529,20250613,5,162,1,230,202,2025-05-29,2025-06-08,2025-06-13,2025-06-13 13:05:00,2025-06-13 23:42:34.567151
3117,20250730,20250803,9,85,3,231,212,2025-07-30,2025-08-03,2025-08-03,2025-08-03 11:13:00,2025-08-04 06:27:41.536466
3118,20251113,20251121,8,50,1,66,60,2025-11-13,2025-11-17,2025-11-21,2025-11-21 11:41:00,2025-11-22 15:40:09.477964
3119,20250906,20250912,1,42,1,422,420,2025-09-06,2025-09-11,2025-09-12,2025-09-12 13:20:00,2025-09-16 09:56:10.761370
3120,20251009,20251017,2,142,3,221,211,2025-10-09,2025-10-18,2025-10-17,2025-10-17 08:09:00,2025-10-17 15:41:34.287693
3121,20250512,20250520,5,19,1,358,333,2025-05-12,2025-05-20,2025-05-20,2025-05-20 08:29:00,2025-05-21 23:02:19.011809
3122,20251112,20251120,12,83,2,86,73,2025-11-12,2025-11-16,2025-11-20,2025-11-20 10:20:00,2025-11-27 02:14:57.039540
3123,20250524,20250531,4,10,1,360,320,2025-05-24,2025-06-01,2025-05-31,2025-05-31 10:48:00,2025-06-03 04:17:51.657930
3124,20250324,20250401,2,12,1,225,203,2025-03-24,2025-04-01,2025-04-01,2025-04-01 17:43:00,2025-04-02 11:14:54.824846
3125,20250923,20251001,13,171,1,278,267,2025-09-23,2025-10-01,2025-10-01,2025-10-01 13:41:00,2025-10-02 10:47:41.681885
3126,20250909,20250917,6,112,1,197,175,2025-09-09,2025-09-12,2025-09-17,2025-09-17 17:09:00,2025-09-18 15:08:29.546806
3127,20251013,20251016,6,171,1,80,76,2025-10-13,2025-10-16,2025-10-16,2025-10-16 13:19:00,2025-10-18 16:33:57.887640
3128,20250816,20250819,5,127,1,385,354,2025-08-16,2025-08-19,2025-08-19,2025-08-19 15:03:00,2025-08-20 01:46:35.594438
3129,20250429,20250506,10,34,1,487,447,2025-04-29,2025-05-04,2025-05-06,2025-05-06 16:27:00,2025-05-07 21:53:01.049266
3130,20251016,20251018,1,158,1,319,318,2025-10-16,2025-10-19,2025-10-18,2025-10-18 11:04:00,2025-10-19 21:28:12.763498
3131,20251007,20251010,15,138,3,422,409,2025-10-07,2025-10-10,2025-10-10,2025-10-10 08:46:00,2025-10-11 08:40:57.743565
3132,20250826,20250830,5,56,2,291,271,2025-08-26,2025-08-30,2025-08-30,2025-08-30 12:49:00,2025-09-01 05:58:22.039691
3133,20250102,20250107,15,184,1,281,247,2025-01-02,2025-01-07,2025-01-07,2025-01-07 13:19:00,2025-01-08 14:23:57.692093
3134,20250914,20250925,6,27,2,437,374,2025-09-14,2025-09-20,2025-09-25,2025-09-25 17:21:00,2025-09-27 08:13:33.517312
3135,20250627,20250705,2,26,2,111,101,2025-06-27,2025-07-05,2025-07-05,2025-07-05 10:31:00,2025-07-06 02:38:09.504988
3136,20250817,20250826,12,48,2,272,258,2025-08-17,2025-08-26,2025-08-26,2025-08-26 10:48:00,2025-08-28 06:55:21.381472
3137,20251116,20251119,13,158,2,97,89,2025-11-16,2025-11-19,2025-11-19,2025-11-19 13:18:00,2025-11-20 14:41:21.507644
3138,20250424,20250502,6,93,2,440,379,2025-04-24,2025-05-02,2025-05-02,2025-05-02 07:42:00,2025-05-04 11:52:55.602118
3139,20251202,20251209,7,58,1,33,30,2025-12-02,2025-12-10,2025-12-09,2025-12-09 08:26:00,2025-12-11 12:31:22.132898
3140,20250514,20250524,1,67,1,259,240,2025-05-14,2025-05-23,2025-05-24,2025-05-24 09:09:00,2025-05-29 09:26:11.863325
3141,20250708,20250721,3,79,3,242,213,2025-07-08,2025-07-18,2025-07-21,2025-07-21 09:43:00,2025-07-24 10:34:43.884111
3142,20250914,20250922,10,182,3,40,35,2025-09-14,2025-09-21,2025-09-22,2025-09-22 13:33:00,2025-09-23 22:13:10.455510
3143,20250202,20250205,4,6,3,379,338,2025-02-02,2025-02-05,2025-02-05,2025-02-05 13:26:00,2025-02-09 11:27:31.937660
3144,20250921,20250929,7,12,2,374,331,2025-09-21,2025-09-29,2025-09-29,2025-09-29 10:51:00,2025-10-02 18:03:14.680370
3145,20251024,20251027,8,102,2,205,191,2025-10-24,2025-10-27,2025-10-27,2025-10-27 07:35:00,2025-10-28 05:07:44.017747
3146,20250922,20251001,14,70,1,23,19,2025-09-22,2025-10-01,2025-10-01,2025-10-01 15:46:00,2025-10-08 02:32:46.815457
3147,20250802,20250811,13,124,1,70,67,2025-08-02,2025-08-11,2025-08-11,2025-08-11 10:43:00,2025-08-14 05:02:43.106508
3148,20250924,20251001,8,174,2,300,280,2025-09-24,2025-10-01,2025-10-01,2025-10-01 07:21:00,2025-10-06 08:13:40.099145
3149,20250426,20250504,7,79,1,35,34,2025-04-26,2025-05-03,2025-05-04,2025-05-04 08:16:00,2025-05-07 17:10:44.197615
3150,20251108,20251117,15,11,1,110,101,2025-11-08,2025-11-17,2025-11-17,2025-11-17 12:27:00,2025-11-18 09:24:48.566731
3151,20250523,20250527,1,5,1,414,401,2025-05-23,2025-05-27,2025-05-27,2025-05-27 07:25:00,2025-05-31 13:16:37.625043
3152,20251101,20251110,12,33,1,286,263,2025-11-01,2025-11-10,2025-11-10,2025-11-10 13:24:00,2025-11-10 19:54:41.525633
3153,20250318,20250327,8,151,3,228,219,2025-03-18,2025-03-28,2025-03-27,2025-03-27 15:29:00,2025-03-28 12:08:20.402145
3154,20251130,20251208,14,177,3,266,263,2025-11-30,2025-12-06,2025-12-08,2025-12-08 15:11:00,2025-12-10 05:48:39.499332
3155,20250210,20250216,15,119,3,229,228,2025-02-10,2025-02-16,2025-02-16,2025-02-16 17:58:00,2025-02-20 09:03:15.712599
3156,20250817,20250822,12,142,1,317,301,2025-08-17,2025-08-23,2025-08-22,2025-08-22 10:25:00,2025-08-24 05:37:18.343334
3157,20250523,20250531,1,140,1,353,302,2025-05-23,2025-05-31,2025-05-31,2025-05-31 09:57:00,2025-06-01 22:46:09.694208
3158,20250630,20250702,8,179,2,381,375,2025-06-30,2025-07-03,2025-07-02,2025-07-02 07:30:00,2025-07-04 13:36:23.873241
3159,20251108,20251111,6,136,3,47,46,2025-11-08,2025-11-11,2025-11-11,2025-11-11 07:16:00,2025-11-13 00:26:40.436711
3160,20250212,20250217,4,36,2,486,433,2025-02-12,2025-02-18,2025-02-17,2025-02-17 11:01:00,2025-02-21 05:37:42.722344
3161,20250901,20250904,2,46,1,299,265,2025-09-01,2025-09-04,2025-09-04,2025-09-04 09:31:00,2025-09-05 05:54:38.119011
3162,20250724,20250729,1,18,3,451,449,2025-07-24,2025-07-29,2025-07-29,2025-07-29 15:21:00,2025-07-30 15:10:28.371561
3163,20251013,20251022,14,194,1,143,133,2025-10-13,2025-10-22,2025-10-22,2025-10-22 10:58:00,2025-10-26 14:24:24.341302
3164,20251114,20251120,10,103,2,128,119,2025-11-14,2025-11-20,2025-11-20,2025-11-20 09:27:00,2025-11-23 21:48:45.559637
3165,20250715,20250722,9,141,1,191,171,2025-07-15,2025-07-22,2025-07-22,2025-07-22 12:43:00,2025-07-22 17:34:43.114948
3166,20250426,20250428,3,136,1,106,97,2025-04-26,2025-04-29,2025-04-28,2025-04-28 16:16:00,2025-04-28 22:37:10.677338
3167,20250320,20250330,3,141,3,207,187,2025-03-20,2025-03-30,2025-03-30,2025-03-30 07:11:00,2025-04-02 22:09:10.869515
3168,20250802,20250808,8,138,1,298,267,2025-08-02,2025-08-09,2025-08-08,2025-08-08 14:52:00,2025-08-11 04:22:37.325049
3169,20250908,20250912,7,1,3,420,403,2025-09-08,2025-09-12,2025-09-12,2025-09-12 13:49:00,2025-09-14 20:05:35.029709
3170,20250902,20250909,10,21,1,327,291,2025-09-02,2025-09-10,2025-09-09,2025-09-09 12:05:00,2025-09-11 16:15:46.931104
3171,20250224,20250303,5,43,2,307,305,2025-02-24,2025-03-03,2025-03-03,2025-03-03 11:22:00,2025-03-05 10:26:44.410251
3172,20250904,20250918,7,23,2,237,201,2025-09-04,2025-09-13,2025-09-18,2025-09-18 16:41:00,2025-09-20 07:10:03.534594
3173,20250927,20251001,13,91,1,344,320,2025-09-27,2025-10-01,2025-10-01,2025-10-01 11:05:00,2025-10-02 21:25:05.572567
3174,20251017,20251025,3,133,2,487,486,2025-10-17,2025-10-25,2025-10-25,2025-10-25 14:41:00,2025-10-26 18:57:26.771100
3175,20250128,20250207,13,61,2,214,182,2025-01-28,2025-02-07,2025-02-07,2025-02-07 10:24:00,2025-02-10 02:39:36.081157
3176,20250203,20250216,7,182,2,49,44,2025-02-03,2025-02-13,2025-02-16,2025-02-16 07:22:00,2025-02-18 02:03:46.614102
3177,20250122,20250201,11,105,1,451,396,2025-01-22,2025-02-01,2025-02-01,2025-02-01 14:32:00,2025-02-04 18:58:14.063103
3178,20250305,20250310,5,143,1,446,408,2025-03-05,2025-03-09,2025-03-10,2025-03-10 15:16:00,2025-03-14 08:59:04.744054
3179,20250729,20250731,14,116,1,182,161,2025-07-29,2025-08-01,2025-07-31,2025-07-31 16:12:00,2025-08-05 00:11:58.900330
3180,20251123,20251130,3,42,1,368,329,2025-11-23,2025-11-30,2025-11-30,2025-11-30 16:14:00,2025-12-01 11:45:26.275158
3181,20251030,20251110,13,98,1,221,195,2025-10-30,2025-11-09,2025-11-10,2025-11-10 09:18:00,2025-11-10 18:38:56.244036
3182,20250528,20250606,2,17,1,368,324,2025-05-28,2025-06-06,2025-06-06,2025-06-06 10:58:00,2025-06-08 05:12:11.837955
3183,20250913,20250916,7,110,1,259,253,2025-09-13,2025-09-16,2025-09-16,2025-09-16 11:14:00,2025-09-17 13:35:01.283382
3184,20251029,20251031,8,45,1,459,399,2025-10-29,2025-11-01,2025-10-31,2025-10-31 07:54:00,2025-11-03 05:35:42.292494
3185,20250707,20250711,7,33,2,371,364,2025-07-07,2025-07-11,2025-07-11,2025-07-11 13:03:00,2025-07-11 16:45:09.079397
3186,20250327,20250402,2,79,2,267,240,2025-03-27,2025-04-02,2025-04-02,2025-04-02 07:14:00,2025-04-03 11:56:20.069422
3187,20250212,20250215,4,149,3,200,190,2025-02-12,2025-02-15,2025-02-15,2025-02-15 14:36:00,2025-02-17 02:34:28.740520
3188,20250621,20250624,7,107,1,432,390,2025-06-21,2025-06-24,2025-06-24,2025-06-24 11:26:00,2025-06-26 01:52:25.249664
3189,20251206,20251219,7,129,2,246,221,2025-12-06,2025-12-15,2025-12-19,2025-12-19 08:04:00,2025-12-21 07:18:21.474874
3190,20250825,20250830,14,44,2,118,110,2025-08-25,2025-08-30,2025-08-30,2025-08-30 12:37:00,2025-08-30 20:53:05.127355
3191,20251122,20251130,9,59,1,99,95,2025-11-22,2025-11-30,2025-11-30,2025-11-30 08:16:00,2025-12-02 22:54:13.362989
3192,20250926,20251004,4,105,2,238,232,2025-09-26,2025-10-05,2025-10-04,2025-10-04 12:54:00,2025-10-09 11:23:21.929502
3193,20250716,20250719,12,173,1,95,89,2025-07-16,2025-07-19,2025-07-19,2025-07-19 12:28:00,2025-07-20 11:11:57.667776
3194,20250405,20250409,5,93,1,198,177,2025-04-05,2025-04-09,2025-04-09,2025-04-09 12:42:00,2025-04-10 17:43:53.799467
3195,20250131,20250203,1,130,2,98,89,2025-01-31,2025-02-04,2025-02-03,2025-02-03 17:04:00,2025-02-04 04:10:17.382538
3196,20250226,20250228,9,59,2,400,363,2025-02-26,2025-03-01,2025-02-28,2025-02-28 17:35:00,2025-02-28 23:01:32.715953
3197,20250722,20250728,8,86,2,269,231,2025-07-22,2025-07-28,2025-07-28,2025-07-28 17:28:00,2025-07-29 21:02:47.207779
3198,20251001,20251009,3,55,2,166,154,2025-10-01,2025-10-09,2025-10-09,2025-10-09 12:56:00,2025-10-09 23:15:45.568486
3199,20250913,20250920,11,81,1,213,183,2025-09-13,2025-09-20,2025-09-20,2025-09-20 17:37:00,2025-09-22 03:29:54.871463
3200,20250504,20250512,13,70,1,60,55,2025-05-04,2025-05-12,2025-05-12,2025-05-12 11:50:00,2025-05-16 06:19:57.335703
3201,20250908,20250914,11,188,1,383,379,2025-09-08,2025-09-12,2025-09-14,2025-09-14 17:26:00,2025-09-15 23:09:33.642218
3202,20250201,20250208,2,145,3,102,90,2025-02-01,2025-02-08,2025-02-08,2025-02-08 16:07:00,2025-02-09 17:08:04.900061
3203,20250813,20250824,7,9,1,209,204,2025-08-13,2025-08-22,2025-08-24,2025-08-24 10:29:00,2025-08-24 21:22:46.125615
3204,20250330,20250402,2,33,1,206,191,2025-03-30,2025-04-02,2025-04-02,2025-04-02 12:17:00,2025-04-03 15:24:05.421490
3205,20250101,20250109,15,164,1,340,312,2025-01-01,2025-01-07,2025-01-09,2025-01-09 16:08:00,2025-01-14 08:12:56.832626
3206,20250928,20251002,6,22,2,423,381,2025-09-28,2025-10-02,2025-10-02,2025-10-02 15:14:00,2025-10-05 01:50:24.227614
3207,20250101,20250108,13,115,1,493,465,2025-01-01,2025-01-08,2025-01-08,2025-01-08 13:20:00,2025-01-10 11:05:11.695101
3208,20250724,20250730,15,62,1,123,106,2025-07-24,2025-07-30,2025-07-30,2025-07-30 17:27:00,2025-08-01 04:39:16.166874
3209,20250419,20250424,4,76,1,96,92,2025-04-19,2025-04-25,2025-04-24,2025-04-24 07:25:00,2025-04-27 23:17:03.500489
3210,20250116,20250125,5,46,1,485,415,2025-01-16,2025-01-24,2025-01-25,2025-01-25 08:24:00,2025-01-28 01:35:12.637635
3211,20251102,20251112,8,182,2,33,32,2025-11-02,2025-11-12,2025-11-12,2025-11-12 11:59:00,2025-11-16 00:32:58.904981
3212,20250527,20250602,3,59,1,316,275,2025-05-27,2025-06-02,2025-06-02,2025-06-02 17:06:00,2025-06-03 18:51:52.745278
3213,20250713,20250723,4,194,1,491,484,2025-07-13,2025-07-23,2025-07-23,2025-07-23 08:19:00,2025-07-26 17:10:09.674582
3214,20251105,20251116,1,167,2,68,59,2025-11-05,2025-11-15,2025-11-16,2025-11-16 14:35:00,2025-11-20 17:47:46.203503
3215,20250612,20250622,9,67,1,189,160,2025-06-12,2025-06-22,2025-06-22,2025-06-22 12:30:00,2025-06-23 11:10:10.698974
3216,20251019,20251026,1,105,1,47,42,2025-10-19,2025-10-26,2025-10-26,2025-10-26 07:28:00,2025-10-28 15:39:47.653774
3217,20250109,20250116,6,143,1,22,19,2025-01-09,2025-01-13,2025-01-16,2025-01-16 12:26:00,2025-01-18 22:03:39.408014
3218,20251129,20251209,6,171,3,355,306,2025-11-29,2025-12-09,2025-12-09,2025-12-09 11:09:00,2025-12-13 04:56:43.607199
3219,20250530,20250609,9,23,1,174,172,2025-05-30,2025-06-04,2025-06-09,2025-06-09 15:37:00,2025-06-12 13:37:24.147221
3220,20251110,20251118,15,15,1,239,213,2025-11-10,2025-11-18,2025-11-18,2025-11-18 15:51:00,2025-11-19 20:03:20.230924
3221,20250424,20250503,2,63,1,250,240,2025-04-24,2025-05-03,2025-05-03,2025-05-03 14:04:00,2025-05-05 07:21:53.403734
3222,20250711,20250715,3,70,3,233,216,2025-07-11,2025-07-16,2025-07-15,2025-07-15 10:45:00,2025-07-19 12:33:08.256676
3223,20250824,20250827,11,102,2,436,378,2025-08-24,2025-08-27,2025-08-27,2025-08-27 12:44:00,2025-08-30 01:05:36.516268
3224,20250329,20250403,9,69,1,158,143,2025-03-29,2025-04-03,2025-04-03,2025-04-03 15:54:00,2025-04-04 03:09:35.034827
3225,20250323,20250326,9,178,1,162,141,2025-03-23,2025-03-27,2025-03-26,2025-03-26 16:28:00,2025-03-28 22:29:56.656258
3226,20250612,20250619,3,116,2,302,290,2025-06-12,2025-06-19,2025-06-19,2025-06-19 08:48:00,2025-06-20 09:10:51.402657
3227,20250830,20250904,11,52,1,143,125,2025-08-30,2025-09-03,2025-09-04,2025-09-04 14:52:00,2025-09-05 04:06:00.557470
3228,20250819,20250827,8,159,1,272,246,2025-08-19,2025-08-27,2025-08-27,2025-08-27 08:03:00,2025-08-28 11:17:19.899968
3229,20250917,20250921,9,158,1,189,186,2025-09-17,2025-09-22,2025-09-21,2025-09-21 16:16:00,2025-09-24 16:18:35.243407
3230,20250925,20251002,10,52,3,405,376,2025-09-25,2025-10-03,2025-10-02,2025-10-02 15:30:00,2025-10-05 16:07:11.843530
3231,20250715,20250720,14,182,2,60,53,2025-07-15,2025-07-20,2025-07-20,2025-07-20 12:34:00,2025-07-25 11:27:32.395069
3232,20250620,20250626,7,41,1,268,255,2025-06-20,2025-06-27,2025-06-26,2025-06-26 09:05:00,2025-07-01 00:14:12.017239
3233,20251107,20251115,5,24,2,199,185,2025-11-07,2025-11-15,2025-11-15,2025-11-15 08:30:00,2025-11-17 20:47:00.668941
3234,20250919,20250925,14,197,1,255,227,2025-09-19,2025-09-26,2025-09-25,2025-09-25 11:18:00,2025-09-27 01:41:26.093069
3235,20250216,20250226,2,52,2,210,208,2025-02-16,2025-02-26,2025-02-26,2025-02-26 16:59:00,2025-02-28 16:28:23.898993
3236,20250929,20251009,5,79,1,219,215,2025-09-29,2025-10-09,2025-10-09,2025-10-09 09:50:00,2025-10-12 11:36:29.731850
3237,20250520,20250529,9,53,2,178,158,2025-05-20,2025-05-29,2025-05-29,2025-05-29 12:35:00,2025-05-29 16:57:42.019885
3238,20250420,20250428,14,62,1,295,284,2025-04-20,2025-04-28,2025-04-28,2025-04-28 17:13:00,2025-04-30 22:20:45.222926
3239,20250104,20250111,1,165,1,126,123,2025-01-04,2025-01-11,2025-01-11,2025-01-11 15:42:00,2025-01-13 18:52:05.912603
3240,20250220,20250225,5,180,3,402,359,2025-02-20,2025-02-23,2025-02-25,2025-02-25 08:19:00,2025-02-25 14:31:40.810614
3241,20250331,20250408,13,64,1,223,204,2025-03-31,2025-04-08,2025-04-08,2025-04-08 16:02:00,2025-04-11 02:30:13.797222
3242,20251114,20251124,5,55,1,113,109,2025-11-14,2025-11-23,2025-11-24,2025-11-24 10:03:00,2025-11-26 08:25:52.788526
3243,20250328,20250401,13,127,3,198,188,2025-03-28,2025-04-02,2025-04-01,2025-04-01 10:01:00,2025-04-04 11:54:42.796856
3244,20250103,20250110,15,24,1,415,394,2025-01-03,2025-01-09,2025-01-10,2025-01-10 14:13:00,2025-01-15 02:29:00.500061
3245,20250327,20250404,12,26,1,357,353,2025-03-27,2025-04-05,2025-04-04,2025-04-04 11:16:00,2025-04-07 21:27:57.949037
3246,20250723,20250801,13,81,3,302,300,2025-07-23,2025-07-30,2025-08-01,2025-08-01 13:24:00,2025-08-02 16:23:24.149003
3247,20250408,20250421,6,68,2,63,61,2025-04-08,2025-04-17,2025-04-21,2025-04-21 10:26:00,2025-04-23 20:35:49.458579
3248,20250616,20250628,15,158,3,415,392,2025-06-16,2025-06-26,2025-06-28,2025-06-28 08:51:00,2025-07-02 11:28:53.239949
3249,20250802,20250808,3,112,1,68,64,2025-08-02,2025-08-08,2025-08-08,2025-08-08 16:01:00,2025-08-09 22:13:01.250890
3250,20250101,20250109,10,144,3,408,367,2025-01-01,2025-01-09,2025-01-09,2025-01-09 15:28:00,2025-01-12 01:19:46.765741
3251,20250723,20250731,7,3,1,345,340,2025-07-23,2025-07-31,2025-07-31,2025-07-31 08:21:00,2025-08-02 21:05:25.388539
3252,20250117,20250121,6,89,1,244,217,2025-01-17,2025-01-21,2025-01-21,2025-01-21 10:06:00,2025-01-22 13:01:17.412819
3253,20250824,20250901,5,52,3,144,142,2025-08-24,2025-09-01,2025-09-01,2025-09-01 09:43:00,2025-09-03 18:51:08.626348
3254,20250817,20250825,10,88,2,305,296,2025-08-17,2025-08-25,2025-08-25,2025-08-25 13:11:00,2025-09-01 16:17:30.413908
3255,20250804,20250809,12,119,1,98,84,2025-08-04,2025-08-09,2025-08-09,2025-08-09 08:09:00,2025-08-10 15:51:37.620446
3256,20251121,20251202,5,81,1,39,34,2025-11-21,2025-11-28,2025-12-02,2025-12-02 15:55:00,2025-12-03 14:08:59.464542
3257,20251123,20251208,1,44,1,476,463,2025-11-23,2025-12-03,2025-12-08,2025-12-08 16:36:00,2025-12-15 16:20:14.183078
3258,20250821,20250828,12,6,3,77,70,2025-08-21,2025-08-28,2025-08-28,2025-08-28 10:55:00,2025-08-29 00:08:46.695029
3259,20251030,20251103,1,72,1,145,126,2025-10-30,2025-11-03,2025-11-03,2025-11-03 17:11:00,2025-11-05 23:02:47.247682
3260,20250729,20250809,11,155,1,434,408,2025-07-29,2025-08-07,2025-08-09,2025-08-09 07:44:00,2025-08-11 08:21:34.505328
3261,20250506,20250512,3,74,2,466,418,2025-05-06,2025-05-12,2025-05-12,2025-05-12 11:20:00,2025-05-12 14:22:10.861259
3262,20250413,20250419,5,47,3,243,237,2025-04-13,2025-04-19,2025-04-19,2025-04-19 13:43:00,2025-04-21 15:24:19.924961
3263,20250817,20250820,13,2,1,494,479,2025-08-17,2025-08-20,2025-08-20,2025-08-20 07:48:00,2025-08-23 18:52:55.589578
3264,20250429,20250503,12,40,1,154,138,2025-04-29,2025-05-04,2025-05-03,2025-05-03 09:53:00,2025-05-06 20:55:50.477293
3265,20250413,20250421,6,71,1,307,292,2025-04-13,2025-04-20,2025-04-21,2025-04-21 15:49:00,2025-04-25 10:21:05.241904
3266,20251006,20251011,5,141,3,475,434,2025-10-06,2025-10-11,2025-10-11,2025-10-11 15:00:00,2025-10-13 03:52:39.995541
3267,20250107,20250117,6,5,1,106,100,2025-01-07,2025-01-17,2025-01-17,2025-01-17 15:58:00,2025-01-24 20:00:12.860107
3268,20250904,20250909,4,118,1,368,348,2025-09-04,2025-09-10,2025-09-09,2025-09-09 08:51:00,2025-09-10 05:20:49.397279
3269,20250214,20250222,15,139,1,377,343,2025-02-14,2025-02-20,2025-02-22,2025-02-22 08:11:00,2025-03-01 07:47:07.440252
3270,20250701,20250705,4,4,3,156,141,2025-07-01,2025-07-06,2025-07-05,2025-07-05 14:58:00,2025-07-06 14:32:21.863623
3271,20251024,20251102,7,112,1,495,438,2025-10-24,2025-10-28,2025-11-02,2025-11-02 14:48:00,2025-11-05 07:16:31.386740
3272,20251027,20251031,13,108,1,439,428,2025-10-27,2025-10-31,2025-10-31,2025-10-31 17:25:00,2025-11-02 07:29:53.312224
3273,20250627,20250708,3,116,1,463,451,2025-06-27,2025-07-06,2025-07-08,2025-07-08 09:27:00,2025-07-09 06:10:24.718329
3274,20250906,20250913,13,52,1,145,136,2025-09-06,2025-09-13,2025-09-13,2025-09-13 08:17:00,2025-09-14 22:02:43.462587
3275,20250312,20250318,12,158,1,270,254,2025-03-12,2025-03-19,2025-03-18,2025-03-18 13:47:00,2025-03-20 14:04:38.836642
3276,20250422,20250425,13,152,1,211,202,2025-04-22,2025-04-25,2025-04-25,2025-04-25 10:47:00,2025-05-02 08:39:43.567650
3277,20250712,20250723,6,163,2,29,28,2025-07-12,2025-07-18,2025-07-23,2025-07-23 07:16:00,2025-07-24 13:35:10.938049
3278,20251024,20251101,11,166,2,96,85,2025-10-24,2025-10-30,2025-11-01,2025-11-01 14:55:00,2025-11-02 08:33:10.406683
3279,20250812,20250822,2,92,3,383,334,2025-08-12,2025-08-22,2025-08-22,2025-08-22 07:17:00,2025-08-23 22:05:58.806175
3280,20250527,20250601,14,29,2,226,197,2025-05-27,2025-06-01,2025-06-01,2025-06-01 08:27:00,2025-06-02 03:19:43.581958
3281,20251204,20251206,5,24,1,233,218,2025-12-04,2025-12-07,2025-12-06,2025-12-06 16:41:00,2025-12-09 05:33:45.786020
3282,20251102,20251112,13,41,2,333,292,2025-11-02,2025-11-12,2025-11-12,2025-11-12 14:24:00,2025-11-14 15:08:15.965377
3283,20250506,20250516,6,15,3,381,326,2025-05-06,2025-05-16,2025-05-16,2025-05-16 16:15:00,2025-05-21 20:40:04.458383
3284,20250721,20250723,9,166,1,97,96,2025-07-21,2025-07-24,2025-07-23,2025-07-23 13:46:00,2025-07-23 23:57:13.257440
3285,20250915,20250924,6,53,1,209,202,2025-09-15,2025-09-24,2025-09-24,2025-09-24 10:44:00,2025-09-25 16:45:22.249224
3286,20250129,20250205,15,87,3,86,85,2025-01-29,2025-02-05,2025-02-05,2025-02-05 11:43:00,2025-02-05 22:47:14.353486
3287,20250712,20250724,6,35,1,270,266,2025-07-12,2025-07-19,2025-07-24,2025-07-24 09:25:00,2025-07-25 11:50:12.268993
3288,20250629,20250705,15,131,3,221,195,2025-06-29,2025-07-02,2025-07-05,2025-07-05 15:18:00,2025-07-10 21:01:31.714234
3289,20250331,20250406,10,178,1,172,156,2025-03-31,2025-04-06,2025-04-06,2025-04-06 12:15:00,2025-04-06 20:00:53.945258
3290,20250118,20250126,12,68,2,353,344,2025-01-18,2025-01-26,2025-01-26,2025-01-26 13:40:00,2025-01-27 05:51:02.108092
3291,20250228,20250310,2,121,2,435,434,2025-02-28,2025-03-10,2025-03-10,2025-03-10 08:24:00,2025-03-21 20:48:40.984536
3292,20250207,20250219,14,104,3,317,304,2025-02-07,2025-02-17,2025-02-19,2025-02-19 10:54:00,2025-02-19 21:15:00.809227
3293,20250829,20250901,12,64,1,119,115,2025-08-29,2025-09-01,2025-09-01,2025-09-01 08:29:00,2025-09-01 14:22:54.526337
3294,20250731,20250807,3,24,2,383,334,2025-07-31,2025-08-07,2025-08-07,2025-08-07 17:34:00,2025-08-12 07:51:17.277969
3295,20250417,20250424,3,100,2,493,491,2025-04-17,2025-04-24,2025-04-24,2025-04-24 07:24:00,2025-04-24 21:34:37.727978
3296,20250523,20250531,13,153,2,204,190,2025-05-23,2025-05-31,2025-05-31,2025-05-31 10:14:00,2025-06-05 14:32:23.328700
3297,20250904,20250912,3,3,1,181,155,2025-09-04,2025-09-12,2025-09-12,2025-09-12 07:03:00,2025-09-13 13:58:52.752137
3298,20250224,20250304,9,104,2,57,49,2025-02-24,2025-02-28,2025-03-04,2025-03-04 14:55:00,2025-03-05 02:23:52.789860
3299,20250417,20250423,8,150,2,199,181,2025-04-17,2025-04-23,2025-04-23,2025-04-23 13:35:00,2025-04-27 09:10:48.863848
3300,20250504,20250507,13,140,2,467,435,2025-05-04,2025-05-07,2025-05-07,2025-05-07 07:39:00,2025-05-07 13:38:13.014717
3301,20250908,20250918,9,29,3,64,55,2025-09-08,2025-09-18,2025-09-18,2025-09-18 09:24:00,2025-09-22 02:21:19.332611
3302,20250926,20250930,1,14,2,301,259,2025-09-26,2025-10-01,2025-09-30,2025-09-30 17:30:00,2025-10-07 15:45:43.834138
3303,20250716,20250724,10,160,1,176,165,2025-07-16,2025-07-19,2025-07-24,2025-07-24 15:16:00,2025-07-27 11:57:31.873445
3304,20250416,20250425,13,144,3,344,340,2025-04-16,2025-04-22,2025-04-25,2025-04-25 07:55:00,2025-04-27 20:52:58.680675
3305,20250614,20250619,12,179,3,282,271,2025-06-14,2025-06-19,2025-06-19,2025-06-19 15:46:00,2025-06-22 08:10:16.876381
3306,20251203,20251210,9,34,1,28,26,2025-12-03,2025-12-11,2025-12-10,2025-12-10 11:25:00,2025-12-10 15:57:23.187907
3307,20251002,20251008,1,42,2,208,189,2025-10-02,2025-10-08,2025-10-08,2025-10-08 10:19:00,2025-10-11 05:38:55.429643
3308,20250901,20250914,6,77,1,461,394,2025-09-01,2025-09-11,2025-09-14,2025-09-14 11:53:00,2025-09-21 11:53:05.474761
3309,20250131,20250206,5,25,3,214,213,2025-01-31,2025-02-05,2025-02-06,2025-02-06 12:32:00,2025-02-07 08:57:47.284872
3310,20250528,20250603,7,32,2,353,329,2025-05-28,2025-06-03,2025-06-03,2025-06-03 10:40:00,2025-06-10 04:03:36.244371
3311,20250222,20250228,11,38,1,83,75,2025-02-22,2025-02-28,2025-02-28,2025-02-28 13:32:00,2025-03-02 07:55:08.362110
3312,20250430,20250506,1,88,2,219,201,2025-04-30,2025-05-05,2025-05-06,2025-05-06 14:41:00,2025-05-08 15:23:41.043304
3313,20250313,20250320,15,174,3,87,83,2025-03-13,2025-03-20,2025-03-20,2025-03-20 08:47:00,2025-03-23 11:36:54.480617
3314,20250430,20250505,6,69,1,447,425,2025-04-30,2025-05-05,2025-05-05,2025-05-05 15:30:00,2025-05-08 21:55:48.022125
3315,20250525,20250603,15,9,1,301,296,2025-05-25,2025-06-03,2025-06-03,2025-06-03 08:12:00,2025-06-04 05:27:00.316389
3316,20250621,20250627,3,196,1,444,396,2025-06-21,2025-06-25,2025-06-27,2025-06-27 09:01:00,2025-06-30 03:15:07.928914
3317,20250603,20250615,13,87,1,466,424,2025-06-03,2025-06-11,2025-06-15,2025-06-15 10:07:00,2025-06-17 11:14:41.388264
3318,20250718,20250727,9,136,3,125,118,2025-07-18,2025-07-27,2025-07-27,2025-07-27 08:42:00,2025-07-27 11:39:01.093115
3319,20251006,20251011,5,171,3,478,468,2025-10-06,2025-10-11,2025-10-11,2025-10-11 08:57:00,2025-10-11 11:56:20.964284
3320,20250713,20250717,5,168,2,88,75,2025-07-13,2025-07-17,2025-07-17,2025-07-17 10:06:00,2025-07-18 06:11:16.807469
3321,20250920,20250925,6,147,1,368,343,2025-09-20,2025-09-24,2025-09-25,2025-09-25 10:24:00,2025-09-27 09:43:02.932083
3322,20250307,20250315,12,24,1,217,205,2025-03-07,2025-03-15,2025-03-15,2025-03-15 10:04:00,2025-03-16 00:12:23.131126
3323,20250509,20250515,12,56,2,181,157,2025-05-09,2025-05-15,2025-05-15,2025-05-15 14:20:00,2025-05-18 01:26:06.364326
3324,20250218,20250228,12,73,3,392,349,2025-02-18,2025-02-28,2025-02-28,2025-02-28 12:27:00,2025-03-03 15:37:45.587537
3325,20250514,20250522,4,1,1,51,49,2025-05-14,2025-05-22,2025-05-22,2025-05-22 12:04:00,2025-05-25 15:39:57.621660
3326,20250316,20250324,10,31,2,320,299,2025-03-16,2025-03-24,2025-03-24,2025-03-24 12:19:00,2025-03-26 00:17:53.393200
3327,20250802,20250812,15,40,1,167,144,2025-08-02,2025-08-12,2025-08-12,2025-08-12 16:56:00,2025-08-15 10:19:46.553362
3328,20250216,20250222,2,121,1,495,479,2025-02-16,2025-02-22,2025-02-22,2025-02-22 11:53:00,2025-02-23 15:37:42.187949
3329,20250403,20250408,9,175,2,194,167,2025-04-03,2025-04-09,2025-04-08,2025-04-08 15:32:00,2025-04-12 14:01:35.896712
3330,20250703,20250714,4,195,3,318,291,2025-07-03,2025-07-11,2025-07-14,2025-07-14 07:31:00,2025-07-19 03:58:05.304317
3331,20251202,20251206,6,175,1,182,173,2025-12-02,2025-12-06,2025-12-06,2025-12-06 15:47:00,2025-12-08 17:03:46.709016
3332,20250422,20250427,8,122,1,159,136,2025-04-22,2025-04-26,2025-04-27,2025-04-27 10:06:00,2025-05-05 20:35:11.314108
3333,20250316,20250326,2,114,2,297,292,2025-03-16,2025-03-26,2025-03-26,2025-03-26 14:48:00,2025-03-29 09:26:15.677835
3334,20250724,20250802,2,183,1,432,415,2025-07-24,2025-08-02,2025-08-02,2025-08-02 15:06:00,2025-08-02 23:18:30.819799
3335,20250329,20250401,2,102,3,99,92,2025-03-29,2025-04-02,2025-04-01,2025-04-01 07:01:00,2025-04-02 08:11:03.735754
3336,20250907,20250914,1,157,3,338,314,2025-09-07,2025-09-14,2025-09-14,2025-09-14 10:20:00,2025-09-18 00:46:59.413093
3337,20250620,20250623,7,129,2,368,316,2025-06-20,2025-06-23,2025-06-23,2025-06-23 10:28:00,2025-06-26 00:39:15.908115
3338,20250106,20250108,9,170,2,29,27,2025-01-06,2025-01-09,2025-01-08,2025-01-08 13:05:00,2025-01-09 18:35:40.628902
3339,20251014,20251023,8,198,1,390,388,2025-10-14,2025-10-24,2025-10-23,2025-10-23 09:19:00,2025-10-24 01:53:24.674575
3340,20251124,20251129,5,155,3,152,139,2025-11-24,2025-11-29,2025-11-29,2025-11-29 12:12:00,2025-11-30 10:10:24.411444
3341,20250918,20250928,5,20,3,230,209,2025-09-18,2025-09-28,2025-09-28,2025-09-28 09:29:00,2025-09-29 15:19:29.384232
3342,20251122,20251129,6,83,1,176,161,2025-11-22,2025-11-29,2025-11-29,2025-11-29 15:34:00,2025-12-02 03:51:26.152839
3343,20250322,20250325,10,95,1,478,446,2025-03-22,2025-03-26,2025-03-25,2025-03-25 15:18:00,2025-03-30 19:16:30.030850
3344,20250713,20250716,7,141,1,278,261,2025-07-13,2025-07-16,2025-07-16,2025-07-16 07:03:00,2025-07-18 04:21:09.273288
3345,20250822,20250825,7,32,1,25,24,2025-08-22,2025-08-26,2025-08-25,2025-08-25 07:33:00,2025-08-28 03:32:37.438694
3346,20251025,20251028,2,8,1,480,453,2025-10-25,2025-10-28,2025-10-28,2025-10-28 15:25:00,2025-10-31 14:09:26.631764
3347,20250407,20250414,3,73,1,160,145,2025-04-07,2025-04-14,2025-04-14,2025-04-14 09:26:00,2025-04-18 21:10:23.933852
3348,20250316,20250323,3,111,1,171,146,2025-03-16,2025-03-23,2025-03-23,2025-03-23 15:10:00,2025-03-26 11:42:59.424221
3349,20250709,20250714,3,161,1,418,357,2025-07-09,2025-07-14,2025-07-14,2025-07-14 15:31:00,2025-07-18 14:17:49.909819
3350,20251010,20251019,14,10,1,421,361,2025-10-10,2025-10-19,2025-10-19,2025-10-19 10:46:00,2025-10-21 16:08:53.578572
3351,20250404,20250407,10,24,1,234,231,2025-04-04,2025-04-07,2025-04-07,2025-04-07 08:21:00,2025-04-07 15:44:04.275233
3352,20250723,20250803,7,173,2,372,358,2025-07-23,2025-07-30,2025-08-03,2025-08-03 08:23:00,2025-08-05 07:17:46.033282
3353,20250225,20250301,11,11,2,71,70,2025-02-25,2025-03-02,2025-03-01,2025-03-01 07:44:00,2025-03-01 22:55:21.607984
3354,20250328,20250403,6,189,1,64,59,2025-03-28,2025-04-04,2025-04-03,2025-04-03 07:15:00,2025-04-03 15:59:42.723427
3355,20250302,20250308,6,105,1,121,120,2025-03-02,2025-03-09,2025-03-08,2025-03-08 07:43:00,2025-03-11 03:11:17.609492
3356,20250817,20250821,9,58,1,144,143,2025-08-17,2025-08-21,2025-08-21,2025-08-21 15:44:00,2025-08-24 01:41:34.904544
3357,20250720,20250726,11,41,1,468,403,2025-07-20,2025-07-24,2025-07-26,2025-07-26 14:26:00,2025-07-28 22:42:17.385885
3358,20250920,20250930,8,179,1,393,363,2025-09-20,2025-09-30,2025-09-30,2025-09-30 16:57:00,2025-10-06 04:42:09.148482
3359,20250716,20250720,1,96,1,48,43,2025-07-16,2025-07-20,2025-07-20,2025-07-20 08:19:00,2025-07-23 00:06:28.575070
3360,20251107,20251117,7,14,1,369,339,2025-11-07,2025-11-16,2025-11-17,2025-11-17 07:17:00,2025-11-18 04:28:55.547685
3361,20250403,20250416,6,120,1,161,142,2025-04-03,2025-04-13,2025-04-16,2025-04-16 11:13:00,2025-04-20 02:27:24.502304
3362,20250525,20250529,10,57,1,185,162,2025-05-25,2025-05-29,2025-05-29,2025-05-29 10:47:00,2025-06-03 00:37:03.390075
3363,20250902,20250906,15,119,2,439,438,2025-09-02,2025-09-05,2025-09-06,2025-09-06 09:36:00,2025-09-10 21:02:04.359307
3364,20250607,20250614,9,145,2,248,212,2025-06-07,2025-06-14,2025-06-14,2025-06-14 16:29:00,2025-06-16 01:29:28.111223
3365,20251017,20251026,15,162,2,75,71,2025-10-17,2025-10-21,2025-10-26,2025-10-26 07:04:00,2025-10-27 21:50:35.337295
3366,20250626,20250705,7,51,3,67,65,2025-06-26,2025-07-06,2025-07-05,2025-07-05 14:57:00,2025-07-09 12:41:45.265885
3367,20251117,20251126,3,18,1,466,438,2025-11-17,2025-11-26,2025-11-26,2025-11-26 08:58:00,2025-11-28 11:29:30.868085
3368,20251206,20251215,14,190,1,443,398,2025-12-06,2025-12-10,2025-12-15,2025-12-15 15:56:00,2025-12-17 20:24:47.866908
3369,20250920,20250927,10,160,1,457,409,2025-09-20,2025-09-27,2025-09-27,2025-09-27 08:46:00,2025-09-29 04:06:30.656271
3370,20250130,20250209,8,113,3,359,333,2025-01-30,2025-02-09,2025-02-09,2025-02-09 10:16:00,2025-02-09 17:33:10.626022
3371,20251025,20251101,15,52,2,24,21,2025-10-25,2025-10-28,2025-11-01,2025-11-01 12:57:00,2025-11-05 06:07:13.180839
3372,20251017,20251024,6,35,1,408,351,2025-10-17,2025-10-24,2025-10-24,2025-10-24 10:06:00,2025-10-25 13:23:11.058137
3373,20250309,20250317,12,43,2,372,322,2025-03-09,2025-03-17,2025-03-17,2025-03-17 12:20:00,2025-03-20 16:39:41.146534
3374,20250715,20250729,11,143,1,363,342,2025-07-15,2025-07-25,2025-07-29,2025-07-29 15:14:00,2025-07-31 14:58:03.897959
3375,20250128,20250204,1,3,2,165,146,2025-01-28,2025-02-04,2025-02-04,2025-02-04 17:20:00,2025-02-05 17:54:51.948518
3376,20251206,20251210,13,17,2,21,19,2025-12-06,2025-12-10,2025-12-10,2025-12-10 14:50:00,2025-12-13 07:17:50.985261
3377,20250617,20250621,8,63,1,194,176,2025-06-17,2025-06-21,2025-06-21,2025-06-21 09:22:00,2025-06-25 19:44:41.375232
3378,20251119,20251124,14,19,2,150,142,2025-11-19,2025-11-24,2025-11-24,2025-11-24 11:10:00,2025-11-27 05:01:16.560785
3379,20250826,20250830,7,69,1,355,308,2025-08-26,2025-08-30,2025-08-30,2025-08-30 16:13:00,2025-09-02 11:37:56.852952
3380,20251014,20251020,10,64,1,57,53,2025-10-14,2025-10-20,2025-10-20,2025-10-20 11:40:00,2025-10-25 04:49:27.601959
3381,20250822,20250905,1,50,2,289,251,2025-08-22,2025-09-01,2025-09-05,2025-09-05 08:05:00,2025-09-07 13:21:24.763435
3382,20250127,20250208,7,96,1,199,190,2025-01-27,2025-02-04,2025-02-08,2025-02-08 08:54:00,2025-02-09 06:02:54.511113
3383,20251002,20251007,7,65,3,70,61,2025-10-02,2025-10-08,2025-10-07,2025-10-07 07:04:00,2025-10-10 05:40:57.558679
3384,20250412,20250418,15,96,2,422,393,2025-04-12,2025-04-17,2025-04-18,2025-04-18 11:05:00,2025-04-21 18:33:19.122785
3385,20250522,20250529,12,51,1,109,104,2025-05-22,2025-05-29,2025-05-29,2025-05-29 08:03:00,2025-05-31 19:23:49.633845
3386,20250806,20250814,3,183,2,295,253,2025-08-06,2025-08-14,2025-08-14,2025-08-14 16:02:00,2025-08-16 13:37:17.062593
3387,20250826,20250830,11,169,1,114,110,2025-08-26,2025-08-30,2025-08-30,2025-08-30 10:16:00,2025-08-31 06:39:24.895605
3388,20250808,20250813,14,142,3,255,246,2025-08-08,2025-08-14,2025-08-13,2025-08-13 08:04:00,2025-08-14 20:04:48.156820
3389,20250709,20250719,4,87,1,409,395,2025-07-09,2025-07-19,2025-07-19,2025-07-19 15:26:00,2025-07-21 14:36:03.357731
3390,20250203,20250211,4,48,1,124,118,2025-02-03,2025-02-11,2025-02-11,2025-02-11 17:55:00,2025-02-13 03:36:54.654336
3391,20250825,20250906,11,189,1,188,187,2025-08-25,2025-09-01,2025-09-06,2025-09-06 17:06:00,2025-09-07 19:21:46.851035
3392,20250115,20250122,3,194,1,26,25,2025-01-15,2025-01-22,2025-01-22,2025-01-22 11:23:00,2025-01-22 17:08:56.647895
3393,20250606,20250610,12,60,1,170,155,2025-06-06,2025-06-10,2025-06-10,2025-06-10 14:46:00,2025-06-11 12:50:51.497404
3394,20250222,20250228,2,138,1,351,305,2025-02-22,2025-02-28,2025-02-28,2025-02-28 13:59:00,2025-03-06 19:31:28.056251
3395,20250528,20250607,1,175,2,329,319,2025-05-28,2025-06-02,2025-06-07,2025-06-07 12:49:00,2025-06-09 21:15:17.203670
3396,20250621,20250627,1,70,1,37,32,2025-06-21,2025-06-24,2025-06-27,2025-06-27 15:41:00,2025-06-28 06:14:31.081825
3397,20250303,20250310,8,61,1,489,439,2025-03-03,2025-03-10,2025-03-10,2025-03-10 17:42:00,2025-03-13 10:36:42.043810
3398,20250629,20250707,7,156,1,225,210,2025-06-29,2025-07-07,2025-07-07,2025-07-07 13:49:00,2025-07-13 15:59:51.684352
3399,20250509,20250512,3,84,2,305,284,2025-05-09,2025-05-12,2025-05-12,2025-05-12 13:41:00,2025-05-15 01:10:12.027879
3400,20251108,20251115,3,177,2,99,94,2025-11-08,2025-11-15,2025-11-15,2025-11-15 10:49:00,2025-11-20 11:26:40.247522
3401,20250503,20250506,5,80,3,279,246,2025-05-03,2025-05-06,2025-05-06,2025-05-06 11:06:00,2025-05-07 17:56:35.001845
3402,20250831,20250910,11,27,1,492,464,2025-08-31,2025-09-08,2025-09-10,2025-09-10 08:31:00,2025-09-15 09:35:25.595271
3403,20250901,20250907,7,25,3,184,173,2025-09-01,2025-09-07,2025-09-07,2025-09-07 17:08:00,2025-09-09 15:51:01.170974
3404,20250324,20250403,7,49,1,146,127,2025-03-24,2025-04-03,2025-04-03,2025-04-03 15:00:00,2025-04-04 15:48:58.895680
3405,20250306,20250313,14,2,3,363,349,2025-03-06,2025-03-13,2025-03-13,2025-03-13 15:22:00,2025-03-17 00:47:13.652265
3406,20250911,20250918,2,185,1,400,392,2025-09-11,2025-09-18,2025-09-18,2025-09-18 08:39:00,2025-09-20 06:45:06.762301
3407,20250519,20250524,12,46,1,113,97,2025-05-19,2025-05-24,2025-05-24,2025-05-24 14:02:00,2025-05-26 09:13:41.172015
3408,20250721,20250728,1,171,1,88,86,2025-07-21,2025-07-28,2025-07-28,2025-07-28 14:06:00,2025-07-30 15:44:29.510777
3409,20250926,20250928,9,114,1,112,98,2025-09-26,2025-09-29,2025-09-28,2025-09-28 07:54:00,2025-10-01 01:20:49.794078
3410,20250917,20250930,7,140,1,261,256,2025-09-17,2025-09-25,2025-09-30,2025-09-30 08:39:00,2025-10-02 14:45:34.122021
3411,20251101,20251114,11,4,3,277,270,2025-11-01,2025-11-11,2025-11-14,2025-11-14 12:24:00,2025-11-18 07:23:21.083096
3412,20250730,20250805,3,92,1,419,361,2025-07-30,2025-08-05,2025-08-05,2025-08-05 07:07:00,2025-08-11 02:04:08.371132
3413,20250712,20250718,7,41,1,384,379,2025-07-12,2025-07-17,2025-07-18,2025-07-18 14:12:00,2025-07-18 21:53:36.587385
3414,20251017,20251025,13,163,2,24,21,2025-10-17,2025-10-25,2025-10-25,2025-10-25 12:06:00,2025-11-02 22:15:43.856643
3415,20250713,20250716,7,138,1,278,269,2025-07-13,2025-07-16,2025-07-16,2025-07-16 16:30:00,2025-07-17 14:40:34.625130
3416,20250910,20250914,15,44,2,276,263,2025-09-10,2025-09-14,2025-09-14,2025-09-14 15:31:00,2025-09-22 17:59:09.037611
3417,20250602,20250612,15,180,2,479,451,2025-06-02,2025-06-07,2025-06-12,2025-06-12 12:23:00,2025-06-13 15:46:44.762327
3418,20250129,20250206,10,200,2,209,195,2025-01-29,2025-02-06,2025-02-06,2025-02-06 15:03:00,2025-02-08 13:29:30.105546
3419,20251123,20251201,2,57,3,80,75,2025-11-23,2025-12-01,2025-12-01,2025-12-01 10:44:00,2025-12-03 06:14:25.351986
3420,20251105,20251119,5,159,3,344,329,2025-11-05,2025-11-14,2025-11-19,2025-11-19 07:23:00,2025-11-22 04:53:28.646343
3421,20250825,20250831,5,81,1,42,37,2025-08-25,2025-08-31,2025-08-31,2025-08-31 12:42:00,2025-09-07 05:58:25.878980
3422,20250916,20250921,15,58,1,191,176,2025-09-16,2025-09-21,2025-09-21,2025-09-21 09:22:00,2025-09-22 06:08:49.538058
3423,20250711,20250719,7,145,3,288,284,2025-07-11,2025-07-17,2025-07-19,2025-07-19 17:13:00,2025-07-20 03:54:18.673582
3424,20250221,20250228,12,19,1,82,81,2025-02-21,2025-02-27,2025-02-28,2025-02-28 07:38:00,2025-03-03 23:22:34.168677
3425,20250425,20250505,5,88,1,399,346,2025-04-25,2025-04-30,2025-05-05,2025-05-05 07:24:00,2025-05-08 05:32:25.466361
3426,20250527,20250606,1,149,3,75,66,2025-05-27,2025-06-04,2025-06-06,2025-06-06 07:27:00,2025-06-07 02:02:41.423930
3427,20250830,20250902,7,33,3,256,222,2025-08-30,2025-09-02,2025-09-02,2025-09-02 14:58:00,2025-09-03 11:19:58.649662
3428,20250821,20250826,8,11,3,163,156,2025-08-21,2025-08-26,2025-08-26,2025-08-26 10:21:00,2025-08-27 05:01:17.925410
3429,20250118,20250128,15,4,1,101,91,2025-01-18,2025-01-28,2025-01-28,2025-01-28 07:35:00,2025-01-30 03:58:09.443199
3430,20250501,20250512,2,27,2,373,317,2025-05-01,2025-05-09,2025-05-12,2025-05-12 08:10:00,2025-05-17 13:07:04.994938
3431,20250815,20250821,10,13,3,455,420,2025-08-15,2025-08-22,2025-08-21,2025-08-21 13:30:00,2025-08-21 15:35:40.571664
3432,20251108,20251111,10,190,2,203,198,2025-11-08,2025-11-11,2025-11-11,2025-11-11 17:21:00,2025-11-12 08:58:50.729802
3433,20250818,20250827,14,58,3,57,50,2025-08-18,2025-08-27,2025-08-27,2025-08-27 08:52:00,2025-08-28 06:29:11.387578
3434,20250701,20250709,8,53,3,62,57,2025-07-01,2025-07-09,2025-07-09,2025-07-09 13:11:00,2025-07-11 08:19:25.832551
3435,20250414,20250417,15,85,2,154,141,2025-04-14,2025-04-18,2025-04-17,2025-04-17 07:46:00,2025-04-22 16:00:57.430865
3436,20250127,20250131,3,174,2,24,21,2025-01-27,2025-01-31,2025-01-31,2025-01-31 07:16:00,2025-02-01 08:28:00.443824
3437,20250818,20250821,4,57,1,64,54,2025-08-18,2025-08-22,2025-08-21,2025-08-21 13:48:00,2025-08-22 03:25:06.181628
3438,20250124,20250127,4,38,2,85,75,2025-01-24,2025-01-27,2025-01-27,2025-01-27 16:42:00,2025-01-29 10:42:01.474682
3439,20250321,20250324,5,17,1,37,34,2025-03-21,2025-03-24,2025-03-24,2025-03-24 15:07:00,2025-03-26 10:27:56.052573
3440,20251120,20251126,2,111,1,293,281,2025-11-20,2025-11-26,2025-11-26,2025-11-26 15:47:00,2025-11-29 23:53:29.279521
3441,20250728,20250803,14,180,2,254,227,2025-07-28,2025-08-02,2025-08-03,2025-08-03 15:43:00,2025-08-04 08:25:31.041551
3442,20250429,20250508,13,170,2,301,276,2025-04-29,2025-05-08,2025-05-08,2025-05-08 16:38:00,2025-05-09 17:01:24.632739
3443,20250311,20250320,8,55,1,188,169,2025-03-11,2025-03-20,2025-03-20,2025-03-20 17:02:00,2025-03-21 17:35:30.514285
3444,20250824,20250831,9,107,1,300,259,2025-08-24,2025-09-01,2025-08-31,2025-08-31 09:32:00,2025-09-02 15:42:59.066739
3445,20250718,20250723,14,76,2,489,424,2025-07-18,2025-07-21,2025-07-23,2025-07-23 16:03:00,2025-07-25 22:35:02.934415
3446,20251130,20251204,6,25,2,68,61,2025-11-30,2025-12-05,2025-12-04,2025-12-04 07:15:00,2025-12-07 02:10:48.077012
3447,20251022,20251031,13,180,1,466,433,2025-10-22,2025-10-29,2025-10-31,2025-10-31 07:15:00,2025-11-02 05:15:16.378575
3448,20250228,20250304,9,79,3,269,264,2025-02-28,2025-03-04,2025-03-04,2025-03-04 09:48:00,2025-03-05 17:14:37.638778
3449,20250124,20250130,9,8,2,444,430,2025-01-24,2025-01-30,2025-01-30,2025-01-30 13:28:00,2025-02-03 13:02:03.195888
3450,20250927,20251003,7,196,1,101,95,2025-09-27,2025-10-03,2025-10-03,2025-10-03 12:12:00,2025-10-04 19:01:54.155051
3451,20251202,20251209,8,154,1,29,27,2025-12-02,2025-12-09,2025-12-09,2025-12-09 17:52:00,2025-12-13 05:48:52.540934
3452,20250531,20250604,6,131,2,416,381,2025-05-31,2025-06-05,2025-06-04,2025-06-04 13:06:00,2025-06-11 05:08:50.548314
3453,20251111,20251116,11,28,1,479,465,2025-11-11,2025-11-14,2025-11-16,2025-11-16 16:14:00,2025-11-24 18:16:48.222708
3454,20251110,20251116,15,11,2,338,297,2025-11-10,2025-11-16,2025-11-16,2025-11-16 11:38:00,2025-11-18 10:18:20.832780
3455,20250329,20250402,8,81,1,443,432,2025-03-29,2025-04-02,2025-04-02,2025-04-02 13:07:00,2025-04-05 07:23:15.656365
3456,20250128,20250131,12,32,1,387,331,2025-01-28,2025-01-31,2025-01-31,2025-01-31 12:38:00,2025-02-03 19:51:59.907531
3457,20250922,20250925,3,141,1,459,433,2025-09-22,2025-09-25,2025-09-25,2025-09-25 09:51:00,2025-09-30 17:20:03.458624
3458,20251201,20251206,13,70,3,492,486,2025-12-01,2025-12-06,2025-12-06,2025-12-06 14:59:00,2025-12-08 03:19:47.086715
3459,20250921,20251002,15,40,1,198,180,2025-09-21,2025-09-30,2025-10-02,2025-10-02 08:08:00,2025-10-03 13:10:44.720529
3460,20250915,20250919,1,11,1,122,114,2025-09-15,2025-09-20,2025-09-19,2025-09-19 08:23:00,2025-09-24 05:49:49.180400
3461,20250908,20250914,9,22,2,250,223,2025-09-08,2025-09-14,2025-09-14,2025-09-14 16:19:00,2025-09-17 15:43:44.522604
3462,20250119,20250122,3,111,1,206,199,2025-01-19,2025-01-22,2025-01-22,2025-01-22 17:15:00,2025-01-23 11:42:26.625086
3463,20250630,20250706,2,71,1,440,396,2025-06-30,2025-07-06,2025-07-06,2025-07-06 12:50:00,2025-07-08 05:44:47.930952
3464,20250602,20250606,1,10,1,365,334,2025-06-02,2025-06-06,2025-06-06,2025-06-06 17:17:00,2025-06-08 12:17:21.030922
3465,20250304,20250307,11,73,3,383,354,2025-03-04,2025-03-07,2025-03-07,2025-03-07 15:50:00,2025-03-10 00:44:54.808724
3466,20250902,20250909,10,163,1,421,393,2025-09-02,2025-09-10,2025-09-09,2025-09-09 17:03:00,2025-09-10 02:54:26.841910
3467,20251020,20251027,5,177,1,387,375,2025-10-20,2025-10-27,2025-10-27,2025-10-27 12:42:00,2025-10-28 15:22:31.739316
3468,20251025,20251105,6,105,1,88,83,2025-10-25,2025-11-03,2025-11-05,2025-11-05 17:28:00,2025-11-07 23:25:30.516656
3469,20250823,20250826,10,45,2,113,104,2025-08-23,2025-08-26,2025-08-26,2025-08-26 12:13:00,2025-08-30 05:50:23.103804
3470,20250110,20250114,11,73,3,140,130,2025-01-10,2025-01-14,2025-01-14,2025-01-14 14:35:00,2025-01-16 03:55:20.999670
3471,20251008,20251012,13,29,3,162,160,2025-10-08,2025-10-13,2025-10-12,2025-10-12 08:15:00,2025-10-13 05:08:39.803033
3472,20250527,20250530,4,16,1,209,204,2025-05-27,2025-05-30,2025-05-30,2025-05-30 10:49:00,2025-06-04 07:03:41.313525
3473,20250708,20250714,3,86,2,490,432,2025-07-08,2025-07-14,2025-07-14,2025-07-14 15:41:00,2025-07-19 04:39:17.254664
3474,20250301,20250308,13,193,2,50,45,2025-03-01,2025-03-08,2025-03-08,2025-03-08 15:15:00,2025-03-09 23:01:49.056972
3475,20250405,20250413,1,194,1,106,100,2025-04-05,2025-04-14,2025-04-13,2025-04-13 15:00:00,2025-04-18 05:22:20.624614
3476,20250907,20250914,1,108,2,270,246,2025-09-07,2025-09-14,2025-09-14,2025-09-14 11:12:00,2025-09-16 01:46:43.868919
3477,20250429,20250506,1,187,1,471,421,2025-04-29,2025-05-05,2025-05-06,2025-05-06 13:53:00,2025-05-12 12:17:17.721739
3478,20251023,20251029,14,69,2,269,243,2025-10-23,2025-10-28,2025-10-29,2025-10-29 09:46:00,2025-10-31 01:42:38.715917
3479,20250202,20250210,6,157,1,306,275,2025-02-02,2025-02-08,2025-02-10,2025-02-10 11:28:00,2025-02-10 18:08:01.644477
3480,20250313,20250318,14,136,1,394,372,2025-03-13,2025-03-18,2025-03-18,2025-03-18 15:27:00,2025-03-20 15:12:25.804238
3481,20250115,20250119,14,175,3,366,362,2025-01-15,2025-01-20,2025-01-19,2025-01-19 10:19:00,2025-01-21 15:52:08.988515
3482,20250918,20250925,13,132,2,58,54,2025-09-18,2025-09-25,2025-09-25,2025-09-25 14:41:00,2025-09-26 15:58:31.901629
3483,20250819,20250827,10,3,3,117,112,2025-08-19,2025-08-22,2025-08-27,2025-08-27 16:54:00,2025-09-03 20:52:30.810126
3484,20250413,20250421,14,44,1,147,143,2025-04-13,2025-04-22,2025-04-21,2025-04-21 10:19:00,2025-04-22 15:55:31.257134
3485,20250519,20250526,9,197,2,103,94,2025-05-19,2025-05-26,2025-05-26,2025-05-26 14:27:00,2025-06-01 04:42:43.102897
3486,20250817,20250826,8,130,3,418,409,2025-08-17,2025-08-26,2025-08-26,2025-08-26 17:41:00,2025-08-27 00:22:51.424330
3487,20250514,20250521,12,196,2,257,230,2025-05-14,2025-05-22,2025-05-21,2025-05-21 12:24:00,2025-05-23 23:34:08.247703
3488,20250123,20250131,6,31,1,374,353,2025-01-23,2025-01-31,2025-01-31,2025-01-31 07:06:00,2025-02-03 14:06:20.690699
3489,20250115,20250123,13,147,1,452,395,2025-01-15,2025-01-23,2025-01-23,2025-01-23 08:15:00,2025-01-24 18:22:24.240401
3490,20250318,20250325,9,107,3,239,228,2025-03-18,2025-03-25,2025-03-25,2025-03-25 14:03:00,2025-03-27 16:18:14.653006
3491,20250509,20250516,8,106,2,369,323,2025-05-09,2025-05-17,2025-05-16,2025-05-16 14:47:00,2025-05-17 07:17:14.376982
3492,20251028,20251104,8,165,3,428,423,2025-10-28,2025-11-04,2025-11-04,2025-11-04 16:05:00,2025-11-05 17:28:31.763248
3493,20251108,20251114,11,92,3,288,259,2025-11-08,2025-11-14,2025-11-14,2025-11-14 14:18:00,2025-11-15 11:13:35.998854
3494,20250125,20250202,4,122,1,95,82,2025-01-25,2025-02-03,2025-02-02,2025-02-02 08:39:00,2025-02-05 15:12:08.572429
3495,20250412,20250418,11,46,1,153,141,2025-04-12,2025-04-18,2025-04-18,2025-04-18 14:58:00,2025-04-21 18:02:00.081423
3496,20250924,20251003,4,130,2,204,189,2025-09-24,2025-10-03,2025-10-03,2025-10-03 08:43:00,2025-10-04 03:18:47.607404
3497,20250113,20250122,4,81,3,121,113,2025-01-13,2025-01-17,2025-01-22,2025-01-22 17:28:00,2025-01-24 13:20:37.864376
3498,20250729,20250804,5,177,3,35,34,2025-07-29,2025-08-04,2025-08-04,2025-08-04 08:38:00,2025-08-05 04:44:01.082158
3499,20250824,20250827,4,86,2,53,49,2025-08-24,2025-08-27,2025-08-27,2025-08-27 15:52:00,2025-08-31 19:12:18.860474
3500,20250116,20250121,9,29,2,200,197,2025-01-16,2025-01-22,2025-01-21,2025-01-21 12:58:00,2025-01-25 04:24:52.656843
3501,20251110,20251121,9,142,1,134,125,2025-11-10,2025-11-20,2025-11-21,2025-11-21 10:27:00,2025-11-24 08:32:58.476977
3502,20250902,20250906,14,131,3,428,373,2025-09-02,2025-09-06,2025-09-06,2025-09-06 14:58:00,2025-09-07 01:20:40.625019
3503,20251107,20251121,15,171,2,320,315,2025-11-07,2025-11-16,2025-11-21,2025-11-21 15:48:00,2025-11-22 07:05:15.770874
3504,20250822,20250827,4,42,2,300,264,2025-08-22,2025-08-28,2025-08-27,2025-08-27 17:09:00,2025-08-29 09:34:06.524313
3505,20250831,20250905,13,60,1,245,210,2025-08-31,2025-09-05,2025-09-05,2025-09-05 12:57:00,2025-09-07 07:38:27.377089
3506,20250623,20250703,4,83,2,270,252,2025-06-23,2025-07-01,2025-07-03,2025-07-03 07:53:00,2025-07-08 19:50:26.518099
3507,20250906,20250917,11,43,1,191,177,2025-09-06,2025-09-16,2025-09-17,2025-09-17 14:52:00,2025-09-19 17:45:31.295512
3508,20251008,20251012,1,184,1,467,429,2025-10-08,2025-10-12,2025-10-12,2025-10-12 12:43:00,2025-10-13 01:50:06.011728
3509,20250424,20250428,8,191,1,57,49,2025-04-24,2025-04-28,2025-04-28,2025-04-28 17:45:00,2025-05-01 10:53:42.542164
3510,20250421,20250425,1,102,1,214,181,2025-04-21,2025-04-25,2025-04-25,2025-04-25 12:15:00,2025-04-26 12:57:39.500629
3511,20250517,20250520,13,24,1,173,161,2025-05-17,2025-05-21,2025-05-20,2025-05-20 09:48:00,2025-05-21 18:16:47.081352
3512,20250322,20250405,10,40,1,53,49,2025-03-22,2025-04-01,2025-04-05,2025-04-05 16:13:00,2025-04-06 21:41:11.825573
3513,20250727,20250804,10,133,3,160,144,2025-07-27,2025-08-04,2025-08-04,2025-08-04 13:24:00,2025-08-05 00:10:45.131208
3514,20250104,20250109,6,10,2,30,29,2025-01-04,2025-01-10,2025-01-09,2025-01-09 16:37:00,2025-01-11 16:30:51.821559
3515,20250413,20250416,9,155,1,121,107,2025-04-13,2025-04-17,2025-04-16,2025-04-16 12:47:00,2025-04-19 20:59:01.242545
3516,20250209,20250216,5,160,1,187,186,2025-02-09,2025-02-17,2025-02-16,2025-02-16 07:28:00,2025-02-18 16:49:46.879560
3517,20251121,20251203,4,93,2,416,398,2025-11-21,2025-11-28,2025-12-03,2025-12-03 09:30:00,2025-12-07 07:46:49.888515
3518,20250118,20250122,12,126,2,272,267,2025-01-18,2025-01-22,2025-01-22,2025-01-22 16:26:00,2025-01-25 02:30:45.874560
3519,20250507,20250515,14,187,3,379,333,2025-05-07,2025-05-13,2025-05-15,2025-05-15 14:25:00,2025-05-20 22:47:59.708518
3520,20250528,20250601,6,199,1,129,119,2025-05-28,2025-06-01,2025-06-01,2025-06-01 15:55:00,2025-06-02 20:42:30.580174
3521,20250908,20250913,15,5,2,111,104,2025-09-08,2025-09-13,2025-09-13,2025-09-13 13:16:00,2025-09-15 09:08:00.982500
3522,20250522,20250530,9,40,3,266,239,2025-05-22,2025-05-30,2025-05-30,2025-05-30 11:25:00,2025-06-01 04:21:12.192358
3523,20250705,20250709,2,101,2,337,294,2025-07-05,2025-07-10,2025-07-09,2025-07-09 13:45:00,2025-07-10 17:10:10.596460
3524,20250212,20250222,15,3,1,496,437,2025-02-12,2025-02-22,2025-02-22,2025-02-22 15:35:00,2025-02-26 22:32:16.963112
3525,20250419,20250422,1,82,3,151,150,2025-04-19,2025-04-22,2025-04-22,2025-04-22 14:23:00,2025-04-30 02:43:20.840398
3526,20250108,20250114,9,72,1,496,445,2025-01-08,2025-01-15,2025-01-14,2025-01-14 07:06:00,2025-01-17 12:25:55.251853
3527,20250119,20250124,14,170,2,269,235,2025-01-19,2025-01-24,2025-01-24,2025-01-24 15:26:00,2025-01-24 19:51:39.243604
3528,20250627,20250707,12,127,1,162,148,2025-06-27,2025-07-07,2025-07-07,2025-07-07 07:58:00,2025-07-11 04:20:09.929297
3529,20250110,20250116,10,29,1,161,144,2025-01-10,2025-01-17,2025-01-16,2025-01-16 07:46:00,2025-01-16 19:55:12.564380
3530,20250705,20250716,1,107,1,136,127,2025-07-05,2025-07-15,2025-07-16,2025-07-16 11:09:00,2025-07-17 05:48:27.201387
3531,20251001,20251009,11,31,1,75,74,2025-10-01,2025-10-09,2025-10-09,2025-10-09 10:10:00,2025-10-12 07:03:38.033109
3532,20250520,20250531,7,110,1,334,321,2025-05-20,2025-05-30,2025-05-31,2025-05-31 12:53:00,2025-06-03 19:10:53.340326
3533,20250502,20250505,10,37,1,240,229,2025-05-02,2025-05-05,2025-05-05,2025-05-05 12:12:00,2025-05-06 12:57:15.100894
3534,20250711,20250721,15,125,1,480,429,2025-07-11,2025-07-21,2025-07-21,2025-07-21 12:06:00,2025-07-23 06:44:36.149746
3535,20250920,20250926,4,125,2,472,412,2025-09-20,2025-09-24,2025-09-26,2025-09-26 17:48:00,2025-09-29 00:23:39.480764
3536,20251011,20251015,15,130,3,451,438,2025-10-11,2025-10-15,2025-10-15,2025-10-15 15:50:00,2025-10-19 18:49:18.678502
3537,20250308,20250315,12,143,1,266,251,2025-03-08,2025-03-16,2025-03-15,2025-03-15 08:50:00,2025-03-16 07:52:50.936138
3538,20250205,20250214,6,126,1,236,215,2025-02-05,2025-02-14,2025-02-14,2025-02-14 11:34:00,2025-02-15 01:41:13.323532
3539,20251022,20251027,10,144,1,470,407,2025-10-22,2025-10-27,2025-10-27,2025-10-27 07:24:00,2025-10-27 18:16:03.003450
3540,20250820,20250829,7,113,3,227,213,2025-08-20,2025-08-27,2025-08-29,2025-08-29 13:53:00,2025-08-30 00:55:53.133884
3541,20250310,20250320,12,138,1,348,329,2025-03-10,2025-03-20,2025-03-20,2025-03-20 07:09:00,2025-03-26 18:27:19.521151
3542,20250106,20250115,14,175,2,176,157,2025-01-06,2025-01-16,2025-01-15,2025-01-15 12:50:00,2025-01-19 15:03:38.052982
3543,20250823,20250827,9,164,2,50,44,2025-08-23,2025-08-27,2025-08-27,2025-08-27 09:03:00,2025-08-30 00:12:52.487468
3544,20251118,20251123,7,130,1,131,124,2025-11-18,2025-11-24,2025-11-23,2025-11-23 13:28:00,2025-11-23 20:32:10.777089
3545,20250905,20250911,12,65,1,88,87,2025-09-05,2025-09-12,2025-09-11,2025-09-11 16:09:00,2025-09-20 18:37:07.562981
3546,20250717,20250719,11,95,2,359,354,2025-07-17,2025-07-20,2025-07-19,2025-07-19 11:32:00,2025-07-23 22:17:50.025220
3547,20251011,20251014,2,133,1,25,23,2025-10-11,2025-10-14,2025-10-14,2025-10-14 08:32:00,2025-10-14 22:25:10.791550
3548,20250510,20250514,3,189,3,161,155,2025-05-10,2025-05-14,2025-05-14,2025-05-14 08:23:00,2025-05-15 04:29:21.445062
3549,20251102,20251111,4,130,1,439,414,2025-11-02,2025-11-07,2025-11-11,2025-11-11 10:59:00,2025-11-13 14:14:20.958024
3550,20250722,20250803,7,56,1,55,50,2025-07-22,2025-08-01,2025-08-03,2025-08-03 12:15:00,2025-08-04 19:46:45.437221
3551,20250923,20250928,13,153,3,379,354,2025-09-23,2025-09-28,2025-09-28,2025-09-28 17:05:00,2025-10-03 22:21:47.879372
3552,20250817,20250823,12,58,3,483,446,2025-08-17,2025-08-24,2025-08-23,2025-08-23 09:56:00,2025-08-26 14:39:39.199391
3553,20250106,20250114,4,162,1,417,385,2025-01-06,2025-01-15,2025-01-14,2025-01-14 13:45:00,2025-01-16 11:15:53.393189
3554,20250804,20250814,7,144,2,388,335,2025-08-04,2025-08-10,2025-08-14,2025-08-14 09:51:00,2025-08-15 19:18:17.513900
3555,20250528,20250603,8,12,2,259,230,2025-05-28,2025-06-04,2025-06-03,2025-06-03 13:09:00,2025-06-04 15:31:47.033318
3556,20250801,20250808,15,97,1,25,22,2025-08-01,2025-08-08,2025-08-08,2025-08-08 10:52:00,2025-08-11 07:53:54.580990
3557,20250909,20250918,4,70,3,90,89,2025-09-09,2025-09-15,2025-09-18,2025-09-18 13:36:00,2025-09-19 21:39:42.261239
3558,20250624,20250627,7,146,1,199,196,2025-06-24,2025-06-27,2025-06-27,2025-06-27 09:43:00,2025-06-30 12:04:02.355259
3559,20250607,20250612,14,186,2,161,147,2025-06-07,2025-06-12,2025-06-12,2025-06-12 14:34:00,2025-06-13 05:40:33.678075
3560,20250404,20250413,8,8,1,498,479,2025-04-04,2025-04-13,2025-04-13,2025-04-13 15:01:00,2025-04-15 09:25:27.212473
3561,20250416,20250426,14,95,2,107,99,2025-04-16,2025-04-26,2025-04-26,2025-04-26 17:58:00,2025-04-27 06:02:30.743947
3562,20250728,20250805,2,34,1,254,223,2025-07-28,2025-08-06,2025-08-05,2025-08-05 12:31:00,2025-08-12 11:19:23.843710
3563,20250427,20250507,12,124,3,184,179,2025-04-27,2025-05-07,2025-05-07,2025-05-07 09:14:00,2025-05-11 10:54:34.741344
3564,20250506,20250509,12,139,3,463,442,2025-05-06,2025-05-09,2025-05-09,2025-05-09 13:48:00,2025-05-11 17:34:20.954826
3565,20250906,20250909,8,76,1,359,342,2025-09-06,2025-09-09,2025-09-09,2025-09-09 14:02:00,2025-09-12 15:16:56.275483
3566,20250716,20250729,5,133,1,78,77,2025-07-16,2025-07-26,2025-07-29,2025-07-29 14:46:00,2025-07-30 18:43:40.452247
3567,20250524,20250529,15,165,2,405,380,2025-05-24,2025-05-29,2025-05-29,2025-05-29 10:20:00,2025-05-30 05:52:40.671536
3568,20250706,20250714,3,12,3,266,234,2025-07-06,2025-07-14,2025-07-14,2025-07-14 14:17:00,2025-07-15 13:29:15.561471
3569,20250117,20250121,11,124,2,125,120,2025-01-17,2025-01-22,2025-01-21,2025-01-21 07:18:00,2025-01-31 05:14:58.356995
3570,20250930,20251007,14,29,1,59,55,2025-09-30,2025-10-05,2025-10-07,2025-10-07 09:12:00,2025-10-08 18:50:09.378238
3571,20250415,20250426,11,105,2,247,218,2025-04-15,2025-04-21,2025-04-26,2025-04-26 16:00:00,2025-04-28 18:48:34.610051
3572,20250330,20250407,2,48,2,176,165,2025-03-30,2025-04-07,2025-04-07,2025-04-07 15:20:00,2025-04-10 03:16:00.699716
3573,20250604,20250610,11,51,1,175,157,2025-06-04,2025-06-10,2025-06-10,2025-06-10 13:46:00,2025-06-11 05:41:46.775736
3574,20250910,20250921,11,50,1,245,216,2025-09-10,2025-09-17,2025-09-21,2025-09-21 08:24:00,2025-09-27 09:29:12.596318
3575,20250129,20250208,11,123,1,252,243,2025-01-29,2025-02-04,2025-02-08,2025-02-08 09:13:00,2025-02-08 15:29:38.726232
3576,20250821,20250826,4,12,2,416,391,2025-08-21,2025-08-26,2025-08-26,2025-08-26 15:05:00,2025-08-27 08:15:26.479557
3577,20251103,20251112,5,90,2,369,336,2025-11-03,2025-11-12,2025-11-12,2025-11-12 07:43:00,2025-11-14 12:09:42.200946
3578,20250719,20250724,4,5,2,451,435,2025-07-19,2025-07-25,2025-07-24,2025-07-24 08:19:00,2025-07-26 02:33:39.783870
3579,20250817,20250822,1,159,2,356,319,2025-08-17,2025-08-22,2025-08-22,2025-08-22 14:33:00,2025-08-23 10:51:51.165417
3580,20251108,20251116,6,157,2,471,433,2025-11-08,2025-11-16,2025-11-16,2025-11-16 15:19:00,2025-11-22 05:12:58.600347
3581,20250911,20250918,8,27,1,21,19,2025-09-11,2025-09-18,2025-09-18,2025-09-18 09:55:00,2025-09-20 06:18:46.575011
3582,20250814,20250823,13,179,1,211,180,2025-08-14,2025-08-19,2025-08-23,2025-08-23 12:09:00,2025-08-23 22:31:51.931313
3583,20251124,20251205,14,172,2,150,143,2025-11-24,2025-12-01,2025-12-05,2025-12-05 13:21:00,2025-12-05 17:20:23.468600
3584,20250420,20250424,13,181,1,491,447,2025-04-20,2025-04-24,2025-04-24,2025-04-24 10:24:00,2025-04-26 11:13:16.921112
3585,20250218,20250221,14,172,2,100,95,2025-02-18,2025-02-22,2025-02-21,2025-02-21 12:43:00,2025-02-23 12:51:10.151114
3586,20250610,20250619,7,184,3,194,170,2025-06-10,2025-06-16,2025-06-19,2025-06-19 09:23:00,2025-06-20 17:30:34.626470
3587,20251127,20251201,10,116,3,51,47,2025-11-27,2025-12-01,2025-12-01,2025-12-01 17:06:00,2025-12-03 15:10:38.840578
3588,20250111,20250118,6,4,1,235,210,2025-01-11,2025-01-18,2025-01-18,2025-01-18 14:07:00,2025-01-22 11:06:18.293408
3589,20250215,20250218,15,48,2,102,95,2025-02-15,2025-02-18,2025-02-18,2025-02-18 16:36:00,2025-02-20 23:03:57.751148
3590,20250217,20250223,15,4,1,445,413,2025-02-17,2025-02-23,2025-02-23,2025-02-23 16:00:00,2025-02-24 14:04:17.363014
3591,20251205,20251213,4,6,1,129,125,2025-12-05,2025-12-13,2025-12-13,2025-12-13 15:40:00,2025-12-15 21:46:58.260275
3592,20250318,20250326,11,180,3,63,56,2025-03-18,2025-03-24,2025-03-26,2025-03-26 15:50:00,2025-03-31 12:36:27.542751
3593,20250710,20250714,15,169,1,137,132,2025-07-10,2025-07-14,2025-07-14,2025-07-14 09:57:00,2025-07-15 05:05:01.983220
3594,20250117,20250124,4,61,1,373,347,2025-01-17,2025-01-24,2025-01-24,2025-01-24 07:47:00,2025-01-25 01:52:32.678607
3595,20250215,20250221,13,197,3,20,18,2025-02-15,2025-02-21,2025-02-21,2025-02-21 08:50:00,2025-02-22 20:07:49.045839
3596,20250913,20250917,8,122,3,306,263,2025-09-13,2025-09-17,2025-09-17,2025-09-17 08:16:00,2025-09-19 17:12:40.754860
3597,20251013,20251023,12,34,1,441,381,2025-10-13,2025-10-23,2025-10-23,2025-10-23 07:18:00,2025-10-24 19:15:28.307179
3598,20251113,20251117,12,44,2,378,357,2025-11-13,2025-11-17,2025-11-17,2025-11-17 11:47:00,2025-11-20 20:30:03.400111
3599,20251130,20251208,9,121,2,74,62,2025-11-30,2025-12-08,2025-12-08,2025-12-08 09:22:00,2025-12-11 17:49:33.726160
3600,20250713,20250718,13,184,3,446,415,2025-07-13,2025-07-18,2025-07-18,2025-07-18 13:15:00,2025-07-19 18:29:34.855610
3601,20250426,20250502,10,76,2,338,326,2025-04-26,2025-05-02,2025-05-02,2025-05-02 15:43:00,2025-05-08 14:09:07.973652
3602,20250911,20250919,3,90,1,377,325,2025-09-11,2025-09-19,2025-09-19,2025-09-19 09:59:00,2025-09-20 02:37:22.495974
3603,20250526,20250604,11,70,1,378,342,2025-05-26,2025-06-03,2025-06-04,2025-06-04 17:38:00,2025-06-05 09:12:25.928502
3604,20250430,20250509,8,4,3,380,351,2025-04-30,2025-05-09,2025-05-09,2025-05-09 12:59:00,2025-05-13 15:58:37.246478
3605,20250215,20250220,8,125,3,445,386,2025-02-15,2025-02-20,2025-02-20,2025-02-20 13:25:00,2025-02-22 01:13:45.250284
3606,20251009,20251016,4,66,2,106,105,2025-10-09,2025-10-15,2025-10-16,2025-10-16 16:57:00,2025-10-17 06:07:05.971799
3607,20251114,20251122,3,115,2,419,417,2025-11-14,2025-11-22,2025-11-22,2025-11-22 09:26:00,2025-11-23 03:27:29.576707
3608,20250914,20250919,10,145,2,252,219,2025-09-14,2025-09-19,2025-09-19,2025-09-19 10:57:00,2025-09-20 07:02:08.838074
3609,20250605,20250616,14,34,3,102,94,2025-06-05,2025-06-13,2025-06-16,2025-06-16 11:33:00,2025-06-20 06:12:21.206124
3610,20251003,20251006,4,158,2,155,141,2025-10-03,2025-10-07,2025-10-06,2025-10-06 17:11:00,2025-10-11 09:51:15.772143
3611,20250801,20250804,9,71,3,451,408,2025-08-01,2025-08-05,2025-08-04,2025-08-04 14:48:00,2025-08-12 02:13:28.404384
3612,20250815,20250827,10,47,3,311,279,2025-08-15,2025-08-22,2025-08-27,2025-08-27 16:24:00,2025-09-02 12:47:13.933011
3613,20250201,20250206,15,68,1,281,274,2025-02-01,2025-02-06,2025-02-06,2025-02-06 07:27:00,2025-02-06 19:14:51.544252
3614,20251125,20251201,6,40,1,179,173,2025-11-25,2025-12-01,2025-12-01,2025-12-01 08:14:00,2025-12-02 11:48:09.517289
3615,20250222,20250228,9,145,1,121,114,2025-02-22,2025-02-28,2025-02-28,2025-02-28 16:18:00,2025-03-02 05:51:41.710544
3616,20251120,20251128,10,45,3,210,207,2025-11-20,2025-11-29,2025-11-28,2025-11-28 10:40:00,2025-11-30 05:31:31.515141
3617,20250629,20250706,15,188,2,301,273,2025-06-29,2025-07-07,2025-07-06,2025-07-06 09:58:00,2025-07-07 04:49:47.773771
3618,20250728,20250807,15,139,1,87,80,2025-07-28,2025-08-05,2025-08-07,2025-08-07 09:45:00,2025-08-12 07:11:38.249162
3619,20250624,20250702,11,31,3,359,327,2025-06-24,2025-07-02,2025-07-02,2025-07-02 07:02:00,2025-07-06 05:57:23.885946
3620,20250322,20250330,9,123,2,478,433,2025-03-22,2025-03-30,2025-03-30,2025-03-30 10:32:00,2025-04-04 18:45:23.858919
3621,20250421,20250425,13,55,1,217,200,2025-04-21,2025-04-25,2025-04-25,2025-04-25 09:40:00,2025-04-27 18:30:59.869037
3622,20251002,20251011,3,95,1,104,88,2025-10-02,2025-10-11,2025-10-11,2025-10-11 14:41:00,2025-10-14 01:57:30.309516
3623,20250414,20250424,7,26,2,409,379,2025-04-14,2025-04-23,2025-04-24,2025-04-24 09:46:00,2025-04-26 06:15:01.927810
3624,20250115,20250125,9,82,2,499,440,2025-01-15,2025-01-21,2025-01-25,2025-01-25 16:32:00,2025-01-29 07:41:39.621875
3625,20250614,20250617,13,10,1,282,263,2025-06-14,2025-06-17,2025-06-17,2025-06-17 14:23:00,2025-06-20 12:40:26.388533
3626,20251008,20251015,3,49,3,350,311,2025-10-08,2025-10-15,2025-10-15,2025-10-15 08:41:00,2025-10-20 11:45:46.457864
3627,20250308,20250315,6,126,1,21,18,2025-03-08,2025-03-12,2025-03-15,2025-03-15 16:57:00,2025-03-17 15:37:15.798499
3628,20250331,20250403,7,178,3,314,267,2025-03-31,2025-04-04,2025-04-03,2025-04-03 07:29:00,2025-04-03 21:16:06.174527
3629,20250202,20250210,7,165,1,216,200,2025-02-02,2025-02-11,2025-02-10,2025-02-10 10:38:00,2025-02-11 12:16:06.499011
3630,20250607,20250610,8,49,3,47,40,2025-06-07,2025-06-10,2025-06-10,2025-06-10 13:02:00,2025-06-13 21:54:08.022554
3631,20250625,20250701,11,92,1,457,437,2025-06-25,2025-07-02,2025-07-01,2025-07-01 16:42:00,2025-07-03 12:34:32.928178
3632,20250404,20250414,8,175,1,290,265,2025-04-04,2025-04-14,2025-04-14,2025-04-14 09:45:00,2025-04-14 14:40:46.303461
3633,20250303,20250308,11,186,1,274,233,2025-03-03,2025-03-09,2025-03-08,2025-03-08 14:31:00,2025-03-12 07:20:58.364843
3634,20251130,20251205,7,145,1,95,83,2025-11-30,2025-12-06,2025-12-05,2025-12-05 08:54:00,2025-12-08 08:51:23.249442
3635,20250205,20250208,1,183,2,146,127,2025-02-05,2025-02-09,2025-02-08,2025-02-08 16:52:00,2025-02-10 22:11:29.095540
3636,20250331,20250404,9,97,2,112,107,2025-03-31,2025-04-05,2025-04-04,2025-04-04 15:52:00,2025-04-11 00:54:25.075986
3637,20250302,20250307,4,109,3,484,415,2025-03-02,2025-03-07,2025-03-07,2025-03-07 07:51:00,2025-03-12 18:11:34.341573
3638,20250225,20250306,2,194,2,58,57,2025-02-25,2025-03-06,2025-03-06,2025-03-06 12:50:00,2025-03-09 02:04:59.781673
3639,20250916,20250923,9,160,1,42,37,2025-09-16,2025-09-24,2025-09-23,2025-09-23 11:56:00,2025-09-26 06:11:32.230507
3640,20250214,20250219,11,3,2,117,104,2025-02-14,2025-02-19,2025-02-19,2025-02-19 15:38:00,2025-02-21 02:49:33.147756
3641,20251113,20251115,5,174,2,468,418,2025-11-13,2025-11-16,2025-11-15,2025-11-15 12:49:00,2025-11-18 05:59:03.552328
3642,20251023,20251106,1,182,2,400,344,2025-10-23,2025-11-02,2025-11-06,2025-11-06 08:03:00,2025-11-07 12:17:31.053414
3643,20251129,20251205,7,76,1,451,443,2025-11-29,2025-12-02,2025-12-05,2025-12-05 16:26:00,2025-12-07 08:23:11.093253
3644,20250130,20250207,3,147,2,106,105,2025-01-30,2025-02-08,2025-02-07,2025-02-07 15:35:00,2025-02-13 11:39:57.213795
3645,20250130,20250205,1,140,1,230,212,2025-01-30,2025-02-04,2025-02-05,2025-02-05 13:51:00,2025-02-06 20:00:35.951890
3646,20250209,20250217,14,52,1,139,131,2025-02-09,2025-02-17,2025-02-17,2025-02-17 12:01:00,2025-02-17 19:57:05.978231
3647,20250409,20250420,5,33,3,390,369,2025-04-09,2025-04-15,2025-04-20,2025-04-20 09:26:00,2025-04-21 00:31:48.440707
3648,20250723,20250725,14,10,1,171,169,2025-07-23,2025-07-26,2025-07-25,2025-07-25 08:12:00,2025-07-26 15:17:13.212007
3649,20250715,20250727,5,145,1,88,85,2025-07-15,2025-07-25,2025-07-27,2025-07-27 07:56:00,2025-07-31 23:06:45.901226
3650,20250704,20250712,11,77,1,353,300,2025-07-04,2025-07-12,2025-07-12,2025-07-12 11:49:00,2025-07-14 22:44:07.453262
3651,20250119,20250127,13,181,3,458,395,2025-01-19,2025-01-27,2025-01-27,2025-01-27 08:18:00,2025-02-04 15:00:22.248252
3652,20251105,20251115,10,2,2,253,232,2025-11-05,2025-11-11,2025-11-15,2025-11-15 08:56:00,2025-11-16 08:52:43.387388
3653,20250114,20250122,1,53,2,213,206,2025-01-14,2025-01-22,2025-01-22,2025-01-22 16:26:00,2025-01-23 11:17:05.104633
3654,20250412,20250418,13,171,3,363,358,2025-04-12,2025-04-18,2025-04-18,2025-04-18 07:22:00,2025-04-21 09:51:24.231026
3655,20251015,20251024,11,154,1,180,165,2025-10-15,2025-10-24,2025-10-24,2025-10-24 09:29:00,2025-10-30 07:15:40.675306
3656,20250706,20250711,12,168,3,366,327,2025-07-06,2025-07-11,2025-07-11,2025-07-11 11:13:00,2025-07-12 02:06:06.906436
3657,20250404,20250414,1,40,1,139,137,2025-04-04,2025-04-11,2025-04-14,2025-04-14 14:53:00,2025-04-19 07:19:36.925487
3658,20250114,20250123,3,146,2,432,387,2025-01-14,2025-01-23,2025-01-23,2025-01-23 09:10:00,2025-01-24 07:29:53.505974
3659,20250617,20250625,1,107,1,291,285,2025-06-17,2025-06-25,2025-06-25,2025-06-25 16:52:00,2025-06-26 02:28:56.806789
3660,20250305,20250309,10,122,3,162,142,2025-03-05,2025-03-10,2025-03-09,2025-03-09 07:52:00,2025-03-10 13:09:37.733147
3661,20250622,20250627,13,83,1,398,374,2025-06-22,2025-06-27,2025-06-27,2025-06-27 08:35:00,2025-06-27 15:01:14.492776
3662,20250908,20250914,5,165,3,21,18,2025-09-08,2025-09-14,2025-09-14,2025-09-14 17:19:00,2025-09-18 14:36:43.714888
3663,20250820,20250825,13,85,2,187,175,2025-08-20,2025-08-25,2025-08-25,2025-08-25 10:30:00,2025-08-26 17:33:15.044293
3664,20250328,20250402,4,106,2,154,139,2025-03-28,2025-04-02,2025-04-02,2025-04-02 13:22:00,2025-04-03 15:35:10.077305
3665,20250512,20250517,10,148,2,331,325,2025-05-12,2025-05-16,2025-05-17,2025-05-17 10:33:00,2025-05-20 16:12:38.673925
3666,20250630,20250707,3,135,3,305,294,2025-06-30,2025-07-08,2025-07-07,2025-07-07 07:43:00,2025-07-07 13:20:40.357657
3667,20250401,20250408,5,149,1,263,236,2025-04-01,2025-04-08,2025-04-08,2025-04-08 12:29:00,2025-04-09 13:10:47.074677
3668,20250220,20250224,2,122,1,371,320,2025-02-20,2025-02-25,2025-02-24,2025-02-24 10:12:00,2025-02-25 11:53:51.070161
3669,20251101,20251108,12,87,1,42,41,2025-11-01,2025-11-08,2025-11-08,2025-11-08 08:31:00,2025-11-09 11:40:07.098711
3670,20250602,20250611,10,187,2,366,342,2025-06-02,2025-06-11,2025-06-11,2025-06-11 11:48:00,2025-06-14 23:51:47.815336
3671,20251120,20251125,2,175,3,231,200,2025-11-20,2025-11-26,2025-11-25,2025-11-25 14:46:00,2025-11-27 11:22:15.892610
3672,20250213,20250219,3,73,1,275,234,2025-02-13,2025-02-19,2025-02-19,2025-02-19 16:47:00,2025-02-22 06:31:48.991892
3673,20250427,20250502,3,80,1,101,94,2025-04-27,2025-05-02,2025-05-02,2025-05-02 16:04:00,2025-05-07 13:45:51.234411
3674,20250111,20250114,6,103,3,418,378,2025-01-11,2025-01-14,2025-01-14,2025-01-14 07:49:00,2025-01-17 07:41:54.466144
3675,20251201,20251206,5,100,1,193,173,2025-12-01,2025-12-06,2025-12-06,2025-12-06 10:51:00,2025-12-08 02:26:24.961226
3676,20250915,20250924,6,79,2,426,407,2025-09-15,2025-09-25,2025-09-24,2025-09-24 12:05:00,2025-09-27 00:23:00.236607
3677,20250803,20250814,13,80,1,446,382,2025-08-03,2025-08-12,2025-08-14,2025-08-14 08:37:00,2025-08-16 21:14:34.963230
3678,20250619,20250625,15,152,2,499,468,2025-06-19,2025-06-25,2025-06-25,2025-06-25 11:35:00,2025-06-27 07:32:37.644467
3679,20251031,20251111,11,87,1,146,143,2025-10-31,2025-11-07,2025-11-11,2025-11-11 11:10:00,2025-11-12 21:37:27.073528
3680,20251115,20251117,11,74,2,345,296,2025-11-15,2025-11-18,2025-11-17,2025-11-17 08:43:00,2025-11-18 04:53:55.507274
3681,20250908,20250917,11,130,1,107,96,2025-09-08,2025-09-17,2025-09-17,2025-09-17 13:38:00,2025-09-19 20:16:06.840241
3682,20250207,20250215,5,117,1,292,261,2025-02-07,2025-02-11,2025-02-15,2025-02-15 17:56:00,2025-02-21 13:34:12.653051
3683,20250314,20250318,1,52,3,176,155,2025-03-14,2025-03-18,2025-03-18,2025-03-18 12:48:00,2025-03-22 10:13:07.170362
3684,20250723,20250730,9,158,1,302,299,2025-07-23,2025-07-30,2025-07-30,2025-07-30 10:29:00,2025-08-01 04:51:45.019799
3685,20250609,20250614,12,7,3,468,441,2025-06-09,2025-06-15,2025-06-14,2025-06-14 09:43:00,2025-06-16 03:51:57.250805
3686,20250125,20250204,5,3,2,257,249,2025-01-25,2025-01-30,2025-02-04,2025-02-04 07:11:00,2025-02-10 18:55:52.788817
3687,20250414,20250423,5,62,1,200,197,2025-04-14,2025-04-20,2025-04-23,2025-04-23 15:04:00,2025-04-27 04:05:21.818185
3688,20250122,20250205,9,44,3,143,127,2025-01-22,2025-02-01,2025-02-05,2025-02-05 16:09:00,2025-02-07 19:37:24.009341
3689,20250918,20250921,2,147,2,220,210,2025-09-18,2025-09-22,2025-09-21,2025-09-21 14:02:00,2025-09-24 16:47:18.902973
3690,20250310,20250314,12,160,3,194,177,2025-03-10,2025-03-14,2025-03-14,2025-03-14 16:06:00,2025-03-15 10:58:59.614209
3691,20251016,20251021,8,26,2,186,165,2025-10-16,2025-10-21,2025-10-21,2025-10-21 08:25:00,2025-10-25 07:01:02.213792
3692,20250918,20250921,3,188,2,441,387,2025-09-18,2025-09-22,2025-09-21,2025-09-21 11:02:00,2025-09-24 15:05:52.112699
3693,20250807,20250816,2,166,2,199,181,2025-08-07,2025-08-17,2025-08-16,2025-08-16 16:41:00,2025-08-17 22:34:07.463303
3694,20250817,20250826,8,83,1,314,292,2025-08-17,2025-08-27,2025-08-26,2025-08-26 09:09:00,2025-08-28 17:26:44.735857
3695,20250512,20250517,6,200,2,276,252,2025-05-12,2025-05-17,2025-05-17,2025-05-17 17:18:00,2025-05-19 19:51:12.705217
3696,20251016,20251024,9,123,1,366,329,2025-10-16,2025-10-24,2025-10-24,2025-10-24 17:14:00,2025-10-26 05:09:37.908159
3697,20250512,20250522,12,23,3,348,328,2025-05-12,2025-05-22,2025-05-22,2025-05-22 16:40:00,2025-05-24 01:17:13.104451
3698,20250226,20250302,15,167,1,226,209,2025-02-26,2025-03-01,2025-03-02,2025-03-02 08:09:00,2025-03-04 10:10:34.658666
3699,20250830,20250904,11,140,2,347,308,2025-08-30,2025-09-04,2025-09-04,2025-09-04 12:36:00,2025-09-05 12:33:04.535914
3700,20250411,20250420,10,89,1,327,324,2025-04-11,2025-04-21,2025-04-20,2025-04-20 10:22:00,2025-04-22 01:30:31.409934
3701,20250716,20250725,10,66,1,166,144,2025-07-16,2025-07-25,2025-07-25,2025-07-25 16:39:00,2025-07-30 01:32:22.092202
3702,20250522,20250529,9,185,3,285,277,2025-05-22,2025-05-29,2025-05-29,2025-05-29 15:01:00,2025-05-31 09:20:31.690122
3703,20250619,20250627,9,142,1,450,384,2025-06-19,2025-06-27,2025-06-27,2025-06-27 17:56:00,2025-07-01 13:39:55.512620
3704,20250717,20250725,4,115,3,216,201,2025-07-17,2025-07-25,2025-07-25,2025-07-25 17:02:00,2025-07-27 19:26:33.774048
3705,20250930,20251003,1,7,1,261,224,2025-09-30,2025-10-04,2025-10-03,2025-10-03 11:07:00,2025-10-08 19:43:59.852115
3706,20250223,20250303,5,113,1,108,96,2025-02-23,2025-03-01,2025-03-03,2025-03-03 15:54:00,2025-03-04 09:04:46.051321
3707,20250323,20250401,15,195,3,120,111,2025-03-23,2025-03-29,2025-04-01,2025-04-01 15:57:00,2025-04-04 14:51:15.272699
3708,20250218,20250227,2,25,3,193,164,2025-02-18,2025-02-27,2025-02-27,2025-02-27 14:35:00,2025-02-28 11:18:07.090864
3709,20250817,20250825,8,20,3,145,141,2025-08-17,2025-08-26,2025-08-25,2025-08-25 07:33:00,2025-08-25 13:54:56.649220
3710,20250405,20250407,3,88,1,279,248,2025-04-05,2025-04-08,2025-04-07,2025-04-07 07:34:00,2025-04-11 00:13:45.709348
3711,20250827,20250903,14,103,2,184,182,2025-08-27,2025-08-31,2025-09-03,2025-09-03 13:05:00,2025-09-14 23:27:50.171647
3712,20251127,20251130,6,6,1,377,362,2025-11-27,2025-11-30,2025-11-30,2025-11-30 16:43:00,2025-11-30 22:37:38.178971
3713,20250307,20250314,14,143,2,69,62,2025-03-07,2025-03-14,2025-03-14,2025-03-14 10:22:00,2025-03-16 01:45:57.412122
3714,20250720,20250724,4,31,3,277,271,2025-07-20,2025-07-24,2025-07-24,2025-07-24 13:41:00,2025-07-26 20:18:15.221460
3715,20250619,20250628,10,168,1,468,413,2025-06-19,2025-06-28,2025-06-28,2025-06-28 10:48:00,2025-06-30 21:06:02.822021
3716,20250612,20250624,12,196,3,75,74,2025-06-12,2025-06-21,2025-06-24,2025-06-24 11:53:00,2025-06-27 18:44:56.660248
3717,20251112,20251116,11,34,1,123,113,2025-11-12,2025-11-16,2025-11-16,2025-11-16 07:58:00,2025-11-20 00:04:12.132814
3718,20251030,20251102,14,94,3,402,353,2025-10-30,2025-11-03,2025-11-02,2025-11-02 11:49:00,2025-11-03 06:24:35.656171
3719,20251106,20251112,6,104,2,427,397,2025-11-06,2025-11-10,2025-11-12,2025-11-12 13:50:00,2025-11-14 12:25:57.924015
3720,20250121,20250126,4,89,2,361,340,2025-01-21,2025-01-26,2025-01-26,2025-01-26 08:28:00,2025-01-27 13:52:22.737789
3721,20250820,20250825,1,103,1,444,414,2025-08-20,2025-08-25,2025-08-25,2025-08-25 08:17:00,2025-08-26 16:43:13.567396
3722,20250816,20250823,5,186,2,472,428,2025-08-16,2025-08-23,2025-08-23,2025-08-23 12:33:00,2025-08-25 19:18:31.230693
3723,20250517,20250523,5,59,1,304,269,2025-05-17,2025-05-23,2025-05-23,2025-05-23 09:29:00,2025-05-24 07:56:06.876705
3724,20251206,20251213,4,173,2,200,196,2025-12-06,2025-12-13,2025-12-13,2025-12-13 08:48:00,2025-12-16 12:38:04.038753
3725,20251120,20251127,7,126,1,159,148,2025-11-20,2025-11-23,2025-11-27,2025-11-27 07:03:00,2025-11-28 18:37:55.411157
3726,20250818,20250823,15,187,1,418,398,2025-08-18,2025-08-23,2025-08-23,2025-08-23 13:16:00,2025-09-01 09:50:25.930570
3727,20250421,20250501,5,55,1,268,251,2025-04-21,2025-05-01,2025-05-01,2025-05-01 17:00:00,2025-05-02 09:02:02.529635
3728,20250709,20250717,8,4,1,250,235,2025-07-09,2025-07-17,2025-07-17,2025-07-17 08:49:00,2025-07-19 04:57:47.962448
3729,20251130,20251204,8,123,2,54,50,2025-11-30,2025-12-04,2025-12-04,2025-12-04 10:23:00,2025-12-07 20:53:45.946521
3730,20250403,20250411,15,112,3,172,152,2025-04-03,2025-04-11,2025-04-11,2025-04-11 16:02:00,2025-04-14 08:41:50.478508
3731,20250410,20250417,4,144,2,133,123,2025-04-10,2025-04-18,2025-04-17,2025-04-17 13:46:00,2025-04-22 20:17:31.182339
3732,20250803,20250813,11,165,2,468,410,2025-08-03,2025-08-10,2025-08-13,2025-08-13 07:13:00,2025-08-19 17:03:34.703440
3733,20250324,20250401,15,187,1,486,465,2025-03-24,2025-04-01,2025-04-01,2025-04-01 08:02:00,2025-04-03 11:49:20.067573
3734,20250614,20250620,2,191,1,468,465,2025-06-14,2025-06-20,2025-06-20,2025-06-20 11:46:00,2025-06-26 20:56:40.223057
3735,20250807,20250814,7,110,3,181,171,2025-08-07,2025-08-15,2025-08-14,2025-08-14 09:49:00,2025-08-17 11:18:36.694801
3736,20251014,20251020,6,54,3,169,146,2025-10-14,2025-10-20,2025-10-20,2025-10-20 11:19:00,2025-10-22 18:13:24.804092
3737,20250125,20250202,8,160,2,383,382,2025-01-25,2025-02-02,2025-02-02,2025-02-02 11:13:00,2025-02-05 22:14:46.202481
3738,20250216,20250228,9,80,1,184,180,2025-02-16,2025-02-24,2025-02-28,2025-02-28 10:51:00,2025-03-02 20:08:47.182404
3739,20250915,20250924,12,190,1,161,140,2025-09-15,2025-09-24,2025-09-24,2025-09-24 14:52:00,2025-09-25 15:09:53.185783
3740,20250403,20250406,14,190,2,348,301,2025-04-03,2025-04-06,2025-04-06,2025-04-06 08:05:00,2025-04-08 17:56:52.005070
3741,20250825,20250831,14,159,3,471,401,2025-08-25,2025-09-01,2025-08-31,2025-08-31 16:56:00,2025-09-04 01:43:23.375287
3742,20250816,20250823,1,52,1,402,359,2025-08-16,2025-08-23,2025-08-23,2025-08-23 07:09:00,2025-08-25 15:35:44.869529
3743,20250710,20250721,10,85,1,104,94,2025-07-10,2025-07-20,2025-07-21,2025-07-21 13:07:00,2025-07-24 04:01:22.868518
3744,20250926,20250928,2,146,2,228,227,2025-09-26,2025-09-29,2025-09-28,2025-09-28 09:09:00,2025-09-30 00:26:39.052196
3745,20251026,20251104,8,129,1,212,199,2025-10-26,2025-11-05,2025-11-04,2025-11-04 12:13:00,2025-11-05 01:58:46.090089
3746,20250203,20250214,14,106,1,214,190,2025-02-03,2025-02-10,2025-02-14,2025-02-14 11:05:00,2025-02-15 12:11:18.247922
3747,20250729,20250801,14,168,1,409,387,2025-07-29,2025-08-01,2025-08-01,2025-08-01 11:35:00,2025-08-02 13:58:25.767911
3748,20250411,20250421,4,132,1,26,24,2025-04-11,2025-04-21,2025-04-21,2025-04-21 08:34:00,2025-04-24 18:56:21.984855
3749,20250511,20250515,13,63,3,417,359,2025-05-11,2025-05-15,2025-05-15,2025-05-15 09:10:00,2025-05-24 15:58:40.775578
3750,20250602,20250610,3,154,2,321,294,2025-06-02,2025-06-10,2025-06-10,2025-06-10 14:40:00,2025-06-18 14:57:49.468339
3751,20251116,20251124,8,84,1,173,168,2025-11-16,2025-11-25,2025-11-24,2025-11-24 13:54:00,2025-11-28 06:01:03.150128
3752,20250919,20251002,5,9,2,330,280,2025-09-19,2025-09-28,2025-10-02,2025-10-02 09:40:00,2025-10-04 04:52:40.504194
3753,20250628,20250707,7,91,2,165,157,2025-06-28,2025-07-08,2025-07-07,2025-07-07 09:10:00,2025-07-09 13:02:08.024591
3754,20250211,20250218,2,2,2,101,99,2025-02-11,2025-02-18,2025-02-18,2025-02-18 07:54:00,2025-02-21 10:15:05.326160
3755,20251002,20251012,6,147,2,98,92,2025-10-02,2025-10-08,2025-10-12,2025-10-12 09:18:00,2025-10-15 11:30:33.853382
3756,20250510,20250520,8,117,1,62,60,2025-05-10,2025-05-20,2025-05-20,2025-05-20 07:57:00,2025-05-22 02:55:37.016621
3757,20250327,20250403,13,66,2,183,157,2025-03-27,2025-04-03,2025-04-03,2025-04-03 10:50:00,2025-04-06 04:35:50.101994
3758,20250628,20250703,8,178,1,182,160,2025-06-28,2025-07-01,2025-07-03,2025-07-03 09:11:00,2025-07-03 20:22:21.738842
3759,20250103,20250109,9,167,2,481,476,2025-01-03,2025-01-09,2025-01-09,2025-01-09 09:51:00,2025-01-14 04:55:10.663676
3760,20250418,20250429,3,115,1,182,179,2025-04-18,2025-04-24,2025-04-29,2025-04-29 11:27:00,2025-05-02 16:50:33.292049
3761,20250706,20250709,10,46,1,97,88,2025-07-06,2025-07-09,2025-07-09,2025-07-09 13:58:00,2025-07-12 00:11:05.201881
3762,20250429,20250506,1,127,1,328,306,2025-04-29,2025-05-06,2025-05-06,2025-05-06 17:44:00,2025-05-10 05:28:12.562924
3763,20250409,20250417,15,69,3,370,353,2025-04-09,2025-04-18,2025-04-17,2025-04-17 10:51:00,2025-04-20 11:16:51.254609
3764,20250105,20250112,12,3,2,34,30,2025-01-05,2025-01-12,2025-01-12,2025-01-12 09:48:00,2025-01-14 23:46:24.379630
3765,20250523,20250529,1,30,1,85,80,2025-05-23,2025-05-29,2025-05-29,2025-05-29 15:33:00,2025-06-02 07:08:37.075305
3766,20250324,20250401,1,59,1,383,325,2025-03-24,2025-03-28,2025-04-01,2025-04-01 09:23:00,2025-04-02 18:59:35.627773
3767,20250629,20250704,12,79,2,441,409,2025-06-29,2025-07-04,2025-07-04,2025-07-04 11:52:00,2025-07-08 17:42:54.801070
3768,20250328,20250406,11,46,2,98,89,2025-03-28,2025-04-06,2025-04-06,2025-04-06 11:51:00,2025-04-06 21:45:16.871064
3769,20251202,20251206,15,197,1,110,93,2025-12-02,2025-12-06,2025-12-06,2025-12-06 13:12:00,2025-12-08 23:53:55.305329
3770,20250902,20250909,10,54,2,435,391,2025-09-02,2025-09-10,2025-09-09,2025-09-09 16:03:00,2025-09-12 21:36:00.978568
3771,20251013,20251019,15,141,1,165,146,2025-10-13,2025-10-19,2025-10-19,2025-10-19 13:35:00,2025-10-27 17:37:23.665553
3772,20250622,20250702,8,29,3,290,256,2025-06-22,2025-07-02,2025-07-02,2025-07-02 09:08:00,2025-07-05 03:16:22.942875
3773,20250107,20250118,1,193,1,317,281,2025-01-07,2025-01-16,2025-01-18,2025-01-18 16:23:00,2025-01-21 22:37:20.462188
3774,20251003,20251009,8,3,1,462,398,2025-10-03,2025-10-10,2025-10-09,2025-10-09 15:33:00,2025-10-10 12:08:47.233986
3775,20250118,20250123,9,4,2,426,363,2025-01-18,2025-01-21,2025-01-23,2025-01-23 12:30:00,2025-01-24 12:22:50.627507
3776,20250603,20250615,15,147,1,448,398,2025-06-03,2025-06-10,2025-06-15,2025-06-15 15:49:00,2025-06-20 17:55:50.117225
3777,20250207,20250217,13,138,2,480,473,2025-02-07,2025-02-17,2025-02-17,2025-02-17 08:15:00,2025-02-18 14:22:13.846410
3778,20250830,20250902,1,83,3,250,215,2025-08-30,2025-09-03,2025-09-02,2025-09-02 15:55:00,2025-09-03 04:48:59.139009
3779,20251016,20251022,8,168,1,444,396,2025-10-16,2025-10-22,2025-10-22,2025-10-22 17:59:00,2025-10-24 04:56:16.225025
3780,20250714,20250723,15,86,2,196,175,2025-07-14,2025-07-23,2025-07-23,2025-07-23 17:58:00,2025-07-26 15:29:13.452917
3781,20250208,20250211,3,98,2,271,237,2025-02-08,2025-02-11,2025-02-11,2025-02-11 16:35:00,2025-02-12 17:03:28.397334
3782,20250219,20250228,12,42,2,131,124,2025-02-19,2025-02-24,2025-02-28,2025-02-28 11:07:00,2025-03-02 10:11:12.609204
3783,20250213,20250216,3,99,2,221,209,2025-02-13,2025-02-16,2025-02-16,2025-02-16 10:24:00,2025-02-16 22:22:32.599751
3784,20250422,20250427,5,111,1,60,52,2025-04-22,2025-04-28,2025-04-27,2025-04-27 14:31:00,2025-05-05 11:56:09.768949
3785,20251117,20251120,8,48,2,303,267,2025-11-17,2025-11-20,2025-11-20,2025-11-20 07:37:00,2025-11-23 01:29:48.878423
3786,20250910,20250913,2,117,2,188,161,2025-09-10,2025-09-13,2025-09-13,2025-09-13 08:57:00,2025-09-15 23:12:59.294740
3787,20250108,20250113,8,91,2,157,147,2025-01-08,2025-01-13,2025-01-13,2025-01-13 08:15:00,2025-01-15 20:15:47.296021
3788,20251112,20251121,8,41,2,207,182,2025-11-12,2025-11-22,2025-11-21,2025-11-21 14:39:00,2025-11-24 07:00:39.606564
3789,20250705,20250710,14,183,1,316,268,2025-07-05,2025-07-10,2025-07-10,2025-07-10 15:01:00,2025-07-12 02:44:04.880199
3790,20250809,20250817,12,49,3,452,434,2025-08-09,2025-08-17,2025-08-17,2025-08-17 11:14:00,2025-08-20 04:53:04.656820
3791,20251002,20251011,5,18,2,487,439,2025-10-02,2025-10-11,2025-10-11,2025-10-11 09:12:00,2025-10-17 13:23:21.581825
3792,20250412,20250423,3,52,1,64,58,2025-04-12,2025-04-18,2025-04-23,2025-04-23 11:27:00,2025-04-30 03:21:00.385267
3793,20250907,20250916,2,54,1,83,72,2025-09-07,2025-09-16,2025-09-16,2025-09-16 15:32:00,2025-09-19 09:57:18.465619
3794,20250808,20250813,4,113,2,376,346,2025-08-08,2025-08-13,2025-08-13,2025-08-13 17:18:00,2025-08-15 15:30:19.761937
3795,20250829,20250905,6,101,2,398,369,2025-08-29,2025-09-05,2025-09-05,2025-09-05 09:17:00,2025-09-06 22:09:24.256466
3796,20251204,20251213,2,96,1,57,51,2025-12-04,2025-12-13,2025-12-13,2025-12-13 07:46:00,2025-12-14 09:16:59.657639
3797,20250526,20250531,4,63,3,230,197,2025-05-26,2025-05-31,2025-05-31,2025-05-31 08:18:00,2025-06-06 00:23:23.555249
3798,20250407,20250413,13,56,2,477,410,2025-04-07,2025-04-13,2025-04-13,2025-04-13 14:45:00,2025-04-16 06:33:48.247845
3799,20250116,20250120,8,30,2,92,88,2025-01-16,2025-01-21,2025-01-20,2025-01-20 12:50:00,2025-01-23 06:21:43.266396
3800,20251024,20251030,2,102,1,118,103,2025-10-24,2025-10-30,2025-10-30,2025-10-30 15:22:00,2025-11-01 01:40:52.676070
3801,20250505,20250510,2,188,2,404,398,2025-05-05,2025-05-11,2025-05-10,2025-05-10 12:14:00,2025-05-11 14:44:39.998033
3802,20250627,20250630,5,157,3,298,256,2025-06-27,2025-06-30,2025-06-30,2025-06-30 09:02:00,2025-07-07 06:50:02.351197
3803,20250417,20250420,14,152,1,49,42,2025-04-17,2025-04-20,2025-04-20,2025-04-20 16:40:00,2025-04-21 12:12:01.405416
3804,20250907,20250916,10,61,1,387,329,2025-09-07,2025-09-16,2025-09-16,2025-09-16 17:44:00,2025-09-17 12:26:19.154748
3805,20251106,20251112,8,187,2,435,401,2025-11-06,2025-11-13,2025-11-12,2025-11-12 14:54:00,2025-11-15 16:50:13.490498
3806,20250511,20250520,1,53,2,388,386,2025-05-11,2025-05-20,2025-05-20,2025-05-20 10:30:00,2025-05-21 04:18:16.053413
3807,20250523,20250601,13,71,2,75,70,2025-05-23,2025-06-01,2025-06-01,2025-06-01 17:34:00,2025-06-04 05:14:55.351756
3808,20250811,20250815,1,96,3,292,253,2025-08-11,2025-08-15,2025-08-15,2025-08-15 11:32:00,2025-08-16 15:28:49.482416
3809,20250322,20250328,9,113,2,44,38,2025-03-22,2025-03-29,2025-03-28,2025-03-28 15:45:00,2025-03-30 23:17:35.842572
3810,20250806,20250814,10,15,1,328,323,2025-08-06,2025-08-14,2025-08-14,2025-08-14 15:48:00,2025-08-16 13:35:49.686123
3811,20250603,20250618,4,46,1,223,222,2025-06-03,2025-06-13,2025-06-18,2025-06-18 13:07:00,2025-06-24 04:05:53.566199
3812,20250525,20250606,5,190,2,404,355,2025-05-25,2025-06-04,2025-06-06,2025-06-06 14:09:00,2025-06-07 07:46:50.856897
3813,20251012,20251020,9,48,1,186,162,2025-10-12,2025-10-20,2025-10-20,2025-10-20 07:03:00,2025-10-21 13:28:55.388116
3814,20251120,20251124,9,51,2,146,143,2025-11-20,2025-11-25,2025-11-24,2025-11-24 09:34:00,2025-11-27 09:27:08.119673
3815,20250621,20250629,3,61,2,236,216,2025-06-21,2025-06-29,2025-06-29,2025-06-29 16:06:00,2025-06-29 22:21:45.909836
3816,20251030,20251112,7,92,1,413,355,2025-10-30,2025-11-08,2025-11-12,2025-11-12 08:27:00,2025-11-13 22:34:56.165012
3817,20250219,20250225,9,98,2,269,234,2025-02-19,2025-02-25,2025-02-25,2025-02-25 12:43:00,2025-02-26 10:52:31.238908
3818,20250807,20250813,2,3,3,291,278,2025-08-07,2025-08-13,2025-08-13,2025-08-13 11:20:00,2025-08-15 16:23:04.764770
3819,20251205,20251212,2,123,2,307,287,2025-12-05,2025-12-12,2025-12-12,2025-12-12 07:08:00,2025-12-15 19:39:44.346138
3820,20251103,20251111,2,197,2,142,128,2025-11-03,2025-11-11,2025-11-11,2025-11-11 10:32:00,2025-11-11 17:05:01.273701
3821,20251009,20251014,9,88,3,306,298,2025-10-09,2025-10-15,2025-10-14,2025-10-14 11:29:00,2025-10-20 16:17:44.054831
3822,20250616,20250629,10,95,1,119,110,2025-06-16,2025-06-25,2025-06-29,2025-06-29 08:04:00,2025-07-02 21:03:31.886375
3823,20250827,20250829,3,116,1,203,194,2025-08-27,2025-08-30,2025-08-29,2025-08-29 12:45:00,2025-09-04 04:32:24.024150
3824,20250731,20250807,14,130,3,376,328,2025-07-31,2025-08-04,2025-08-07,2025-08-07 16:01:00,2025-08-09 19:03:29.747113
3825,20250222,20250306,5,191,2,480,464,2025-02-22,2025-03-01,2025-03-06,2025-03-06 14:46:00,2025-03-07 16:35:50.014846
3826,20250714,20250720,4,131,1,369,329,2025-07-14,2025-07-20,2025-07-20,2025-07-20 11:15:00,2025-07-26 05:47:25.647318
3827,20250811,20250820,8,28,3,135,128,2025-08-11,2025-08-20,2025-08-20,2025-08-20 13:24:00,2025-08-23 05:09:18.471535
3828,20250907,20250914,14,146,1,365,312,2025-09-07,2025-09-14,2025-09-14,2025-09-14 14:20:00,2025-09-19 05:10:08.556059
3829,20250605,20250611,6,83,1,179,171,2025-06-05,2025-06-11,2025-06-11,2025-06-11 11:11:00,2025-06-12 23:48:33.656495
3830,20250331,20250404,4,79,1,22,20,2025-03-31,2025-04-04,2025-04-04,2025-04-04 08:41:00,2025-04-05 04:18:49.066234
3831,20250404,20250412,15,184,1,268,248,2025-04-04,2025-04-12,2025-04-12,2025-04-12 13:57:00,2025-04-13 02:07:33.290082
3832,20250820,20250823,2,72,3,381,326,2025-08-20,2025-08-23,2025-08-23,2025-08-23 07:28:00,2025-08-24 01:52:46.401444
3833,20250828,20250904,3,55,3,420,406,2025-08-28,2025-09-04,2025-09-04,2025-09-04 07:46:00,2025-09-05 12:57:02.918724
3834,20251031,20251104,3,131,2,130,123,2025-10-31,2025-11-04,2025-11-04,2025-11-04 16:37:00,2025-11-10 06:16:00.567128
3835,20250317,20250327,1,182,2,70,65,2025-03-17,2025-03-25,2025-03-27,2025-03-27 12:38:00,2025-03-30 02:06:31.246716
3836,20250517,20250527,7,86,1,22,19,2025-05-17,2025-05-24,2025-05-27,2025-05-27 12:10:00,2025-06-05 15:10:23.253943
3837,20250823,20250830,3,53,2,265,237,2025-08-23,2025-08-30,2025-08-30,2025-08-30 17:14:00,2025-09-01 21:08:22.666114
3838,20251009,20251017,11,14,1,59,57,2025-10-09,2025-10-17,2025-10-17,2025-10-17 10:06:00,2025-10-18 12:02:26.989750
3839,20250905,20250914,1,130,2,282,260,2025-09-05,2025-09-14,2025-09-14,2025-09-14 07:59:00,2025-09-16 10:56:27.400481
3840,20251004,20251006,7,120,2,145,130,2025-10-04,2025-10-07,2025-10-06,2025-10-06 09:45:00,2025-10-07 19:32:05.850796
3841,20250523,20250531,14,27,2,165,146,2025-05-23,2025-05-30,2025-05-31,2025-05-31 16:42:00,2025-06-01 02:52:23.606653
3842,20251201,20251208,3,12,1,464,408,2025-12-01,2025-12-08,2025-12-08,2025-12-08 11:50:00,2025-12-09 01:44:46.808971
3843,20250106,20250111,7,131,1,349,328,2025-01-06,2025-01-11,2025-01-11,2025-01-11 17:10:00,2025-01-12 17:34:12.629478
3844,20250629,20250707,1,49,1,278,239,2025-06-29,2025-07-05,2025-07-07,2025-07-07 10:23:00,2025-07-07 20:37:53.845326
3845,20250715,20250719,1,4,1,436,427,2025-07-15,2025-07-19,2025-07-19,2025-07-19 14:03:00,2025-07-19 17:03:43.657777
3846,20250520,20250603,6,198,3,255,238,2025-05-20,2025-05-30,2025-06-03,2025-06-03 13:06:00,2025-06-04 13:52:37.154122
3847,20250627,20250703,1,112,2,118,113,2025-06-27,2025-07-04,2025-07-03,2025-07-03 14:26:00,2025-07-05 05:36:27.717111
3848,20250319,20250324,12,60,3,140,125,2025-03-19,2025-03-24,2025-03-24,2025-03-24 15:26:00,2025-03-25 19:29:27.765898
3849,20250127,20250206,15,190,1,447,430,2025-01-27,2025-02-06,2025-02-06,2025-02-06 12:24:00,2025-02-07 05:04:02.181737
3850,20250903,20250909,8,108,2,181,156,2025-09-03,2025-09-09,2025-09-09,2025-09-09 17:13:00,2025-09-11 17:04:47.664269
3851,20250808,20250812,1,45,1,39,33,2025-08-08,2025-08-12,2025-08-12,2025-08-12 08:13:00,2025-08-14 15:25:50.469548
3852,20250721,20250803,15,120,2,131,126,2025-07-21,2025-07-30,2025-08-03,2025-08-03 11:20:00,2025-08-04 23:10:44.103352
3853,20250119,20250127,6,25,2,286,260,2025-01-19,2025-01-24,2025-01-27,2025-01-27 10:58:00,2025-01-29 02:44:32.839040
3854,20250602,20250606,9,78,2,45,38,2025-06-02,2025-06-06,2025-06-06,2025-06-06 16:51:00,2025-06-07 17:06:59.802317
3855,20250603,20250606,3,17,1,177,153,2025-06-03,2025-06-07,2025-06-06,2025-06-06 17:34:00,2025-06-09 23:39:52.779965
3856,20250919,20250929,13,156,2,421,401,2025-09-19,2025-09-29,2025-09-29,2025-09-29 09:50:00,2025-10-01 01:37:00.321588
3857,20251106,20251115,12,40,1,71,62,2025-11-06,2025-11-15,2025-11-15,2025-11-15 17:00:00,2025-11-19 23:07:47.698554
3858,20250516,20250524,15,190,3,124,118,2025-05-16,2025-05-24,2025-05-24,2025-05-24 15:42:00,2025-05-26 11:51:17.663033
3859,20251205,20251209,6,148,3,347,316,2025-12-05,2025-12-09,2025-12-09,2025-12-09 12:19:00,2025-12-10 00:45:46.982613
3860,20250125,20250128,2,23,1,467,423,2025-01-25,2025-01-29,2025-01-28,2025-01-28 17:22:00,2025-01-31 09:55:42.858116
3861,20250110,20250117,1,101,1,105,93,2025-01-10,2025-01-18,2025-01-17,2025-01-17 07:39:00,2025-01-21 02:05:25.076931
3862,20250228,20250309,5,121,1,490,472,2025-02-28,2025-03-07,2025-03-09,2025-03-09 09:34:00,2025-03-11 10:04:46.298458
3863,20251006,20251009,8,176,1,491,430,2025-10-06,2025-10-09,2025-10-09,2025-10-09 11:31:00,2025-10-17 23:18:12.912206
3864,20250507,20250515,13,147,1,264,225,2025-05-07,2025-05-15,2025-05-15,2025-05-15 08:24:00,2025-05-16 19:39:35.210078
3865,20250322,20250402,10,158,1,423,366,2025-03-22,2025-03-29,2025-04-02,2025-04-02 16:56:00,2025-04-04 05:39:31.294927
3866,20250922,20250925,8,144,2,483,472,2025-09-22,2025-09-25,2025-09-25,2025-09-25 08:45:00,2025-09-27 01:38:21.163610
3867,20251015,20251026,6,100,2,191,171,2025-10-15,2025-10-25,2025-10-26,2025-10-26 17:22:00,2025-10-28 23:32:54.849523
3868,20250226,20250304,7,174,1,428,364,2025-02-26,2025-03-04,2025-03-04,2025-03-04 13:37:00,2025-03-06 22:14:22.460920
3869,20250414,20250421,12,85,2,187,182,2025-04-14,2025-04-22,2025-04-21,2025-04-21 08:27:00,2025-04-23 01:09:07.698318
3870,20250428,20250503,7,113,1,379,327,2025-04-28,2025-05-04,2025-05-03,2025-05-03 10:47:00,2025-05-04 12:46:24.535731
3871,20250604,20250609,10,190,1,32,31,2025-06-04,2025-06-09,2025-06-09,2025-06-09 13:08:00,2025-06-13 07:20:58.968108
3872,20251029,20251102,4,125,2,342,304,2025-10-29,2025-11-02,2025-11-02,2025-11-02 16:08:00,2025-11-03 18:59:57.246108
3873,20251011,20251020,11,165,3,491,423,2025-10-11,2025-10-20,2025-10-20,2025-10-20 13:07:00,2025-10-28 21:46:39.520510
3874,20250711,20250717,15,30,1,57,50,2025-07-11,2025-07-14,2025-07-17,2025-07-17 14:57:00,2025-07-19 13:08:46.069297
3875,20251115,20251119,14,43,1,207,200,2025-11-15,2025-11-20,2025-11-19,2025-11-19 12:50:00,2025-11-20 18:55:09.726047
3876,20250124,20250201,13,128,1,310,280,2025-01-24,2025-02-02,2025-02-01,2025-02-01 12:27:00,2025-02-02 08:02:30.487143
3877,20251004,20251012,13,61,1,244,208,2025-10-04,2025-10-12,2025-10-12,2025-10-12 07:10:00,2025-10-18 12:17:40.255282
3878,20250707,20250716,11,190,3,220,204,2025-07-07,2025-07-12,2025-07-16,2025-07-16 11:24:00,2025-07-19 15:04:35.211473
3879,20251031,20251106,11,134,2,207,184,2025-10-31,2025-11-06,2025-11-06,2025-11-06 15:58:00,2025-11-07 18:05:51.427896
3880,20250620,20250624,14,49,2,468,443,2025-06-20,2025-06-24,2025-06-24,2025-06-24 09:40:00,2025-06-26 18:43:28.627253
3881,20250214,20250219,11,120,1,244,221,2025-02-14,2025-02-19,2025-02-19,2025-02-19 14:07:00,2025-02-22 07:51:59.391752
3882,20251024,20251103,6,183,1,364,338,2025-10-24,2025-11-01,2025-11-03,2025-11-03 08:34:00,2025-11-03 19:50:53.900995
3883,20250624,20250703,12,98,2,156,149,2025-06-24,2025-07-03,2025-07-03,2025-07-03 13:21:00,2025-07-04 13:19:54.978676
3884,20250622,20250627,2,162,3,440,420,2025-06-22,2025-06-27,2025-06-27,2025-06-27 10:49:00,2025-06-30 18:25:14.902117
3885,20250812,20250820,9,72,2,288,279,2025-08-12,2025-08-15,2025-08-20,2025-08-20 16:33:00,2025-08-21 07:37:41.466894
3886,20250418,20250427,7,76,2,351,311,2025-04-18,2025-04-27,2025-04-27,2025-04-27 12:32:00,2025-04-29 16:19:55.439693
3887,20250921,20250925,9,159,1,84,79,2025-09-21,2025-09-25,2025-09-25,2025-09-25 07:30:00,2025-09-28 12:43:21.289024
3888,20251122,20251125,9,152,2,427,413,2025-11-22,2025-11-25,2025-11-25,2025-11-25 13:41:00,2025-11-26 05:48:20.732319
3889,20250305,20250310,13,42,1,22,19,2025-03-05,2025-03-10,2025-03-10,2025-03-10 11:32:00,2025-03-14 12:49:00.922934
3890,20250604,20250610,9,20,1,377,374,2025-06-04,2025-06-10,2025-06-10,2025-06-10 09:53:00,2025-06-12 17:20:06.999686
3891,20250317,20250320,2,58,1,262,245,2025-03-17,2025-03-20,2025-03-20,2025-03-20 12:42:00,2025-03-21 10:44:29.777892
3892,20251105,20251110,1,69,1,411,355,2025-11-05,2025-11-10,2025-11-10,2025-11-10 17:21:00,2025-11-14 07:44:08.337513
3893,20250514,20250519,15,6,2,375,337,2025-05-14,2025-05-19,2025-05-19,2025-05-19 16:57:00,2025-05-22 01:36:28.962346
3894,20250609,20250615,12,89,2,235,216,2025-06-09,2025-06-15,2025-06-15,2025-06-15 14:11:00,2025-06-16 21:40:52.640590
3895,20251101,20251109,15,146,3,148,142,2025-11-01,2025-11-09,2025-11-09,2025-11-09 12:04:00,2025-11-11 12:35:40.878825
3896,20251009,20251012,12,48,1,388,372,2025-10-09,2025-10-12,2025-10-12,2025-10-12 08:58:00,2025-10-13 10:58:35.892183
3897,20250217,20250227,5,106,1,406,398,2025-02-17,2025-02-27,2025-02-27,2025-02-27 09:02:00,2025-02-27 21:28:50.053022
3898,20250712,20250723,1,36,1,335,310,2025-07-12,2025-07-19,2025-07-23,2025-07-23 13:17:00,2025-07-25 08:35:22.496245
3899,20250923,20250926,13,72,1,55,48,2025-09-23,2025-09-26,2025-09-26,2025-09-26 13:47:00,2025-09-28 08:42:53.993283
3900,20250621,20250630,13,166,2,198,189,2025-06-21,2025-07-01,2025-06-30,2025-06-30 09:48:00,2025-07-08 16:08:34.543977
3901,20250528,20250606,14,103,1,186,170,2025-05-28,2025-06-04,2025-06-06,2025-06-06 12:10:00,2025-06-10 03:47:00.744431
3902,20250428,20250509,1,122,3,118,101,2025-04-28,2025-05-05,2025-05-09,2025-05-09 08:20:00,2025-05-11 04:44:32.043216
3903,20251030,20251105,14,180,1,490,457,2025-10-30,2025-11-05,2025-11-05,2025-11-05 11:52:00,2025-11-08 00:32:06.187276
3904,20251117,20251127,3,181,3,491,454,2025-11-17,2025-11-27,2025-11-27,2025-11-27 11:35:00,2025-12-02 20:09:11.498615
3905,20250609,20250617,14,184,1,102,98,2025-06-09,2025-06-18,2025-06-17,2025-06-17 10:56:00,2025-06-18 21:11:55.692134
3906,20250717,20250724,2,9,1,203,187,2025-07-17,2025-07-24,2025-07-24,2025-07-24 12:14:00,2025-07-24 22:39:08.492129
3907,20250822,20250901,2,134,1,359,329,2025-08-22,2025-09-01,2025-09-01,2025-09-01 09:05:00,2025-09-07 17:43:42.130554
3908,20251112,20251122,9,25,1,94,89,2025-11-12,2025-11-22,2025-11-22,2025-11-22 10:00:00,2025-11-24 23:32:35.328881
3909,20250624,20250702,6,67,3,232,206,2025-06-24,2025-07-03,2025-07-02,2025-07-02 09:40:00,2025-07-02 21:09:46.964150
3910,20250719,20250723,3,20,1,75,64,2025-07-19,2025-07-23,2025-07-23,2025-07-23 08:10:00,2025-07-25 05:27:02.096849
3911,20251119,20251127,1,38,1,197,182,2025-11-19,2025-11-24,2025-11-27,2025-11-27 17:56:00,2025-11-28 05:09:47.382411
3912,20251004,20251012,14,34,3,244,234,2025-10-04,2025-10-09,2025-10-12,2025-10-12 13:18:00,2025-10-15 01:40:59.343689
3913,20250616,20250624,1,12,3,266,231,2025-06-16,2025-06-24,2025-06-24,2025-06-24 09:07:00,2025-06-26 03:45:41.088026
3914,20251113,20251120,1,55,2,380,354,2025-11-13,2025-11-20,2025-11-20,2025-11-20 13:59:00,2025-11-21 15:26:01.155318
3915,20251101,20251110,6,15,1,200,197,2025-11-01,2025-11-10,2025-11-10,2025-11-10 14:44:00,2025-11-18 18:57:23.376094
3916,20250120,20250129,10,85,2,29,28,2025-01-20,2025-01-29,2025-01-29,2025-01-29 17:10:00,2025-02-02 15:08:03.375204
3917,20250317,20250321,15,111,1,176,157,2025-03-17,2025-03-21,2025-03-21,2025-03-21 13:48:00,2025-03-23 19:07:17.363209
3918,20250725,20250730,3,11,2,172,162,2025-07-25,2025-07-30,2025-07-30,2025-07-30 12:23:00,2025-07-30 20:58:55.145982
3919,20250925,20251001,4,149,1,321,300,2025-09-25,2025-10-01,2025-10-01,2025-10-01 15:26:00,2025-10-02 08:44:15.438290
3920,20250129,20250207,7,32,1,303,266,2025-01-29,2025-02-03,2025-02-07,2025-02-07 17:45:00,2025-02-09 19:30:43.741244
3921,20250808,20250816,7,50,1,321,281,2025-08-08,2025-08-14,2025-08-16,2025-08-16 17:04:00,2025-08-21 10:21:49.893266
3922,20250712,20250720,15,73,2,450,415,2025-07-12,2025-07-19,2025-07-20,2025-07-20 15:24:00,2025-07-22 05:11:23.828230
3923,20250316,20250321,6,37,2,157,151,2025-03-16,2025-03-21,2025-03-21,2025-03-21 13:18:00,2025-03-23 16:36:32.519629
3924,20250811,20250821,9,150,2,329,297,2025-08-11,2025-08-21,2025-08-21,2025-08-21 16:08:00,2025-08-22 08:16:13.103640
3925,20251016,20251022,5,152,2,174,170,2025-10-16,2025-10-22,2025-10-22,2025-10-22 07:22:00,2025-10-27 01:10:46.266880
3926,20250501,20250510,7,161,2,104,103,2025-05-01,2025-05-11,2025-05-10,2025-05-10 09:35:00,2025-05-12 17:28:33.043502
3927,20250613,20250623,13,72,3,122,111,2025-06-13,2025-06-23,2025-06-23,2025-06-23 15:29:00,2025-06-25 10:44:27.090241
3928,20250120,20250128,6,168,1,451,398,2025-01-20,2025-01-28,2025-01-28,2025-01-28 15:03:00,2025-01-29 06:27:44.794362
3929,20250202,20250212,1,31,3,244,208,2025-02-02,2025-02-12,2025-02-12,2025-02-12 11:02:00,2025-02-13 05:09:04.726839
3930,20250921,20250927,8,108,3,153,150,2025-09-21,2025-09-27,2025-09-27,2025-09-27 13:25:00,2025-09-30 05:05:37.672409
3931,20250318,20250326,11,187,1,150,128,2025-03-18,2025-03-25,2025-03-26,2025-03-26 16:46:00,2025-03-29 05:32:51.976132
3932,20250406,20250413,1,22,1,383,381,2025-04-06,2025-04-13,2025-04-13,2025-04-13 07:42:00,2025-04-16 21:15:40.926713
3933,20250311,20250314,9,148,3,288,261,2025-03-11,2025-03-15,2025-03-14,2025-03-14 14:18:00,2025-03-14 22:12:31.427757
3934,20250831,20250907,1,200,1,38,34,2025-08-31,2025-09-08,2025-09-07,2025-09-07 08:03:00,2025-09-08 12:30:13.205697
3935,20250813,20250823,3,3,2,396,390,2025-08-13,2025-08-23,2025-08-23,2025-08-23 07:28:00,2025-08-26 07:53:04.631268
3936,20250705,20250712,1,84,1,199,191,2025-07-05,2025-07-12,2025-07-12,2025-07-12 08:11:00,2025-07-13 20:51:22.653433
3937,20251105,20251113,2,143,2,183,180,2025-11-05,2025-11-14,2025-11-13,2025-11-13 17:47:00,2025-11-15 15:20:33.593473
3938,20250324,20250331,11,164,3,217,184,2025-03-24,2025-03-27,2025-03-31,2025-03-31 07:34:00,2025-04-01 22:49:56.322737
3939,20250219,20250222,6,80,1,207,200,2025-02-19,2025-02-22,2025-02-22,2025-02-22 16:20:00,2025-02-24 14:34:29.935282
3940,20250529,20250608,12,98,1,314,308,2025-05-29,2025-06-08,2025-06-08,2025-06-08 11:41:00,2025-06-09 22:16:34.117462
3941,20250418,20250425,4,100,2,414,358,2025-04-18,2025-04-25,2025-04-25,2025-04-25 14:19:00,2025-04-27 07:07:09.732564
3942,20250219,20250227,13,92,1,104,100,2025-02-19,2025-02-28,2025-02-27,2025-02-27 14:35:00,2025-03-02 00:50:55.644152
3943,20250602,20250612,5,130,2,238,231,2025-06-02,2025-06-12,2025-06-12,2025-06-12 14:49:00,2025-06-16 10:40:42.191485
3944,20250709,20250718,7,13,2,364,329,2025-07-09,2025-07-18,2025-07-18,2025-07-18 15:56:00,2025-07-20 23:39:31.767666
3945,20250704,20250719,7,62,1,117,106,2025-07-04,2025-07-14,2025-07-19,2025-07-19 10:50:00,2025-07-21 09:34:03.440240
3946,20250913,20250922,11,35,1,430,373,2025-09-13,2025-09-20,2025-09-22,2025-09-22 15:44:00,2025-09-26 02:20:16.374497
3947,20250503,20250513,5,18,1,37,33,2025-05-03,2025-05-13,2025-05-13,2025-05-13 17:04:00,2025-05-26 17:44:21.893186
3948,20250808,20250817,14,119,2,208,178,2025-08-08,2025-08-17,2025-08-17,2025-08-17 17:22:00,2025-08-19 00:56:05.785824
3949,20250509,20250517,1,51,1,224,201,2025-05-09,2025-05-13,2025-05-17,2025-05-17 14:23:00,2025-05-18 18:51:38.170686
3950,20250203,20250211,4,86,1,304,303,2025-02-03,2025-02-11,2025-02-11,2025-02-11 16:35:00,2025-02-16 17:27:06.460910
3951,20250416,20250422,15,83,1,60,59,2025-04-16,2025-04-21,2025-04-22,2025-04-22 12:08:00,2025-04-24 15:19:47.072221
3952,20250131,20250208,2,34,3,45,38,2025-01-31,2025-02-08,2025-02-08,2025-02-08 16:06:00,2025-02-09 05:02:19.888754
3953,20250130,20250204,2,200,3,56,48,2025-01-30,2025-02-04,2025-02-04,2025-02-04 17:54:00,2025-02-07 01:51:42.741268
3954,20251202,20251211,7,149,1,196,193,2025-12-02,2025-12-11,2025-12-11,2025-12-11 12:41:00,2025-12-12 08:02:29.860330
3955,20250105,20250110,7,196,1,308,267,2025-01-05,2025-01-10,2025-01-10,2025-01-10 17:36:00,2025-01-13 10:58:07.239357
3956,20250726,20250804,10,17,1,399,393,2025-07-26,2025-08-03,2025-08-04,2025-08-04 09:41:00,2025-08-06 20:54:38.461780
3957,20250226,20250306,11,177,3,164,162,2025-02-26,2025-03-06,2025-03-06,2025-03-06 15:00:00,2025-03-09 01:34:22.158872
3958,20251108,20251113,15,6,2,325,317,2025-11-08,2025-11-13,2025-11-13,2025-11-13 12:58:00,2025-11-16 09:32:39.329470
3959,20250114,20250118,12,112,1,269,228,2025-01-14,2025-01-18,2025-01-18,2025-01-18 17:10:00,2025-01-23 06:30:05.365214
3960,20251119,20251129,10,79,1,222,218,2025-11-19,2025-11-29,2025-11-29,2025-11-29 16:13:00,2025-11-30 09:15:25.996562
3961,20250829,20250904,9,34,3,379,348,2025-08-29,2025-09-01,2025-09-04,2025-09-04 13:02:00,2025-09-05 06:49:49.118268
3962,20250818,20250823,5,190,3,109,108,2025-08-18,2025-08-21,2025-08-23,2025-08-23 13:48:00,2025-08-25 22:09:49.727539
3963,20250427,20250506,4,190,2,84,83,2025-04-27,2025-05-06,2025-05-06,2025-05-06 11:52:00,2025-05-10 15:03:00.265541
3964,20250122,20250127,8,155,3,231,208,2025-01-22,2025-01-28,2025-01-27,2025-01-27 07:10:00,2025-01-30 15:19:06.671521
3965,20250809,20250821,7,50,1,174,153,2025-08-09,2025-08-18,2025-08-21,2025-08-21 15:20:00,2025-08-23 14:58:36.075222
3966,20250524,20250527,1,13,2,81,73,2025-05-24,2025-05-27,2025-05-27,2025-05-27 13:16:00,2025-05-29 09:12:51.535601
3967,20251114,20251123,6,57,3,280,250,2025-11-14,2025-11-23,2025-11-23,2025-11-23 09:03:00,2025-11-25 15:21:41.540127
3968,20250725,20250730,8,164,3,109,102,2025-07-25,2025-07-30,2025-07-30,2025-07-30 10:25:00,2025-08-02 18:39:05.890972
3969,20251024,20251101,8,111,1,24,22,2025-10-24,2025-11-01,2025-11-01,2025-11-01 09:16:00,2025-11-03 01:49:42.391731
3970,20251104,20251108,12,82,1,72,66,2025-11-04,2025-11-08,2025-11-08,2025-11-08 14:31:00,2025-11-11 12:04:04.437725
3971,20250629,20250704,12,52,3,395,342,2025-06-29,2025-07-05,2025-07-04,2025-07-04 08:18:00,2025-07-06 12:42:50.439381
3972,20250511,20250519,11,182,1,147,130,2025-05-11,2025-05-14,2025-05-19,2025-05-19 13:41:00,2025-05-20 16:23:07.658656
3973,20250419,20250424,4,124,2,365,344,2025-04-19,2025-04-24,2025-04-24,2025-04-24 08:56:00,2025-04-25 04:13:23.896561
3974,20250518,20250522,3,37,2,129,115,2025-05-18,2025-05-22,2025-05-22,2025-05-22 14:45:00,2025-05-23 19:28:05.657692
3975,20250406,20250413,5,84,2,47,41,2025-04-06,2025-04-13,2025-04-13,2025-04-13 14:44:00,2025-04-17 07:01:59.336884
3976,20251205,20251209,7,125,2,170,148,2025-12-05,2025-12-09,2025-12-09,2025-12-09 17:51:00,2025-12-10 15:37:10.394358
3977,20251127,20251204,7,14,3,298,290,2025-11-27,2025-11-30,2025-12-04,2025-12-04 07:21:00,2025-12-05 14:28:21.091737
3978,20250910,20250920,14,128,1,137,123,2025-09-10,2025-09-20,2025-09-20,2025-09-20 16:25:00,2025-09-21 18:18:30.775990
3979,20250926,20251003,3,86,2,116,111,2025-09-26,2025-10-04,2025-10-03,2025-10-03 09:16:00,2025-10-05 14:24:17.454906
3980,20250125,20250128,6,146,2,170,151,2025-01-25,2025-01-29,2025-01-28,2025-01-28 16:13:00,2025-01-31 14:07:00.287745
3981,20250831,20250913,15,173,1,169,154,2025-08-31,2025-09-09,2025-09-13,2025-09-13 11:51:00,2025-09-14 11:28:42.495740
3982,20250902,20250909,5,67,1,308,276,2025-09-02,2025-09-09,2025-09-09,2025-09-09 07:26:00,2025-09-10 01:30:07.016765
3983,20251113,20251121,5,14,1,33,31,2025-11-13,2025-11-18,2025-11-21,2025-11-21 13:35:00,2025-11-24 19:49:08.179739
3984,20251028,20251031,10,120,1,349,340,2025-10-28,2025-10-31,2025-10-31,2025-10-31 09:53:00,2025-11-01 01:10:37.683200
3985,20250110,20250113,10,180,1,63,60,2025-01-10,2025-01-13,2025-01-13,2025-01-13 09:34:00,2025-01-17 08:07:46.058050
3986,20250605,20250619,15,143,3,484,475,2025-06-05,2025-06-14,2025-06-19,2025-06-19 16:44:00,2025-06-23 22:24:15.258224
3987,20250414,20250421,9,98,3,296,259,2025-04-14,2025-04-22,2025-04-21,2025-04-21 08:51:00,2025-04-23 06:04:21.465128
3988,20251204,20251209,4,185,3,364,351,2025-12-04,2025-12-07,2025-12-09,2025-12-09 10:22:00,2025-12-11 19:53:53.773378
3989,20250706,20250715,4,191,1,81,69,2025-07-06,2025-07-16,2025-07-15,2025-07-15 15:19:00,2025-07-20 12:01:17.938078
3990,20250623,20250626,5,141,1,44,43,2025-06-23,2025-06-26,2025-06-26,2025-06-26 09:23:00,2025-07-03 21:57:53.158554
3991,20250806,20250812,15,28,1,444,423,2025-08-06,2025-08-12,2025-08-12,2025-08-12 15:26:00,2025-08-13 02:53:44.215132
3992,20250502,20250510,2,25,2,349,313,2025-05-02,2025-05-11,2025-05-10,2025-05-10 15:11:00,2025-05-15 08:56:59.175397
3993,20250909,20250919,3,69,1,171,152,2025-09-09,2025-09-19,2025-09-19,2025-09-19 16:54:00,2025-09-28 09:55:02.050464
3994,20250411,20250423,14,84,3,474,409,2025-04-11,2025-04-18,2025-04-23,2025-04-23 08:18:00,2025-04-25 14:16:48.253640
3995,20250102,20250107,12,136,3,384,338,2025-01-02,2025-01-07,2025-01-07,2025-01-07 08:18:00,2025-01-09 09:07:05.725286
3996,20250621,20250705,3,168,1,449,403,2025-06-21,2025-06-30,2025-07-05,2025-07-05 15:41:00,2025-07-08 15:27:39.577602
3997,20250206,20250208,1,14,1,51,45,2025-02-06,2025-02-09,2025-02-08,2025-02-08 15:17:00,2025-02-09 17:25:06.659114
3998,20250422,20250427,13,103,3,252,249,2025-04-22,2025-04-27,2025-04-27,2025-04-27 14:20:00,2025-04-30 12:17:21.537722
3999,20250508,20250514,5,66,1,81,69,2025-05-08,2025-05-14,2025-05-14,2025-05-14 12:53:00,2025-05-17 00:19:00.047281
4000,20250206,20250209,13,132,1,470,412,2025-02-06,2025-02-10,2025-02-09,2025-02-09 09:33:00,2025-02-10 13:33:29.424394
4001,20250416,20250422,10,138,1,100,92,2025-04-16,2025-04-22,2025-04-22,2025-04-22 10:52:00,2025-04-23 23:24:40.620763
4002,20250413,20250416,13,111,2,276,252,2025-04-13,2025-04-16,2025-04-16,2025-04-16 07:20:00,2025-04-17 02:12:43.870332
4003,20250522,20250525,10,168,2,395,354,2025-05-22,2025-05-25,2025-05-25,2025-05-25 13:15:00,2025-05-27 13:02:36.105453
4004,20250214,20250222,4,31,1,121,105,2025-02-14,2025-02-22,2025-02-22,2025-02-22 16:39:00,2025-02-23 12:00:49.970096
4005,20250128,20250207,7,114,1,293,274,2025-01-28,2025-02-05,2025-02-07,2025-02-07 07:27:00,2025-02-10 01:35:56.693326
4006,20250920,20250925,12,112,2,188,168,2025-09-20,2025-09-25,2025-09-25,2025-09-25 15:57:00,2025-09-26 08:27:56.611478
4007,20250826,20250901,9,167,2,84,80,2025-08-26,2025-08-29,2025-09-01,2025-09-01 17:08:00,2025-09-01 22:24:47.243952
4008,20250415,20250419,2,133,2,417,408,2025-04-15,2025-04-20,2025-04-19,2025-04-19 13:08:00,2025-04-20 05:48:31.666586
4009,20250426,20250502,3,122,1,451,431,2025-04-26,2025-05-02,2025-05-02,2025-05-02 08:57:00,2025-05-05 05:33:00.721762
4010,20250529,20250612,14,110,3,28,25,2025-05-29,2025-06-07,2025-06-12,2025-06-12 08:01:00,2025-06-15 03:28:42.714565
4011,20250404,20250412,11,44,1,142,127,2025-04-04,2025-04-12,2025-04-12,2025-04-12 08:44:00,2025-04-16 07:05:23.127476
4012,20250506,20250513,8,54,1,276,251,2025-05-06,2025-05-13,2025-05-13,2025-05-13 11:48:00,2025-05-14 12:21:35.138991
4013,20250209,20250218,12,114,1,295,271,2025-02-09,2025-02-18,2025-02-18,2025-02-18 14:13:00,2025-02-18 23:33:40.947954
4014,20251110,20251123,6,154,1,461,421,2025-11-10,2025-11-19,2025-11-23,2025-11-23 07:54:00,2025-11-25 16:23:38.925612
4015,20250102,20250109,14,24,1,128,125,2025-01-02,2025-01-09,2025-01-09,2025-01-09 12:58:00,2025-01-11 08:18:18.615738
4016,20250903,20250910,10,127,2,287,265,2025-09-03,2025-09-10,2025-09-10,2025-09-10 12:57:00,2025-09-20 13:41:49.814247
4017,20250621,20250630,14,40,1,56,52,2025-06-21,2025-06-29,2025-06-30,2025-06-30 17:45:00,2025-07-03 14:00:20.454401
4018,20251028,20251105,7,91,1,200,181,2025-10-28,2025-11-02,2025-11-05,2025-11-05 15:00:00,2025-11-07 18:11:59.809639
4019,20251202,20251207,13,173,1,119,117,2025-12-02,2025-12-08,2025-12-07,2025-12-07 08:05:00,2025-12-10 06:59:20.927297
4020,20251007,20251012,2,33,1,316,286,2025-10-07,2025-10-12,2025-10-12,2025-10-12 11:00:00,2025-10-14 04:46:29.753978
4021,20250828,20250905,7,200,2,363,359,2025-08-28,2025-09-05,2025-09-05,2025-09-05 16:01:00,2025-09-09 12:09:51.716330
4022,20250204,20250208,14,139,2,375,361,2025-02-04,2025-02-08,2025-02-08,2025-02-08 16:36:00,2025-02-10 01:48:34.076501
4023,20250810,20250812,8,61,1,65,60,2025-08-10,2025-08-13,2025-08-12,2025-08-12 10:20:00,2025-08-13 22:04:10.207705
4024,20251026,20251030,15,71,1,327,291,2025-10-26,2025-10-30,2025-10-30,2025-10-30 11:41:00,2025-11-05 11:37:29.711569
4025,20250419,20250424,8,58,1,310,293,2025-04-19,2025-04-25,2025-04-24,2025-04-24 10:31:00,2025-04-25 14:07:32.824262
4026,20250101,20250105,4,177,1,465,458,2025-01-01,2025-01-05,2025-01-05,2025-01-05 10:07:00,2025-01-07 00:06:01.940848
4027,20250110,20250116,4,168,2,428,421,2025-01-10,2025-01-16,2025-01-16,2025-01-16 14:44:00,2025-01-18 08:50:16.401142
4028,20250221,20250308,5,190,2,256,244,2025-02-21,2025-03-03,2025-03-08,2025-03-08 14:21:00,2025-03-09 08:33:32.515301
4029,20250131,20250204,11,41,2,211,196,2025-01-31,2025-02-04,2025-02-04,2025-02-04 11:58:00,2025-02-04 16:06:00.499067
4030,20250831,20250910,10,70,1,117,104,2025-08-31,2025-09-10,2025-09-10,2025-09-10 08:13:00,2025-09-16 20:53:46.599509
4031,20250921,20250929,5,63,1,346,294,2025-09-21,2025-09-28,2025-09-29,2025-09-29 07:40:00,2025-10-02 11:08:44.782678
4032,20250920,20250928,1,111,2,165,161,2025-09-20,2025-09-28,2025-09-28,2025-09-28 08:07:00,2025-10-01 08:08:07.267440
4033,20251003,20251007,4,195,2,457,440,2025-10-03,2025-10-07,2025-10-07,2025-10-07 13:57:00,2025-10-08 14:57:58.948338
4034,20251206,20251215,14,190,2,210,207,2025-12-06,2025-12-14,2025-12-15,2025-12-15 10:59:00,2025-12-16 05:47:39.559788
4035,20251122,20251125,7,168,3,444,409,2025-11-22,2025-11-25,2025-11-25,2025-11-25 12:45:00,2025-11-26 07:19:53.928476
4036,20251023,20251031,2,21,2,109,101,2025-10-23,2025-10-30,2025-10-31,2025-10-31 12:49:00,2025-11-01 02:17:48.427399
4037,20250218,20250228,10,188,2,233,208,2025-02-18,2025-02-28,2025-02-28,2025-02-28 16:19:00,2025-03-07 22:01:15.348130
4038,20250306,20250314,12,116,2,327,304,2025-03-06,2025-03-14,2025-03-14,2025-03-14 09:07:00,2025-03-15 22:53:50.109435
4039,20250928,20251002,5,153,2,250,213,2025-09-28,2025-10-02,2025-10-02,2025-10-02 16:12:00,2025-10-03 17:31:00.752878
4040,20251124,20251128,9,23,1,238,237,2025-11-24,2025-11-28,2025-11-28,2025-11-28 11:06:00,2025-12-02 02:49:06.731155
4041,20251127,20251202,14,145,1,406,368,2025-11-27,2025-11-30,2025-12-02,2025-12-02 17:07:00,2025-12-04 11:58:19.598607
4042,20250724,20250729,6,122,3,145,144,2025-07-24,2025-07-29,2025-07-29,2025-07-29 16:14:00,2025-07-30 04:49:46.003264
4043,20250401,20250405,1,132,1,82,78,2025-04-01,2025-04-04,2025-04-05,2025-04-05 10:24:00,2025-04-07 13:35:13.212183
4044,20251118,20251130,11,79,3,200,194,2025-11-18,2025-11-26,2025-11-30,2025-11-30 11:58:00,2025-12-01 17:55:52.623322
4045,20250307,20250314,14,74,2,423,380,2025-03-07,2025-03-12,2025-03-14,2025-03-14 08:12:00,2025-03-15 01:56:10.802822
4046,20250927,20251002,13,93,1,178,157,2025-09-27,2025-10-02,2025-10-02,2025-10-02 13:14:00,2025-10-06 17:58:05.803016
4047,20251118,20251128,10,199,3,124,120,2025-11-18,2025-11-27,2025-11-28,2025-11-28 12:36:00,2025-11-30 14:41:54.089093
4048,20250417,20250427,3,158,3,441,415,2025-04-17,2025-04-27,2025-04-27,2025-04-27 08:50:00,2025-04-29 18:31:17.520807
4049,20250828,20250906,5,186,2,197,171,2025-08-28,2025-09-06,2025-09-06,2025-09-06 16:12:00,2025-09-08 01:13:23.243432
4050,20251027,20251101,12,23,1,253,239,2025-10-27,2025-11-01,2025-11-01,2025-11-01 09:18:00,2025-11-02 11:01:54.057254
4051,20250601,20250604,1,182,1,390,350,2025-06-01,2025-06-04,2025-06-04,2025-06-04 15:59:00,2025-06-05 01:52:32.079727
4052,20250911,20250921,7,184,3,43,38,2025-09-11,2025-09-21,2025-09-21,2025-09-21 17:04:00,2025-09-22 11:22:36.925558
4053,20250222,20250301,11,190,2,289,283,2025-02-22,2025-02-26,2025-03-01,2025-03-01 13:25:00,2025-03-03 23:29:25.575178
4054,20250721,20250726,13,109,1,142,135,2025-07-21,2025-07-26,2025-07-26,2025-07-26 17:31:00,2025-07-29 02:25:29.315717
4055,20251124,20251202,8,132,2,249,222,2025-11-24,2025-11-28,2025-12-02,2025-12-02 12:30:00,2025-12-04 15:57:50.124049
4056,20251031,20251103,3,193,1,73,72,2025-10-31,2025-11-03,2025-11-03,2025-11-03 11:15:00,2025-11-03 17:42:24.515592
4057,20250327,20250402,13,8,3,157,152,2025-03-27,2025-04-03,2025-04-02,2025-04-02 10:22:00,2025-04-02 18:08:56.687845
4058,20250422,20250501,4,162,1,128,119,2025-04-22,2025-04-29,2025-05-01,2025-05-01 13:04:00,2025-05-02 11:55:01.297331
4059,20250329,20250407,15,41,1,495,432,2025-03-29,2025-04-07,2025-04-07,2025-04-07 15:54:00,2025-04-10 05:34:05.190390
4060,20250719,20250722,13,191,1,268,256,2025-07-19,2025-07-23,2025-07-22,2025-07-22 07:43:00,2025-08-01 19:34:54.466777
4061,20250902,20250905,9,170,1,399,367,2025-09-02,2025-09-05,2025-09-05,2025-09-05 11:36:00,2025-09-07 09:32:09.653010
4062,20251129,20251204,3,28,1,202,179,2025-11-29,2025-12-04,2025-12-04,2025-12-04 09:10:00,2025-12-06 00:37:05.695958
4063,20250527,20250601,6,171,1,257,247,2025-05-27,2025-06-01,2025-06-01,2025-06-01 07:16:00,2025-06-02 20:34:39.585953
4064,20250624,20250705,5,34,1,250,222,2025-06-24,2025-07-01,2025-07-05,2025-07-05 08:07:00,2025-07-06 01:31:24.357216
4065,20250511,20250524,7,165,2,181,173,2025-05-11,2025-05-20,2025-05-24,2025-05-24 11:33:00,2025-05-26 04:50:48.260083
4066,20250828,20250906,14,130,1,489,461,2025-08-28,2025-09-07,2025-09-06,2025-09-06 07:12:00,2025-09-08 08:19:56.806417
4067,20250424,20250508,14,29,3,457,445,2025-04-24,2025-05-04,2025-05-08,2025-05-08 17:08:00,2025-05-11 12:08:10.312437
4068,20250301,20250310,6,21,1,250,240,2025-03-01,2025-03-10,2025-03-10,2025-03-10 12:37:00,2025-03-10 14:37:00.000000
4069,20250421,20250502,6,71,1,279,266,2025-04-21,2025-04-28,2025-05-02,2025-05-02 12:19:00,2025-05-03 23:35:22.413919
4070,20250529,20250606,9,60,2,87,75,2025-05-29,2025-06-06,2025-06-06,2025-06-06 07:29:00,2025-06-07 18:11:39.389924
4071,20250203,20250210,7,43,3,460,444,2025-02-03,2025-02-10,2025-02-10,2025-02-10 15:15:00,2025-02-15 09:16:57.902010
4072,20250628,20250704,4,121,2,328,283,2025-06-28,2025-07-04,2025-07-04,2025-07-04 16:05:00,2025-07-05 08:59:54.027211
4073,20250423,20250502,5,77,1,100,90,2025-04-23,2025-05-02,2025-05-02,2025-05-02 08:42:00,2025-05-04 12:12:09.573595
4074,20250316,20250319,8,67,3,227,216,2025-03-16,2025-03-20,2025-03-19,2025-03-19 15:23:00,2025-03-22 13:03:43.924533
4075,20250216,20250219,4,3,1,220,191,2025-02-16,2025-02-20,2025-02-19,2025-02-19 12:06:00,2025-02-19 16:28:41.854451
4076,20250617,20250623,4,60,2,142,136,2025-06-17,2025-06-23,2025-06-23,2025-06-23 08:04:00,2025-06-24 17:49:36.744464
4077,20250109,20250114,10,110,3,98,90,2025-01-09,2025-01-14,2025-01-14,2025-01-14 08:00:00,2025-01-16 02:09:35.389643
4078,20250619,20250626,4,78,3,52,45,2025-06-19,2025-06-26,2025-06-26,2025-06-26 09:45:00,2025-06-28 02:38:37.653902
4079,20251109,20251117,7,162,1,38,37,2025-11-09,2025-11-14,2025-11-17,2025-11-17 16:35:00,2025-11-18 12:34:40.611781
4080,20250517,20250525,15,162,2,425,393,2025-05-17,2025-05-25,2025-05-25,2025-05-25 11:33:00,2025-05-27 13:49:05.448680
4081,20250513,20250521,6,102,1,476,408,2025-05-13,2025-05-20,2025-05-21,2025-05-21 12:17:00,2025-05-23 09:38:33.249811
4082,20251202,20251211,12,123,1,108,100,2025-12-02,2025-12-12,2025-12-11,2025-12-11 15:35:00,2025-12-11 18:56:17.138563
4083,20250929,20251006,1,59,1,420,371,2025-09-29,2025-10-07,2025-10-06,2025-10-06 07:07:00,2025-10-06 22:59:35.526196
4084,20251109,20251118,3,28,1,329,279,2025-11-09,2025-11-19,2025-11-18,2025-11-18 09:04:00,2025-11-24 12:48:55.746899
4085,20250924,20250926,12,5,2,186,172,2025-09-24,2025-09-27,2025-09-26,2025-09-26 16:03:00,2025-09-29 00:02:30.475995
4086,20250329,20250402,5,42,1,421,371,2025-03-29,2025-04-02,2025-04-02,2025-04-02 15:41:00,2025-04-04 06:44:05.057466
4087,20250403,20250412,11,116,2,339,325,2025-04-03,2025-04-10,2025-04-12,2025-04-12 11:37:00,2025-04-16 01:44:34.295111
4088,20250329,20250408,2,171,3,141,126,2025-03-29,2025-04-08,2025-04-08,2025-04-08 13:14:00,2025-04-11 08:54:51.080001
4089,20250613,20250623,15,150,3,92,78,2025-06-13,2025-06-23,2025-06-23,2025-06-23 08:46:00,2025-06-27 21:53:26.441990
4090,20250322,20250326,10,18,1,46,44,2025-03-22,2025-03-27,2025-03-26,2025-03-26 16:24:00,2025-03-28 13:49:08.849641
4091,20250605,20250616,7,79,1,218,216,2025-06-05,2025-06-14,2025-06-16,2025-06-16 12:07:00,2025-06-17 00:23:51.026236
4092,20251202,20251212,9,86,1,60,59,2025-12-02,2025-12-07,2025-12-12,2025-12-12 10:34:00,2025-12-12 16:19:01.804905
4093,20250505,20250513,11,179,2,386,375,2025-05-05,2025-05-12,2025-05-13,2025-05-13 16:49:00,2025-05-15 04:41:31.178289
4094,20250513,20250519,1,116,1,350,318,2025-05-13,2025-05-19,2025-05-19,2025-05-19 08:29:00,2025-05-23 08:59:15.496884
4095,20250217,20250220,2,193,2,271,252,2025-02-17,2025-02-20,2025-02-20,2025-02-20 15:16:00,2025-02-23 12:45:41.976835
4096,20250317,20250321,8,73,1,235,204,2025-03-17,2025-03-21,2025-03-21,2025-03-21 15:17:00,2025-03-23 12:24:36.225206
4097,20250512,20250521,15,39,2,462,422,2025-05-12,2025-05-21,2025-05-21,2025-05-21 16:27:00,2025-05-24 07:39:44.699513
4098,20250302,20250305,2,106,1,336,315,2025-03-02,2025-03-05,2025-03-05,2025-03-05 16:17:00,2025-03-10 05:45:05.062948
4099,20250826,20250901,3,111,1,180,173,2025-08-26,2025-09-02,2025-09-01,2025-09-01 07:52:00,2025-09-03 00:38:29.076935
4100,20250602,20250610,12,181,1,353,331,2025-06-02,2025-06-10,2025-06-10,2025-06-10 10:26:00,2025-06-10 16:55:36.956500
4101,20250803,20250810,13,131,1,126,124,2025-08-03,2025-08-10,2025-08-10,2025-08-10 07:57:00,2025-08-16 09:01:22.697626
4102,20250914,20250916,2,30,2,33,28,2025-09-14,2025-09-17,2025-09-16,2025-09-16 13:35:00,2025-09-18 13:47:03.486716
4103,20251117,20251120,14,33,1,308,297,2025-11-17,2025-11-20,2025-11-20,2025-11-20 15:45:00,2025-11-23 08:50:56.506851
4104,20250429,20250505,6,117,2,77,75,2025-04-29,2025-05-06,2025-05-05,2025-05-05 14:26:00,2025-05-06 12:14:38.428838
4105,20250611,20250613,2,70,1,261,233,2025-06-11,2025-06-14,2025-06-13,2025-06-13 16:13:00,2025-06-14 19:52:56.143867
4106,20251201,20251211,8,10,1,35,31,2025-12-01,2025-12-11,2025-12-11,2025-12-11 13:56:00,2025-12-12 16:26:18.769487
4107,20250717,20250724,8,159,1,224,205,2025-07-17,2025-07-24,2025-07-24,2025-07-24 14:03:00,2025-07-25 00:55:45.676666
4108,20250228,20250307,2,183,3,95,84,2025-02-28,2025-03-07,2025-03-07,2025-03-07 13:02:00,2025-03-09 07:18:26.213633
4109,20250206,20250215,11,32,1,237,219,2025-02-06,2025-02-12,2025-02-15,2025-02-15 07:12:00,2025-02-18 16:53:09.063674
4110,20250224,20250227,15,172,1,103,95,2025-02-24,2025-02-27,2025-02-27,2025-02-27 16:41:00,2025-03-02 14:47:20.209984
4111,20250626,20250708,5,140,1,159,155,2025-06-26,2025-07-06,2025-07-08,2025-07-08 10:14:00,2025-07-12 10:24:29.063981
4112,20250704,20250716,15,178,1,458,396,2025-07-04,2025-07-12,2025-07-16,2025-07-16 08:43:00,2025-07-17 10:53:53.813677
4113,20250807,20250810,3,193,2,206,196,2025-08-07,2025-08-10,2025-08-10,2025-08-10 08:24:00,2025-08-12 00:44:17.463954
4114,20250710,20250714,3,158,2,66,61,2025-07-10,2025-07-14,2025-07-14,2025-07-14 17:28:00,2025-07-16 03:09:12.225411
4115,20250722,20250801,7,94,1,372,341,2025-07-22,2025-07-31,2025-08-01,2025-08-01 12:34:00,2025-08-05 06:46:42.297890
4116,20250912,20250921,13,46,1,101,92,2025-09-12,2025-09-22,2025-09-21,2025-09-21 15:41:00,2025-09-26 06:52:41.274111
4117,20250314,20250319,10,86,2,33,28,2025-03-14,2025-03-19,2025-03-19,2025-03-19 08:46:00,2025-03-23 14:46:26.565912
4118,20250325,20250405,4,198,1,241,205,2025-03-25,2025-04-04,2025-04-05,2025-04-05 12:31:00,2025-04-10 03:52:21.811948
4119,20250515,20250523,9,21,2,293,274,2025-05-15,2025-05-20,2025-05-23,2025-05-23 11:11:00,2025-05-25 12:50:39.406372
4120,20250616,20250623,6,44,1,499,494,2025-06-16,2025-06-23,2025-06-23,2025-06-23 12:49:00,2025-06-24 22:44:22.556166
4121,20251030,20251108,6,36,3,497,488,2025-10-30,2025-11-08,2025-11-08,2025-11-08 16:25:00,2025-11-11 19:40:37.385318
4122,20251024,20251102,14,96,1,230,201,2025-10-24,2025-10-28,2025-11-02,2025-11-02 10:30:00,2025-11-04 01:01:01.765517
4123,20251014,20251019,10,56,1,325,305,2025-10-14,2025-10-19,2025-10-19,2025-10-19 15:19:00,2025-10-22 02:13:56.754708
4124,20251017,20251021,2,186,1,129,120,2025-10-17,2025-10-21,2025-10-21,2025-10-21 09:18:00,2025-10-23 00:18:35.827535
4125,20250527,20250603,5,20,3,257,256,2025-05-27,2025-06-04,2025-06-03,2025-06-03 08:28:00,2025-06-03 13:44:22.813999
4126,20251014,20251021,10,130,1,427,381,2025-10-14,2025-10-21,2025-10-21,2025-10-21 09:19:00,2025-10-24 14:43:37.934869
4127,20250119,20250130,6,82,2,363,319,2025-01-19,2025-01-26,2025-01-30,2025-01-30 16:02:00,2025-01-31 07:05:49.645136
4128,20250708,20250712,10,189,1,248,221,2025-07-08,2025-07-13,2025-07-12,2025-07-12 13:06:00,2025-07-12 15:06:00.000000
4129,20250616,20250619,12,81,3,389,336,2025-06-16,2025-06-19,2025-06-19,2025-06-19 10:08:00,2025-06-20 23:14:02.851301
4130,20250129,20250210,6,186,3,68,62,2025-01-29,2025-02-06,2025-02-10,2025-02-10 15:02:00,2025-02-13 07:48:27.053907
4131,20250504,20250519,15,20,1,315,312,2025-05-04,2025-05-14,2025-05-19,2025-05-19 07:04:00,2025-05-20 09:32:45.851876
4132,20250707,20250717,5,43,1,37,32,2025-07-07,2025-07-17,2025-07-17,2025-07-17 10:51:00,2025-07-21 09:04:14.084488
4133,20250213,20250223,11,176,3,307,298,2025-02-13,2025-02-21,2025-02-23,2025-02-23 09:28:00,2025-02-24 04:19:06.903436
4134,20250519,20250523,12,133,3,436,404,2025-05-19,2025-05-23,2025-05-23,2025-05-23 10:47:00,2025-05-26 04:46:45.762204
4135,20251026,20251103,15,195,2,377,320,2025-10-26,2025-11-03,2025-11-03,2025-11-03 13:40:00,2025-11-05 21:52:10.023172
4136,20250411,20250415,9,176,3,494,428,2025-04-11,2025-04-15,2025-04-15,2025-04-15 11:25:00,2025-04-21 22:21:54.514225
4137,20250512,20250522,5,155,2,370,355,2025-05-12,2025-05-21,2025-05-22,2025-05-22 12:34:00,2025-05-23 02:37:10.070384
4138,20250403,20250410,1,182,1,203,174,2025-04-03,2025-04-06,2025-04-10,2025-04-10 07:28:00,2025-04-12 08:01:02.765058
4139,20250129,20250207,8,14,1,89,75,2025-01-29,2025-02-08,2025-02-07,2025-02-07 16:32:00,2025-02-08 22:13:34.948079
4140,20250315,20250319,13,51,3,488,481,2025-03-15,2025-03-19,2025-03-19,2025-03-19 16:56:00,2025-03-24 16:08:28.017217
4141,20250911,20250914,10,159,3,213,187,2025-09-11,2025-09-15,2025-09-14,2025-09-14 11:39:00,2025-09-17 05:26:08.920197
4142,20250904,20250912,2,147,2,450,396,2025-09-04,2025-09-13,2025-09-12,2025-09-12 09:48:00,2025-09-14 07:47:07.249033
4143,20250622,20250625,8,84,2,375,323,2025-06-22,2025-06-25,2025-06-25,2025-06-25 14:04:00,2025-06-27 12:07:02.583763
4144,20250302,20250309,1,24,3,365,354,2025-03-02,2025-03-09,2025-03-09,2025-03-09 12:31:00,2025-03-09 21:20:32.619822
4145,20250817,20250827,3,93,2,465,461,2025-08-17,2025-08-27,2025-08-27,2025-08-27 14:06:00,2025-08-28 09:58:20.649594
4146,20251024,20251030,10,66,1,377,346,2025-10-24,2025-10-30,2025-10-30,2025-10-30 15:01:00,2025-11-01 07:53:28.135764
4147,20250407,20250416,5,31,1,328,319,2025-04-07,2025-04-12,2025-04-16,2025-04-16 08:57:00,2025-04-18 03:53:31.179920
4148,20251017,20251030,5,5,1,138,137,2025-10-17,2025-10-27,2025-10-30,2025-10-30 10:33:00,2025-11-02 06:23:59.365512
4149,20250819,20250828,11,116,1,167,155,2025-08-19,2025-08-27,2025-08-28,2025-08-28 13:48:00,2025-09-05 10:12:19.858808
4150,20250327,20250405,6,84,2,403,372,2025-03-27,2025-03-31,2025-04-05,2025-04-05 17:44:00,2025-04-07 18:20:22.876924
4151,20250509,20250516,14,24,2,313,282,2025-05-09,2025-05-12,2025-05-16,2025-05-16 16:03:00,2025-05-19 23:09:58.444201
4152,20250926,20251001,10,43,2,435,414,2025-09-26,2025-10-01,2025-10-01,2025-10-01 10:53:00,2025-10-03 03:20:42.233312
4153,20250629,20250703,7,107,1,203,198,2025-06-29,2025-07-04,2025-07-03,2025-07-03 15:17:00,2025-07-04 14:38:55.345738
4154,20250104,20250110,2,30,1,97,88,2025-01-04,2025-01-10,2025-01-10,2025-01-10 12:52:00,2025-01-15 18:14:13.670562
4155,20250402,20250408,7,12,2,202,195,2025-04-02,2025-04-05,2025-04-08,2025-04-08 14:43:00,2025-04-14 07:11:51.179082
4156,20251110,20251124,5,111,1,460,435,2025-11-10,2025-11-20,2025-11-24,2025-11-24 13:45:00,2025-11-28 06:08:01.868418
4157,20250603,20250608,1,57,2,126,124,2025-06-03,2025-06-08,2025-06-08,2025-06-08 13:26:00,2025-06-09 16:16:06.494827
4158,20250610,20250619,13,151,2,434,380,2025-06-10,2025-06-19,2025-06-19,2025-06-19 07:07:00,2025-06-20 11:23:09.937245
4159,20250128,20250202,12,90,1,267,264,2025-01-28,2025-02-03,2025-02-02,2025-02-02 12:25:00,2025-02-03 03:21:54.970534
4160,20250728,20250805,9,9,1,260,224,2025-07-28,2025-08-05,2025-08-05,2025-08-05 10:39:00,2025-08-09 00:18:30.238643
4161,20251203,20251210,10,109,2,482,414,2025-12-03,2025-12-11,2025-12-10,2025-12-10 11:47:00,2025-12-10 17:07:52.385758
4162,20250427,20250501,8,58,3,359,336,2025-04-27,2025-05-01,2025-05-01,2025-05-01 13:45:00,2025-05-06 00:51:50.494586
4163,20250619,20250624,1,23,1,358,331,2025-06-19,2025-06-25,2025-06-24,2025-06-24 11:59:00,2025-06-26 19:38:44.746685
4164,20250401,20250406,3,197,2,111,106,2025-04-01,2025-04-06,2025-04-06,2025-04-06 16:38:00,2025-04-07 14:32:54.810576
4165,20250731,20250810,3,166,2,421,369,2025-07-31,2025-08-10,2025-08-10,2025-08-10 14:02:00,2025-08-12 23:44:34.352308
4166,20251007,20251016,13,70,1,477,452,2025-10-07,2025-10-16,2025-10-16,2025-10-16 14:50:00,2025-10-18 04:54:33.351516
4167,20250808,20250816,12,141,1,290,275,2025-08-08,2025-08-16,2025-08-16,2025-08-16 12:26:00,2025-08-18 02:42:50.959437
4168,20250524,20250531,6,83,2,270,240,2025-05-24,2025-05-28,2025-05-31,2025-05-31 16:59:00,2025-06-04 02:22:33.949090
4169,20251120,20251129,2,111,1,57,52,2025-11-20,2025-11-29,2025-11-29,2025-11-29 12:50:00,2025-12-02 11:15:00.689439
4170,20250816,20250824,13,94,2,382,375,2025-08-16,2025-08-24,2025-08-24,2025-08-24 16:38:00,2025-08-27 00:16:52.310531
4171,20251001,20251009,15,19,1,417,363,2025-10-01,2025-10-09,2025-10-09,2025-10-09 15:27:00,2025-10-10 05:27:57.027641
4172,20250530,20250606,1,167,1,380,334,2025-05-30,2025-06-06,2025-06-06,2025-06-06 08:01:00,2025-06-21 02:10:20.366473
4173,20250210,20250216,12,14,1,348,325,2025-02-10,2025-02-16,2025-02-16,2025-02-16 12:05:00,2025-02-22 00:15:15.665518
4174,20250503,20250510,13,136,3,60,55,2025-05-03,2025-05-10,2025-05-10,2025-05-10 07:30:00,2025-05-10 19:25:40.421556
4175,20250628,20250706,10,35,1,459,408,2025-06-28,2025-07-06,2025-07-06,2025-07-06 08:03:00,2025-07-09 17:49:08.400595
4176,20250904,20250907,4,124,1,90,78,2025-09-04,2025-09-08,2025-09-07,2025-09-07 08:27:00,2025-09-08 10:35:53.844194
4177,20250331,20250403,10,34,2,261,251,2025-03-31,2025-04-03,2025-04-03,2025-04-03 09:40:00,2025-04-10 16:40:47.017263
4178,20250831,20250906,6,57,1,74,64,2025-08-31,2025-09-06,2025-09-06,2025-09-06 16:55:00,2025-09-08 21:57:49.651232
4179,20251020,20251027,11,133,2,52,49,2025-10-20,2025-10-27,2025-10-27,2025-10-27 14:18:00,2025-10-28 09:15:04.797578
4180,20250201,20250210,8,86,1,24,22,2025-02-01,2025-02-10,2025-02-10,2025-02-10 09:57:00,2025-02-11 10:31:51.960222
4181,20250303,20250309,2,53,1,173,163,2025-03-03,2025-03-09,2025-03-09,2025-03-09 17:22:00,2025-03-11 21:10:48.735748
4182,20250308,20250313,2,19,1,290,259,2025-03-08,2025-03-13,2025-03-13,2025-03-13 16:53:00,2025-03-15 16:25:53.709137
4183,20250731,20250810,13,175,1,195,184,2025-07-31,2025-08-10,2025-08-10,2025-08-10 08:24:00,2025-08-10 18:01:20.633436
4184,20250722,20250726,9,27,2,185,178,2025-07-22,2025-07-26,2025-07-26,2025-07-26 08:54:00,2025-07-29 15:53:08.057194
4185,20250605,20250613,6,138,1,493,428,2025-06-05,2025-06-10,2025-06-13,2025-06-13 17:04:00,2025-06-15 14:56:28.275283
4186,20250820,20250827,3,189,2,440,390,2025-08-20,2025-08-27,2025-08-27,2025-08-27 16:03:00,2025-08-28 05:19:21.025702
4187,20250718,20250725,2,172,1,88,76,2025-07-18,2025-07-25,2025-07-25,2025-07-25 17:03:00,2025-07-27 15:38:03.472514
4188,20250408,20250419,5,8,3,333,332,2025-04-08,2025-04-14,2025-04-19,2025-04-19 12:11:00,2025-04-21 10:39:56.083567
4189,20250722,20250730,1,103,2,56,54,2025-07-22,2025-07-30,2025-07-30,2025-07-30 15:36:00,2025-08-02 03:05:40.878523
4190,20251123,20251127,4,80,3,52,45,2025-11-23,2025-11-28,2025-11-27,2025-11-27 07:49:00,2025-11-29 15:48:40.632062
4191,20250914,20250924,9,89,2,142,131,2025-09-14,2025-09-24,2025-09-24,2025-09-24 09:33:00,2025-09-27 20:35:01.413087
4192,20250605,20250613,11,91,1,268,253,2025-06-05,2025-06-13,2025-06-13,2025-06-13 16:05:00,2025-06-17 11:41:22.557948
4193,20250822,20250829,4,41,3,291,255,2025-08-22,2025-08-29,2025-08-29,2025-08-29 08:52:00,2025-08-30 09:17:09.440318
4194,20250111,20250121,9,50,2,394,372,2025-01-11,2025-01-21,2025-01-21,2025-01-21 14:02:00,2025-01-24 16:55:57.220668
4195,20250815,20250823,11,175,3,322,294,2025-08-15,2025-08-24,2025-08-23,2025-08-23 07:25:00,2025-08-26 12:02:05.575571
4196,20250718,20250722,3,43,1,481,460,2025-07-18,2025-07-22,2025-07-22,2025-07-22 13:58:00,2025-07-27 01:38:07.809852
4197,20251109,20251114,8,12,2,303,296,2025-11-09,2025-11-14,2025-11-14,2025-11-14 16:07:00,2025-11-17 06:09:51.587698
4198,20251118,20251123,1,177,1,225,204,2025-11-18,2025-11-23,2025-11-23,2025-11-23 14:53:00,2025-11-26 13:51:09.451645
4199,20250121,20250130,3,109,1,243,240,2025-01-21,2025-01-30,2025-01-30,2025-01-30 14:53:00,2025-02-03 07:05:14.838754
4200,20250730,20250805,13,66,1,318,290,2025-07-30,2025-08-05,2025-08-05,2025-08-05 15:18:00,2025-08-08 06:22:56.338874
4201,20250326,20250331,14,101,2,153,149,2025-03-26,2025-04-01,2025-03-31,2025-03-31 12:23:00,2025-04-01 19:34:23.281092
4202,20250907,20250917,1,112,2,176,162,2025-09-07,2025-09-17,2025-09-17,2025-09-17 14:37:00,2025-09-18 19:32:33.686444
4203,20250823,20250830,12,144,1,401,372,2025-08-23,2025-08-31,2025-08-30,2025-08-30 17:16:00,2025-08-31 10:01:46.273464
4204,20250707,20250713,4,75,2,389,364,2025-07-07,2025-07-14,2025-07-13,2025-07-13 14:53:00,2025-07-19 02:38:00.126243
4205,20250109,20250116,5,162,1,390,339,2025-01-09,2025-01-17,2025-01-16,2025-01-16 12:25:00,2025-01-19 07:15:37.015564
4206,20251203,20251207,2,16,1,407,364,2025-12-03,2025-12-07,2025-12-07,2025-12-07 09:40:00,2025-12-08 06:43:55.309690
4207,20250418,20250422,9,107,3,265,252,2025-04-18,2025-04-22,2025-04-22,2025-04-22 11:47:00,2025-04-23 13:44:43.657937
4208,20251005,20251015,4,99,1,368,317,2025-10-05,2025-10-15,2025-10-15,2025-10-15 10:13:00,2025-10-16 11:54:58.269726
4209,20250323,20250331,14,137,1,147,125,2025-03-23,2025-03-31,2025-03-31,2025-03-31 09:56:00,2025-04-04 01:24:25.540169
4210,20250406,20250411,5,188,1,393,376,2025-04-06,2025-04-11,2025-04-11,2025-04-11 17:38:00,2025-04-12 01:11:21.388541
4211,20250709,20250712,13,149,1,130,122,2025-07-09,2025-07-13,2025-07-12,2025-07-12 16:19:00,2025-07-14 17:55:07.572390
4212,20250126,20250201,6,130,1,198,196,2025-01-26,2025-02-01,2025-02-01,2025-02-01 13:26:00,2025-02-05 01:45:08.798687
4213,20250305,20250309,13,98,3,301,256,2025-03-05,2025-03-09,2025-03-09,2025-03-09 08:27:00,2025-03-10 12:20:04.492517
4214,20251010,20251014,11,62,3,295,256,2025-10-10,2025-10-14,2025-10-14,2025-10-14 07:55:00,2025-10-20 21:41:02.328228
4215,20251108,20251117,6,42,2,63,55,2025-11-08,2025-11-17,2025-11-17,2025-11-17 09:48:00,2025-11-19 17:29:17.611020
4216,20250419,20250425,10,174,2,218,198,2025-04-19,2025-04-26,2025-04-25,2025-04-25 12:08:00,2025-04-27 21:53:48.803609
4217,20250520,20250528,15,119,3,300,288,2025-05-20,2025-05-26,2025-05-28,2025-05-28 12:29:00,2025-05-29 19:54:40.390237
4218,20250707,20250714,10,195,2,476,468,2025-07-07,2025-07-14,2025-07-14,2025-07-14 07:45:00,2025-07-25 07:54:57.739767
4219,20250908,20250912,7,53,1,242,217,2025-09-08,2025-09-12,2025-09-12,2025-09-12 14:04:00,2025-09-14 10:40:58.394517
4220,20250730,20250803,9,16,1,278,276,2025-07-30,2025-08-03,2025-08-03,2025-08-03 15:15:00,2025-08-05 12:47:16.082000
4221,20250504,20250511,12,113,1,120,105,2025-05-04,2025-05-11,2025-05-11,2025-05-11 11:47:00,2025-05-12 19:11:25.644790
4222,20250829,20250912,6,39,1,37,34,2025-08-29,2025-09-07,2025-09-12,2025-09-12 07:54:00,2025-09-14 15:35:11.121331
4223,20250414,20250423,9,6,1,160,159,2025-04-14,2025-04-24,2025-04-23,2025-04-23 13:04:00,2025-04-24 22:36:33.940220
4224,20250530,20250609,3,7,2,358,327,2025-05-30,2025-06-04,2025-06-09,2025-06-09 15:38:00,2025-06-10 10:12:33.865728
4225,20251110,20251120,4,34,3,76,74,2025-11-10,2025-11-20,2025-11-20,2025-11-20 17:30:00,2025-11-23 00:31:38.760804
4226,20250314,20250317,15,159,1,97,85,2025-03-14,2025-03-18,2025-03-17,2025-03-17 11:06:00,2025-03-19 02:29:00.726396
4227,20250604,20250616,11,193,1,51,46,2025-06-04,2025-06-14,2025-06-16,2025-06-16 10:04:00,2025-06-17 03:25:07.509015
4228,20250628,20250706,7,93,3,344,297,2025-06-28,2025-07-06,2025-07-06,2025-07-06 15:57:00,2025-07-07 15:48:44.679545
4229,20250830,20250903,7,178,2,132,117,2025-08-30,2025-09-03,2025-09-03,2025-09-03 16:51:00,2025-09-04 00:30:03.157884
4230,20251125,20251205,15,82,1,387,386,2025-11-25,2025-12-02,2025-12-05,2025-12-05 17:02:00,2025-12-06 09:18:11.890936
4231,20250320,20250328,12,119,2,412,375,2025-03-20,2025-03-29,2025-03-28,2025-03-28 17:50:00,2025-03-30 07:09:25.449437
4232,20251012,20251015,13,39,3,289,270,2025-10-12,2025-10-15,2025-10-15,2025-10-15 12:28:00,2025-10-18 06:52:30.307559
4233,20250907,20250912,1,48,3,410,401,2025-09-07,2025-09-12,2025-09-12,2025-09-12 08:07:00,2025-09-13 02:10:43.262470
4234,20251019,20251024,15,195,3,356,346,2025-10-19,2025-10-25,2025-10-24,2025-10-24 07:19:00,2025-10-25 13:27:08.840627
4235,20251022,20251028,8,14,1,380,330,2025-10-22,2025-10-28,2025-10-28,2025-10-28 12:08:00,2025-11-02 09:19:00.407250
4236,20250330,20250403,8,64,3,353,301,2025-03-30,2025-04-03,2025-04-03,2025-04-03 07:58:00,2025-04-08 17:05:32.700176
4237,20251112,20251118,3,170,2,246,243,2025-11-12,2025-11-18,2025-11-18,2025-11-18 11:08:00,2025-11-19 23:15:19.687172
4238,20250521,20250530,7,120,1,367,339,2025-05-21,2025-05-31,2025-05-30,2025-05-30 13:15:00,2025-05-31 21:14:46.493982
4239,20250421,20250425,9,146,1,29,28,2025-04-21,2025-04-26,2025-04-25,2025-04-25 14:25:00,2025-04-26 06:29:21.095545
4240,20250315,20250325,3,146,2,125,111,2025-03-15,2025-03-25,2025-03-25,2025-03-25 12:49:00,2025-03-26 13:22:25.645578
4241,20250322,20250330,10,41,2,161,158,2025-03-22,2025-03-30,2025-03-30,2025-03-30 14:59:00,2025-03-31 04:59:10.418679
4242,20250304,20250311,8,172,1,305,285,2025-03-04,2025-03-11,2025-03-11,2025-03-11 15:33:00,2025-03-13 10:34:21.613191
4243,20250523,20250601,4,170,2,111,102,2025-05-23,2025-05-28,2025-06-01,2025-06-01 15:56:00,2025-06-02 20:40:24.785522
4244,20250309,20250320,12,106,1,38,34,2025-03-09,2025-03-18,2025-03-20,2025-03-20 07:16:00,2025-03-20 23:28:50.742968
4245,20250212,20250220,7,191,1,368,317,2025-02-12,2025-02-17,2025-02-20,2025-02-20 10:22:00,2025-02-22 16:27:24.729019
4246,20250807,20250814,13,57,1,31,30,2025-08-07,2025-08-15,2025-08-14,2025-08-14 15:09:00,2025-08-19 10:40:53.147312
4247,20250717,20250730,8,63,2,362,334,2025-07-17,2025-07-25,2025-07-30,2025-07-30 14:49:00,2025-08-06 19:11:20.233448
4248,20250103,20250112,8,12,1,449,432,2025-01-03,2025-01-12,2025-01-12,2025-01-12 12:36:00,2025-01-16 13:39:31.182536
4249,20251114,20251122,5,26,3,283,243,2025-11-14,2025-11-23,2025-11-22,2025-11-22 10:33:00,2025-11-26 06:17:56.399398
4250,20250808,20250822,1,131,1,466,453,2025-08-08,2025-08-18,2025-08-22,2025-08-22 10:26:00,2025-08-25 03:36:54.149748
4251,20250126,20250131,1,187,2,244,241,2025-01-26,2025-02-01,2025-01-31,2025-01-31 11:14:00,2025-02-01 21:45:34.703172
4252,20250815,20250824,14,92,1,78,77,2025-08-15,2025-08-25,2025-08-24,2025-08-24 14:29:00,2025-08-25 09:07:30.831645
4253,20250429,20250505,4,53,2,322,294,2025-04-29,2025-05-05,2025-05-05,2025-05-05 09:56:00,2025-05-06 18:05:04.626159
4254,20251002,20251010,6,158,2,153,143,2025-10-02,2025-10-05,2025-10-10,2025-10-10 07:39:00,2025-10-14 03:03:04.195711
4255,20250817,20250825,13,53,3,295,268,2025-08-17,2025-08-25,2025-08-25,2025-08-25 07:00:00,2025-08-25 12:52:01.422626
4256,20250816,20250822,9,134,2,184,162,2025-08-16,2025-08-23,2025-08-22,2025-08-22 17:19:00,2025-08-25 06:15:56.682801
4257,20250628,20250704,6,57,2,210,203,2025-06-28,2025-07-03,2025-07-04,2025-07-04 16:34:00,2025-07-05 00:17:13.253786
4258,20251120,20251123,3,195,3,159,136,2025-11-20,2025-11-23,2025-11-23,2025-11-23 13:36:00,2025-12-01 02:06:19.400817
4259,20251013,20251018,10,119,3,308,305,2025-10-13,2025-10-18,2025-10-18,2025-10-18 08:05:00,2025-10-19 09:27:25.672395
4260,20250720,20250728,3,91,2,481,457,2025-07-20,2025-07-28,2025-07-28,2025-07-28 09:33:00,2025-07-28 22:42:26.556495
4261,20250113,20250118,7,3,3,285,255,2025-01-13,2025-01-18,2025-01-18,2025-01-18 12:17:00,2025-01-21 23:42:50.994488
4262,20250420,20250429,7,177,1,178,172,2025-04-20,2025-04-30,2025-04-29,2025-04-29 17:06:00,2025-05-02 19:35:28.980638
4263,20250418,20250427,5,128,2,197,185,2025-04-18,2025-04-28,2025-04-27,2025-04-27 14:58:00,2025-04-28 10:16:27.257984
4264,20250528,20250604,7,167,2,193,179,2025-05-28,2025-05-31,2025-06-04,2025-06-04 16:47:00,2025-06-08 07:33:15.629447
4265,20250223,20250308,1,180,1,211,194,2025-02-23,2025-03-03,2025-03-08,2025-03-08 12:30:00,2025-03-08 16:23:20.741917
4266,20250819,20250822,15,171,3,227,204,2025-08-19,2025-08-22,2025-08-22,2025-08-22 09:57:00,2025-08-26 06:50:39.987285
4267,20250225,20250305,12,160,3,167,156,2025-02-25,2025-03-05,2025-03-05,2025-03-05 11:06:00,2025-03-08 10:50:38.947060
4268,20250523,20250601,2,85,2,405,357,2025-05-23,2025-06-01,2025-06-01,2025-06-01 14:07:00,2025-06-06 00:10:23.970719
4269,20250322,20250330,10,177,1,449,418,2025-03-22,2025-03-31,2025-03-30,2025-03-30 13:04:00,2025-03-31 10:41:51.156422
4270,20250410,20250418,9,45,2,84,74,2025-04-10,2025-04-18,2025-04-18,2025-04-18 08:27:00,2025-04-19 13:29:27.532892
4271,20250511,20250518,3,183,2,143,126,2025-05-11,2025-05-18,2025-05-18,2025-05-18 09:12:00,2025-05-19 05:02:00.538976
4272,20250513,20250520,6,137,1,394,370,2025-05-13,2025-05-18,2025-05-20,2025-05-20 10:50:00,2025-05-25 16:06:14.903206
4273,20250601,20250608,5,18,1,223,218,2025-06-01,2025-06-04,2025-06-08,2025-06-08 16:38:00,2025-06-12 09:59:31.738029
4274,20251112,20251121,9,135,1,74,73,2025-11-12,2025-11-21,2025-11-21,2025-11-21 17:03:00,2025-11-24 08:55:53.450008
4275,20250628,20250703,4,62,2,171,156,2025-06-28,2025-07-03,2025-07-03,2025-07-03 08:44:00,2025-07-04 03:07:36.466381
4276,20250915,20250918,6,39,1,472,433,2025-09-15,2025-09-19,2025-09-18,2025-09-18 11:27:00,2025-09-21 19:43:56.560073
4277,20250516,20250524,8,121,2,117,111,2025-05-16,2025-05-24,2025-05-24,2025-05-24 07:23:00,2025-05-27 03:35:51.266174
4278,20251113,20251123,12,170,1,175,159,2025-11-13,2025-11-23,2025-11-23,2025-11-23 15:01:00,2025-11-25 13:27:59.215610
4279,20250506,20250514,3,197,1,208,196,2025-05-06,2025-05-14,2025-05-14,2025-05-14 13:05:00,2025-05-16 15:14:33.621189
4280,20250904,20250910,5,22,1,260,234,2025-09-04,2025-09-11,2025-09-10,2025-09-10 08:54:00,2025-09-12 13:37:48.085223
4281,20250930,20251009,5,124,2,28,25,2025-09-30,2025-10-05,2025-10-09,2025-10-09 09:25:00,2025-10-13 20:58:32.788183
4282,20250108,20250113,7,148,1,400,361,2025-01-08,2025-01-13,2025-01-13,2025-01-13 12:27:00,2025-01-16 14:29:37.618218
4283,20251005,20251009,9,58,1,285,275,2025-10-05,2025-10-09,2025-10-09,2025-10-09 13:46:00,2025-10-10 09:23:31.239929
4284,20250927,20250930,8,149,2,348,338,2025-09-27,2025-10-01,2025-09-30,2025-09-30 17:24:00,2025-10-05 01:58:47.925451
4285,20251112,20251116,10,121,2,90,77,2025-11-12,2025-11-16,2025-11-16,2025-11-16 09:59:00,2025-11-17 01:36:18.951659
4286,20250522,20250525,3,110,2,499,481,2025-05-22,2025-05-26,2025-05-25,2025-05-25 17:22:00,2025-05-30 09:21:57.069337
4287,20251123,20251129,1,125,1,412,378,2025-11-23,2025-11-29,2025-11-29,2025-11-29 17:16:00,2025-11-30 00:59:03.232926
4288,20250112,20250122,10,20,1,434,401,2025-01-12,2025-01-22,2025-01-22,2025-01-22 15:25:00,2025-01-24 08:35:53.029828
4289,20250621,20250627,3,130,1,397,389,2025-06-21,2025-06-26,2025-06-27,2025-06-27 17:48:00,2025-07-01 07:31:44.627848
4290,20250729,20250805,8,101,1,265,239,2025-07-29,2025-08-05,2025-08-05,2025-08-05 12:21:00,2025-08-06 09:02:55.906258
4291,20250709,20250722,5,68,2,105,97,2025-07-09,2025-07-18,2025-07-22,2025-07-22 10:02:00,2025-07-23 00:51:52.641723
4292,20251001,20251010,11,120,2,88,79,2025-10-01,2025-10-09,2025-10-10,2025-10-10 08:40:00,2025-10-12 03:48:50.096567
4293,20250707,20250713,1,67,1,97,92,2025-07-07,2025-07-13,2025-07-13,2025-07-13 09:19:00,2025-07-16 20:49:36.852371
4294,20250614,20250617,5,178,3,314,302,2025-06-14,2025-06-17,2025-06-17,2025-06-17 12:40:00,2025-06-18 05:15:52.500267
4295,20250912,20250921,7,153,1,195,172,2025-09-12,2025-09-22,2025-09-21,2025-09-21 14:33:00,2025-09-22 04:46:28.559871
4296,20251013,20251021,7,66,1,299,276,2025-10-13,2025-10-21,2025-10-21,2025-10-21 15:21:00,2025-10-23 12:37:32.592172
4297,20250804,20250807,7,144,1,225,209,2025-08-04,2025-08-07,2025-08-07,2025-08-07 15:32:00,2025-08-10 03:39:27.624716
4298,20251109,20251115,7,34,2,440,404,2025-11-09,2025-11-16,2025-11-15,2025-11-15 07:38:00,2025-11-18 17:39:27.134472
4299,20251122,20251128,2,124,3,170,156,2025-11-22,2025-11-29,2025-11-28,2025-11-28 09:32:00,2025-11-29 09:18:46.826214
4300,20250218,20250228,1,67,3,209,201,2025-02-18,2025-02-28,2025-02-28,2025-02-28 08:33:00,2025-03-02 10:45:02.716825
4301,20250208,20250212,10,127,2,228,224,2025-02-08,2025-02-12,2025-02-12,2025-02-12 09:44:00,2025-02-17 22:06:24.333105
4302,20250912,20250918,8,154,2,424,418,2025-09-12,2025-09-19,2025-09-18,2025-09-18 12:41:00,2025-09-20 20:17:00.927705
4303,20250603,20250612,8,155,2,426,424,2025-06-03,2025-06-07,2025-06-12,2025-06-12 09:36:00,2025-06-14 23:23:40.853072
4304,20250803,20250812,2,42,3,101,88,2025-08-03,2025-08-13,2025-08-12,2025-08-12 13:50:00,2025-08-16 21:07:50.899544
4305,20251103,20251108,2,13,1,454,403,2025-11-03,2025-11-08,2025-11-08,2025-11-08 11:44:00,2025-11-11 08:30:10.374786
4306,20250821,20250828,8,141,1,65,63,2025-08-21,2025-08-28,2025-08-28,2025-08-28 14:51:00,2025-09-03 18:10:42.593033
4307,20250204,20250210,2,1,3,52,45,2025-02-04,2025-02-11,2025-02-10,2025-02-10 10:11:00,2025-02-11 18:04:03.899954
4308,20251106,20251113,2,144,1,482,410,2025-11-06,2025-11-13,2025-11-13,2025-11-13 11:54:00,2025-11-15 15:44:52.757899
4309,20250929,20251009,8,120,1,232,202,2025-09-29,2025-10-08,2025-10-09,2025-10-09 14:26:00,2025-10-12 08:36:19.162991
4310,20250105,20250110,6,100,2,75,69,2025-01-05,2025-01-10,2025-01-10,2025-01-10 08:31:00,2025-01-11 14:25:24.102777
4311,20250713,20250720,1,6,1,403,401,2025-07-13,2025-07-16,2025-07-20,2025-07-20 14:58:00,2025-07-22 12:50:23.588582
4312,20250828,20250906,12,37,2,196,176,2025-08-28,2025-09-01,2025-09-06,2025-09-06 12:48:00,2025-09-07 11:07:46.021855
4313,20250310,20250315,12,28,2,255,236,2025-03-10,2025-03-15,2025-03-15,2025-03-15 09:30:00,2025-03-16 09:27:53.662455
4314,20250501,20250505,8,107,1,127,111,2025-05-01,2025-05-06,2025-05-05,2025-05-05 15:34:00,2025-05-07 23:10:24.832160
4315,20250621,20250628,15,128,1,297,258,2025-06-21,2025-06-28,2025-06-28,2025-06-28 08:54:00,2025-07-01 15:09:49.432469
4316,20251007,20251017,3,112,2,64,57,2025-10-07,2025-10-17,2025-10-17,2025-10-17 12:09:00,2025-10-18 23:50:00.223709
4317,20250302,20250310,1,84,2,142,122,2025-03-02,2025-03-08,2025-03-10,2025-03-10 08:33:00,2025-03-11 16:52:26.499475
4318,20250215,20250224,8,152,2,485,415,2025-02-15,2025-02-22,2025-02-24,2025-02-24 16:29:00,2025-02-27 11:10:15.861807
4319,20251009,20251016,8,53,2,440,391,2025-10-09,2025-10-17,2025-10-16,2025-10-16 14:14:00,2025-10-18 14:39:12.926575
4320,20250224,20250305,12,61,3,91,83,2025-02-24,2025-03-06,2025-03-05,2025-03-05 09:55:00,2025-03-08 14:58:52.059979
4321,20250518,20250524,11,159,1,471,470,2025-05-18,2025-05-24,2025-05-24,2025-05-24 08:13:00,2025-05-27 15:22:18.138769
4322,20250921,20251001,4,54,3,314,296,2025-09-21,2025-10-01,2025-10-01,2025-10-01 07:37:00,2025-10-04 08:11:52.067768
4323,20250807,20250815,15,75,2,157,145,2025-08-07,2025-08-15,2025-08-15,2025-08-15 12:43:00,2025-08-17 08:56:30.360402
4324,20250207,20250217,5,65,1,317,280,2025-02-07,2025-02-17,2025-02-17,2025-02-17 17:34:00,2025-02-24 11:47:03.506902
4325,20250528,20250604,6,131,1,137,133,2025-05-28,2025-06-02,2025-06-04,2025-06-04 14:34:00,2025-06-12 10:37:46.542257
4326,20251031,20251110,1,153,2,438,402,2025-10-31,2025-11-07,2025-11-10,2025-11-10 09:17:00,2025-11-14 00:10:08.618218
4327,20250623,20250701,12,28,1,83,70,2025-06-23,2025-07-02,2025-07-01,2025-07-01 08:30:00,2025-07-01 17:34:31.856728
4328,20251011,20251016,13,200,1,270,230,2025-10-11,2025-10-16,2025-10-16,2025-10-16 12:10:00,2025-10-18 04:41:05.417805
4329,20251022,20251031,4,180,1,319,278,2025-10-22,2025-10-31,2025-10-31,2025-10-31 15:22:00,2025-11-03 08:52:06.717259
4330,20250702,20250706,6,161,1,55,48,2025-07-02,2025-07-06,2025-07-06,2025-07-06 17:17:00,2025-07-09 04:17:35.435775
4331,20250213,20250216,1,114,1,341,296,2025-02-13,2025-02-16,2025-02-16,2025-02-16 16:37:00,2025-02-22 09:45:10.338686
4332,20250505,20250513,4,149,1,105,95,2025-05-05,2025-05-12,2025-05-13,2025-05-13 09:24:00,2025-05-14 07:18:53.072861
4333,20250818,20250827,9,103,1,452,421,2025-08-18,2025-08-22,2025-08-27,2025-08-27 17:38:00,2025-08-30 09:09:01.456763
4334,20250506,20250511,10,55,2,303,281,2025-05-06,2025-05-12,2025-05-11,2025-05-11 07:15:00,2025-05-12 08:44:09.787635
4335,20250623,20250628,10,4,3,336,334,2025-06-23,2025-06-28,2025-06-28,2025-06-28 14:05:00,2025-06-29 19:09:15.115755
4336,20251013,20251017,2,121,2,138,130,2025-10-13,2025-10-17,2025-10-17,2025-10-17 16:19:00,2025-10-22 01:58:26.265052
4337,20250123,20250126,8,37,3,277,244,2025-01-23,2025-01-27,2025-01-26,2025-01-26 16:44:00,2025-01-31 01:20:34.895032
4338,20250130,20250201,3,41,3,494,458,2025-01-30,2025-02-02,2025-02-01,2025-02-01 07:33:00,2025-02-02 16:08:24.155947
4339,20250331,20250407,8,13,3,63,62,2025-03-31,2025-04-07,2025-04-07,2025-04-07 08:54:00,2025-04-08 01:08:04.949110
4340,20250813,20250820,12,126,2,219,192,2025-08-13,2025-08-21,2025-08-20,2025-08-20 15:54:00,2025-08-21 11:37:44.758334
4341,20250721,20250727,13,109,1,314,295,2025-07-21,2025-07-27,2025-07-27,2025-07-27 11:50:00,2025-07-30 08:51:42.344845
4342,20250720,20250728,12,63,3,378,332,2025-07-20,2025-07-28,2025-07-28,2025-07-28 10:09:00,2025-07-31 10:56:07.224864
4343,20250812,20250819,14,122,1,397,364,2025-08-12,2025-08-19,2025-08-19,2025-08-19 14:51:00,2025-08-20 22:56:55.087494
4344,20250415,20250420,12,161,2,410,390,2025-04-15,2025-04-21,2025-04-20,2025-04-20 14:52:00,2025-04-24 08:18:34.546565
4345,20250210,20250218,9,37,1,350,313,2025-02-10,2025-02-18,2025-02-18,2025-02-18 15:40:00,2025-02-19 17:11:37.999073
4346,20250727,20250806,14,6,1,307,288,2025-07-27,2025-08-06,2025-08-06,2025-08-06 11:24:00,2025-08-07 06:22:31.828632
4347,20250907,20250911,13,100,1,249,213,2025-09-07,2025-09-11,2025-09-11,2025-09-11 11:37:00,2025-09-14 04:12:21.055465
4348,20250526,20250605,9,21,2,366,314,2025-05-26,2025-06-03,2025-06-05,2025-06-05 13:34:00,2025-06-06 02:23:49.864080
4349,20250621,20250701,11,30,1,36,32,2025-06-21,2025-06-30,2025-07-01,2025-07-01 09:38:00,2025-07-04 19:44:41.153258
4350,20251115,20251121,8,50,1,146,135,2025-11-15,2025-11-21,2025-11-21,2025-11-21 12:33:00,2025-11-23 00:42:21.985094
4351,20250226,20250306,1,127,1,27,25,2025-02-26,2025-03-06,2025-03-06,2025-03-06 10:29:00,2025-03-07 04:40:58.206793
4352,20250815,20250826,5,104,1,201,194,2025-08-15,2025-08-23,2025-08-26,2025-08-26 07:43:00,2025-08-28 00:11:06.293505
4353,20250625,20250702,7,134,3,382,342,2025-06-25,2025-07-03,2025-07-02,2025-07-02 15:35:00,2025-07-06 18:53:30.695861
4354,20251016,20251025,8,26,3,388,338,2025-10-16,2025-10-25,2025-10-25,2025-10-25 17:49:00,2025-10-26 22:08:49.528428
4355,20250704,20250716,8,55,2,54,51,2025-07-04,2025-07-13,2025-07-16,2025-07-16 08:29:00,2025-07-17 02:31:06.394281
4356,20250603,20250608,9,102,2,62,53,2025-06-03,2025-06-08,2025-06-08,2025-06-08 13:05:00,2025-06-09 02:52:09.801789
4357,20250705,20250713,5,57,3,239,219,2025-07-05,2025-07-14,2025-07-13,2025-07-13 13:21:00,2025-07-14 15:36:11.890314
4358,20251110,20251117,8,66,2,108,96,2025-11-10,2025-11-17,2025-11-17,2025-11-17 14:54:00,2025-11-18 04:24:30.443045
4359,20250630,20250712,3,50,1,472,463,2025-06-30,2025-07-10,2025-07-12,2025-07-12 08:35:00,2025-07-15 10:40:40.058187
4360,20251006,20251013,10,115,2,381,334,2025-10-06,2025-10-13,2025-10-13,2025-10-13 12:00:00,2025-10-15 08:11:46.622624
4361,20250407,20250412,13,89,1,150,142,2025-04-07,2025-04-13,2025-04-12,2025-04-12 08:05:00,2025-04-14 16:01:16.036523
4362,20250202,20250206,14,108,2,161,155,2025-02-02,2025-02-05,2025-02-06,2025-02-06 12:51:00,2025-02-12 16:52:10.404891
4363,20250813,20250816,10,174,3,82,77,2025-08-13,2025-08-16,2025-08-16,2025-08-16 12:24:00,2025-08-16 22:05:22.157505
4364,20250925,20250930,14,148,3,207,184,2025-09-25,2025-09-30,2025-09-30,2025-09-30 14:58:00,2025-10-01 12:22:20.444317
4365,20250820,20250827,15,88,1,266,245,2025-08-20,2025-08-24,2025-08-27,2025-08-27 16:19:00,2025-08-31 01:49:19.558395
4366,20250703,20250707,4,70,1,396,365,2025-07-03,2025-07-08,2025-07-07,2025-07-07 07:43:00,2025-07-09 04:20:45.659352
4367,20251117,20251124,4,63,1,434,411,2025-11-17,2025-11-24,2025-11-24,2025-11-24 12:01:00,2025-11-26 04:43:24.454678
4368,20250802,20250805,5,80,1,233,208,2025-08-02,2025-08-05,2025-08-05,2025-08-05 16:22:00,2025-08-08 03:35:20.532620
4369,20250206,20250209,10,50,1,40,38,2025-02-06,2025-02-09,2025-02-09,2025-02-09 13:59:00,2025-02-10 07:45:15.684355
4370,20250629,20250712,9,192,3,291,268,2025-06-29,2025-07-08,2025-07-12,2025-07-12 07:17:00,2025-07-12 16:11:52.297289
4371,20251017,20251025,4,124,2,189,185,2025-10-17,2025-10-25,2025-10-25,2025-10-25 12:18:00,2025-10-26 18:06:31.541506
4372,20250418,20250424,5,32,3,212,205,2025-04-18,2025-04-24,2025-04-24,2025-04-24 11:38:00,2025-04-29 17:22:52.927246
4373,20250409,20250414,4,81,1,407,386,2025-04-09,2025-04-13,2025-04-14,2025-04-14 08:52:00,2025-04-19 11:15:51.049090
4374,20250103,20250112,5,88,3,77,67,2025-01-03,2025-01-12,2025-01-12,2025-01-12 17:10:00,2025-01-13 05:43:35.130182
4375,20250216,20250226,2,133,1,114,100,2025-02-16,2025-02-26,2025-02-26,2025-02-26 16:55:00,2025-02-28 11:41:11.931383
4376,20251101,20251109,9,78,1,47,46,2025-11-01,2025-11-09,2025-11-09,2025-11-09 17:24:00,2025-11-12 10:42:50.101122
4377,20250318,20250324,4,88,3,191,176,2025-03-18,2025-03-24,2025-03-24,2025-03-24 17:32:00,2025-04-02 18:03:47.157618
4378,20251002,20251007,15,133,1,374,358,2025-10-02,2025-10-07,2025-10-07,2025-10-07 08:36:00,2025-10-11 15:16:21.308709
4379,20250913,20250921,15,197,3,216,194,2025-09-13,2025-09-16,2025-09-21,2025-09-21 17:49:00,2025-09-22 19:37:34.445027
4380,20250820,20250831,6,62,2,84,77,2025-08-20,2025-08-26,2025-08-31,2025-08-31 12:55:00,2025-09-01 13:37:28.576224
4381,20250614,20250624,4,33,1,447,430,2025-06-14,2025-06-24,2025-06-24,2025-06-24 08:27:00,2025-06-25 05:38:56.873121
4382,20250403,20250412,9,83,2,80,70,2025-04-03,2025-04-13,2025-04-12,2025-04-12 17:34:00,2025-04-13 14:10:16.073040
4383,20250721,20250726,5,111,1,411,359,2025-07-21,2025-07-26,2025-07-26,2025-07-26 11:13:00,2025-07-27 04:00:51.876110
4384,20251013,20251023,12,47,1,470,455,2025-10-13,2025-10-23,2025-10-23,2025-10-23 10:18:00,2025-10-29 00:20:20.610795
4385,20251012,20251023,4,163,1,267,236,2025-10-12,2025-10-18,2025-10-23,2025-10-23 07:51:00,2025-10-26 00:02:03.755402
4386,20250401,20250406,13,42,1,390,340,2025-04-01,2025-04-06,2025-04-06,2025-04-06 09:42:00,2025-04-10 18:30:42.793558
4387,20250108,20250122,14,128,2,72,65,2025-01-08,2025-01-17,2025-01-22,2025-01-22 08:31:00,2025-01-23 04:54:18.733712
4388,20250814,20250823,5,159,1,335,334,2025-08-14,2025-08-24,2025-08-23,2025-08-23 12:22:00,2025-08-27 01:05:13.900234
4389,20250810,20250818,5,6,1,38,37,2025-08-10,2025-08-19,2025-08-18,2025-08-18 15:36:00,2025-08-22 14:52:20.574968
4390,20250128,20250131,2,91,3,26,24,2025-01-28,2025-01-31,2025-01-31,2025-01-31 07:31:00,2025-02-04 03:37:15.654874
4391,20250802,20250811,9,103,1,312,302,2025-08-02,2025-08-11,2025-08-11,2025-08-11 17:12:00,2025-08-14 01:43:31.883029
4392,20250703,20250708,14,1,3,298,292,2025-07-03,2025-07-08,2025-07-08,2025-07-08 09:57:00,2025-07-09 01:32:10.583881
4393,20250724,20250727,6,35,1,71,64,2025-07-24,2025-07-28,2025-07-27,2025-07-27 16:00:00,2025-07-31 02:19:55.515140
4394,20250801,20250804,12,198,2,459,436,2025-08-01,2025-08-04,2025-08-04,2025-08-04 13:38:00,2025-08-05 23:08:01.155597
4395,20250304,20250308,12,108,1,325,290,2025-03-04,2025-03-09,2025-03-08,2025-03-08 07:24:00,2025-03-11 01:42:29.743214
4396,20250401,20250413,7,119,2,333,285,2025-04-01,2025-04-09,2025-04-13,2025-04-13 07:51:00,2025-04-16 18:58:18.917404
4397,20250520,20250523,2,116,1,29,25,2025-05-20,2025-05-23,2025-05-23,2025-05-23 14:35:00,2025-05-26 11:56:02.739720
4398,20250706,20250709,10,104,1,368,315,2025-07-06,2025-07-09,2025-07-09,2025-07-09 07:25:00,2025-07-10 03:47:38.739283
4399,20250711,20250714,6,133,3,363,343,2025-07-11,2025-07-14,2025-07-14,2025-07-14 08:03:00,2025-07-19 12:14:37.578999
4400,20250822,20250831,12,47,1,342,324,2025-08-22,2025-08-31,2025-08-31,2025-08-31 12:33:00,2025-09-02 03:29:21.116600
4401,20250903,20250918,1,183,3,401,378,2025-09-03,2025-09-13,2025-09-18,2025-09-18 08:13:00,2025-09-18 22:11:32.148340
4402,20250227,20250302,9,136,2,47,40,2025-02-27,2025-03-02,2025-03-02,2025-03-02 07:27:00,2025-03-03 04:48:04.620443
4403,20250331,20250405,14,41,1,470,460,2025-03-31,2025-04-06,2025-04-05,2025-04-05 17:55:00,2025-04-07 01:19:12.575474
4404,20250524,20250530,6,184,1,110,98,2025-05-24,2025-05-31,2025-05-30,2025-05-30 17:11:00,2025-05-31 22:47:37.986878
4405,20250214,20250218,10,113,1,252,225,2025-02-14,2025-02-18,2025-02-18,2025-02-18 16:28:00,2025-02-19 15:41:21.415316
4406,20250817,20250822,14,183,2,433,397,2025-08-17,2025-08-22,2025-08-22,2025-08-22 14:31:00,2025-08-25 22:11:37.835817
4407,20250815,20250823,9,44,1,155,154,2025-08-15,2025-08-23,2025-08-23,2025-08-23 15:18:00,2025-08-29 21:31:09.371407
4408,20251002,20251009,13,14,3,124,107,2025-10-02,2025-10-10,2025-10-09,2025-10-09 14:23:00,2025-10-11 03:32:46.360639
4409,20250216,20250222,4,59,1,46,45,2025-02-16,2025-02-23,2025-02-22,2025-02-22 14:45:00,2025-02-26 12:11:17.904433
4410,20250313,20250320,10,85,2,166,165,2025-03-13,2025-03-20,2025-03-20,2025-03-20 10:05:00,2025-03-22 19:40:58.911969
4411,20250915,20250920,1,95,1,347,346,2025-09-15,2025-09-20,2025-09-20,2025-09-20 10:57:00,2025-09-24 19:24:44.081883
4412,20250902,20250907,10,99,3,442,380,2025-09-02,2025-09-07,2025-09-07,2025-09-07 16:41:00,2025-09-08 21:13:10.265792
4413,20250801,20250810,13,13,1,358,341,2025-08-01,2025-08-11,2025-08-10,2025-08-10 10:40:00,2025-08-12 11:31:40.879758
4414,20250420,20250424,9,197,2,60,57,2025-04-20,2025-04-24,2025-04-24,2025-04-24 17:03:00,2025-04-25 17:42:53.832272
4415,20250910,20250919,10,67,1,329,306,2025-09-10,2025-09-19,2025-09-19,2025-09-19 12:18:00,2025-09-21 11:16:00.941924
4416,20250110,20250115,8,189,1,376,355,2025-01-10,2025-01-15,2025-01-15,2025-01-15 07:34:00,2025-01-17 14:26:15.308199
4417,20250214,20250217,9,178,1,434,431,2025-02-14,2025-02-17,2025-02-17,2025-02-17 12:18:00,2025-02-18 11:00:16.808423
4418,20250702,20250712,8,75,1,388,338,2025-07-02,2025-07-12,2025-07-12,2025-07-12 17:18:00,2025-07-14 20:30:21.883639
4419,20250715,20250718,11,93,2,130,129,2025-07-15,2025-07-18,2025-07-18,2025-07-18 08:16:00,2025-07-20 19:30:18.915978
4420,20250703,20250711,8,196,3,449,396,2025-07-03,2025-07-09,2025-07-11,2025-07-11 16:08:00,2025-07-13 08:15:54.927654
4421,20250113,20250116,5,152,1,395,337,2025-01-13,2025-01-16,2025-01-16,2025-01-16 16:29:00,2025-01-18 14:44:04.881796
4422,20250211,20250216,2,25,1,247,230,2025-02-11,2025-02-17,2025-02-16,2025-02-16 09:32:00,2025-02-17 15:39:49.751315
4423,20251110,20251114,2,105,2,202,181,2025-11-10,2025-11-14,2025-11-14,2025-11-14 11:23:00,2025-11-17 01:40:56.510528
4424,20251010,20251020,11,181,1,124,107,2025-10-10,2025-10-20,2025-10-20,2025-10-20 10:59:00,2025-10-21 15:00:10.944856
4425,20250406,20250409,6,169,2,297,258,2025-04-06,2025-04-10,2025-04-09,2025-04-09 13:32:00,2025-04-10 17:47:35.309812
4426,20250222,20250226,2,195,1,58,50,2025-02-22,2025-02-26,2025-02-26,2025-02-26 13:11:00,2025-03-01 17:35:17.691340
4427,20250911,20250917,5,137,3,101,99,2025-09-11,2025-09-17,2025-09-17,2025-09-17 09:44:00,2025-09-18 21:53:33.013134
4428,20250318,20250329,9,151,3,324,280,2025-03-18,2025-03-26,2025-03-29,2025-03-29 09:56:00,2025-03-29 16:20:36.836808
4429,20250928,20251007,13,191,1,219,209,2025-09-28,2025-10-07,2025-10-07,2025-10-07 08:20:00,2025-10-11 08:30:02.436806
4430,20250622,20250630,3,45,2,87,75,2025-06-22,2025-06-30,2025-06-30,2025-06-30 11:18:00,2025-07-04 00:26:43.433048
4431,20250302,20250309,14,144,3,455,450,2025-03-02,2025-03-05,2025-03-09,2025-03-09 14:13:00,2025-03-11 02:28:37.211218
4432,20250213,20250220,7,72,1,176,168,2025-02-13,2025-02-19,2025-02-20,2025-02-20 15:34:00,2025-02-28 15:48:55.421289
4433,20251009,20251020,15,71,2,404,351,2025-10-09,2025-10-19,2025-10-20,2025-10-20 09:15:00,2025-10-22 09:55:36.878444
4434,20250204,20250210,12,187,3,421,381,2025-02-04,2025-02-10,2025-02-10,2025-02-10 09:17:00,2025-02-11 11:49:14.681082
4435,20250219,20250225,11,47,2,313,291,2025-02-19,2025-02-25,2025-02-25,2025-02-25 10:46:00,2025-02-26 11:09:59.748733
4436,20250723,20250728,2,130,1,429,372,2025-07-23,2025-07-28,2025-07-28,2025-07-28 07:31:00,2025-07-28 18:16:48.561146
4437,20251025,20251028,14,8,1,175,151,2025-10-25,2025-10-28,2025-10-28,2025-10-28 07:16:00,2025-10-30 02:30:17.491692
4438,20250619,20250626,1,67,1,116,108,2025-06-19,2025-06-27,2025-06-26,2025-06-26 17:24:00,2025-06-27 22:18:24.686535
4439,20250713,20250715,8,117,1,222,210,2025-07-13,2025-07-16,2025-07-15,2025-07-15 12:57:00,2025-07-23 13:38:03.279780
4440,20251101,20251109,2,160,3,140,133,2025-11-01,2025-11-09,2025-11-09,2025-11-09 12:04:00,2025-11-10 12:58:16.198175
4441,20251206,20251212,13,52,1,137,122,2025-12-06,2025-12-12,2025-12-12,2025-12-12 13:04:00,2025-12-19 23:54:08.158946
4442,20250929,20251010,10,42,2,250,216,2025-09-29,2025-10-07,2025-10-10,2025-10-10 08:53:00,2025-10-11 10:50:41.193688
4443,20250323,20250331,15,81,3,445,394,2025-03-23,2025-03-29,2025-03-31,2025-03-31 10:25:00,2025-04-04 15:51:06.990677
4444,20250608,20250613,4,46,3,29,26,2025-06-08,2025-06-13,2025-06-13,2025-06-13 07:56:00,2025-06-16 01:16:10.896139
4445,20250226,20250306,4,116,2,66,65,2025-02-26,2025-03-07,2025-03-06,2025-03-06 08:32:00,2025-03-14 21:11:24.672089
4446,20250330,20250404,13,180,2,281,251,2025-03-30,2025-04-04,2025-04-04,2025-04-04 12:11:00,2025-04-06 21:54:23.509131
4447,20250115,20250124,2,49,3,279,246,2025-01-15,2025-01-24,2025-01-24,2025-01-24 14:33:00,2025-01-29 06:03:49.477830
4448,20250420,20250426,2,44,1,375,364,2025-04-20,2025-04-27,2025-04-26,2025-04-26 16:12:00,2025-04-27 16:40:13.023458
4449,20250212,20250221,7,34,1,281,258,2025-02-12,2025-02-21,2025-02-21,2025-02-21 10:54:00,2025-02-22 10:58:02.682520
4450,20250128,20250201,3,131,3,355,318,2025-01-28,2025-02-01,2025-02-01,2025-02-01 16:18:00,2025-02-11 18:28:01.224489
4451,20250816,20250822,8,143,2,251,217,2025-08-16,2025-08-22,2025-08-22,2025-08-22 14:47:00,2025-08-22 20:56:24.535437
4452,20250802,20250805,4,45,3,102,99,2025-08-02,2025-08-06,2025-08-05,2025-08-05 14:17:00,2025-08-06 15:12:19.334670
4453,20250529,20250604,12,118,1,370,359,2025-05-29,2025-06-04,2025-06-04,2025-06-04 08:34:00,2025-06-09 09:30:21.416050
4454,20251004,20251009,11,28,2,202,185,2025-10-04,2025-10-09,2025-10-09,2025-10-09 13:14:00,2025-10-14 11:38:48.983096
4455,20250620,20250629,11,191,2,380,332,2025-06-20,2025-06-29,2025-06-29,2025-06-29 10:01:00,2025-07-02 19:49:09.083618
4456,20250820,20250827,1,108,3,448,434,2025-08-20,2025-08-28,2025-08-27,2025-08-27 17:21:00,2025-08-28 03:12:10.136438
4457,20250630,20250706,8,37,3,490,444,2025-06-30,2025-07-06,2025-07-06,2025-07-06 11:37:00,2025-07-09 07:29:25.822005
4458,20250222,20250227,12,86,1,482,448,2025-02-22,2025-02-28,2025-02-27,2025-02-27 12:52:00,2025-03-06 00:21:16.691698
4459,20250802,20250808,9,27,1,374,333,2025-08-02,2025-08-08,2025-08-08,2025-08-08 13:43:00,2025-08-09 11:28:02.051253
4460,20251007,20251012,3,199,2,230,225,2025-10-07,2025-10-13,2025-10-12,2025-10-12 11:04:00,2025-10-15 20:58:11.506042
4461,20250724,20250802,4,7,3,243,216,2025-07-24,2025-08-03,2025-08-02,2025-08-02 16:18:00,2025-08-06 14:09:50.424308
4462,20250305,20250313,5,27,1,269,236,2025-03-05,2025-03-13,2025-03-13,2025-03-13 14:56:00,2025-03-16 19:35:24.607585
4463,20250821,20250825,10,119,2,162,161,2025-08-21,2025-08-26,2025-08-25,2025-08-25 17:54:00,2025-08-27 17:47:01.805420
4464,20250306,20250310,4,79,1,152,144,2025-03-06,2025-03-11,2025-03-10,2025-03-10 07:22:00,2025-03-11 01:07:51.594670
4465,20251030,20251108,15,74,1,214,198,2025-10-30,2025-11-07,2025-11-08,2025-11-08 15:29:00,2025-11-11 04:58:56.775922
4466,20251121,20251124,1,4,3,316,315,2025-11-21,2025-11-24,2025-11-24,2025-11-24 13:50:00,2025-11-27 03:29:54.196480
4467,20250423,20250429,9,78,2,436,393,2025-04-23,2025-04-29,2025-04-29,2025-04-29 12:04:00,2025-05-01 23:05:15.630575
4468,20250818,20250825,8,136,1,96,86,2025-08-18,2025-08-25,2025-08-25,2025-08-25 14:27:00,2025-08-27 00:33:18.284841
4469,20250620,20250623,12,5,2,311,287,2025-06-20,2025-06-23,2025-06-23,2025-06-23 09:14:00,2025-06-26 23:44:44.703514
4470,20250216,20250219,7,29,1,160,142,2025-02-16,2025-02-19,2025-02-19,2025-02-19 14:46:00,2025-02-20 11:27:41.539716
4471,20250917,20250924,8,173,2,256,232,2025-09-17,2025-09-24,2025-09-24,2025-09-24 07:35:00,2025-09-25 13:06:04.882361
4472,20250623,20250628,10,26,1,393,377,2025-06-23,2025-06-28,2025-06-28,2025-06-28 09:55:00,2025-06-29 13:48:11.919540
4473,20250228,20250310,6,97,2,126,116,2025-02-28,2025-03-10,2025-03-10,2025-03-10 10:03:00,2025-03-18 19:40:37.418774
4474,20251028,20251102,4,185,1,422,393,2025-10-28,2025-11-02,2025-11-02,2025-11-02 13:37:00,2025-11-06 13:46:33.942628
4475,20250520,20250601,15,117,2,31,28,2025-05-20,2025-05-28,2025-06-01,2025-06-01 17:23:00,2025-06-02 05:44:18.768008
4476,20250918,20250926,9,197,1,31,27,2025-09-18,2025-09-26,2025-09-26,2025-09-26 16:20:00,2025-09-28 23:48:47.597338
4477,20250515,20250522,12,132,3,252,224,2025-05-15,2025-05-23,2025-05-22,2025-05-22 12:15:00,2025-05-23 11:26:10.634876
4478,20250303,20250313,4,80,2,115,110,2025-03-03,2025-03-13,2025-03-13,2025-03-13 08:03:00,2025-03-14 02:21:44.092131
4479,20251128,20251202,6,173,2,301,281,2025-11-28,2025-12-02,2025-12-02,2025-12-02 12:20:00,2025-12-02 23:23:25.738190
4480,20250411,20250414,8,53,3,354,312,2025-04-11,2025-04-14,2025-04-14,2025-04-14 15:48:00,2025-04-15 02:47:34.318592
4481,20251004,20251012,2,41,1,405,364,2025-10-04,2025-10-12,2025-10-12,2025-10-12 09:20:00,2025-10-13 10:19:32.363786
4482,20251029,20251104,9,43,2,473,416,2025-10-29,2025-11-01,2025-11-04,2025-11-04 17:53:00,2025-11-16 01:08:24.480455
4483,20250607,20250614,1,166,1,251,232,2025-06-07,2025-06-13,2025-06-14,2025-06-14 15:09:00,2025-06-15 06:13:26.027054
4484,20250325,20250402,12,59,1,482,468,2025-03-25,2025-04-02,2025-04-02,2025-04-02 08:54:00,2025-04-02 13:52:38.624069
4485,20250615,20250625,14,22,1,106,94,2025-06-15,2025-06-21,2025-06-25,2025-06-25 11:18:00,2025-06-26 01:37:01.507213
4486,20250421,20250424,2,143,2,92,84,2025-04-21,2025-04-24,2025-04-24,2025-04-24 08:54:00,2025-04-24 23:53:51.100132
4487,20250912,20250916,13,50,1,223,197,2025-09-12,2025-09-16,2025-09-16,2025-09-16 08:12:00,2025-09-17 06:56:15.070511
4488,20251101,20251107,5,188,2,488,460,2025-11-01,2025-11-07,2025-11-07,2025-11-07 09:43:00,2025-11-11 17:06:38.520083
4489,20250517,20250529,6,200,1,27,26,2025-05-17,2025-05-26,2025-05-29,2025-05-29 10:42:00,2025-05-29 20:24:33.922467
4490,20250715,20250723,11,63,1,448,431,2025-07-15,2025-07-20,2025-07-23,2025-07-23 13:47:00,2025-07-26 00:43:02.565745
4491,20250624,20250630,6,41,2,451,389,2025-06-24,2025-06-27,2025-06-30,2025-06-30 14:19:00,2025-07-01 16:09:06.458648
4492,20250214,20250220,15,5,2,256,225,2025-02-14,2025-02-20,2025-02-20,2025-02-20 10:55:00,2025-02-23 17:40:10.232145
4493,20250113,20250118,6,194,1,395,389,2025-01-13,2025-01-16,2025-01-18,2025-01-18 13:36:00,2025-01-28 22:22:49.201780
4494,20250508,20250517,5,136,1,175,170,2025-05-08,2025-05-12,2025-05-17,2025-05-17 15:46:00,2025-05-20 12:43:28.547444
4495,20250510,20250523,5,117,1,22,20,2025-05-10,2025-05-19,2025-05-23,2025-05-23 15:47:00,2025-05-25 17:17:29.125056
4496,20250107,20250112,4,159,1,486,478,2025-01-07,2025-01-12,2025-01-12,2025-01-12 15:38:00,2025-01-16 03:40:50.889743
4497,20250604,20250613,2,142,1,265,244,2025-06-04,2025-06-13,2025-06-13,2025-06-13 13:02:00,2025-06-13 23:48:32.564284
4498,20250819,20250829,4,129,2,238,203,2025-08-19,2025-08-29,2025-08-29,2025-08-29 14:02:00,2025-08-31 12:28:45.165925
4499,20251013,20251018,4,91,1,472,462,2025-10-13,2025-10-19,2025-10-18,2025-10-18 17:26:00,2025-10-23 16:15:58.628140
4500,20250131,20250209,8,5,1,28,26,2025-01-31,2025-02-09,2025-02-09,2025-02-09 08:10:00,2025-02-11 19:55:12.720091
4501,20250312,20250322,14,129,1,26,22,2025-03-12,2025-03-17,2025-03-22,2025-03-22 12:47:00,2025-03-24 00:50:16.409242
4502,20250507,20250513,7,131,1,322,285,2025-05-07,2025-05-11,2025-05-13,2025-05-13 09:04:00,2025-05-17 05:13:18.512623
4503,20250705,20250709,1,111,1,121,105,2025-07-05,2025-07-09,2025-07-09,2025-07-09 14:40:00,2025-07-10 09:26:17.345091
4504,20250726,20250730,8,200,2,340,289,2025-07-26,2025-07-30,2025-07-30,2025-07-30 15:51:00,2025-07-31 20:45:27.339379
4505,20250726,20250801,4,68,1,94,93,2025-07-26,2025-08-01,2025-08-01,2025-08-01 17:13:00,2025-08-03 08:06:19.614910
4506,20250610,20250619,7,2,1,280,243,2025-06-10,2025-06-19,2025-06-19,2025-06-19 15:26:00,2025-06-20 04:33:16.249281
4507,20250815,20250824,13,96,1,50,44,2025-08-15,2025-08-24,2025-08-24,2025-08-24 12:04:00,2025-08-24 20:23:17.002058
4508,20250704,20250717,15,155,1,310,264,2025-07-04,2025-07-14,2025-07-17,2025-07-17 11:46:00,2025-07-23 18:04:25.422804
4509,20250225,20250302,14,129,3,97,86,2025-02-25,2025-03-02,2025-03-02,2025-03-02 17:04:00,2025-03-03 14:01:02.747566
4510,20250507,20250517,6,196,1,29,25,2025-05-07,2025-05-12,2025-05-17,2025-05-17 12:27:00,2025-05-19 02:48:06.016895
4511,20251026,20251102,15,66,3,484,463,2025-10-26,2025-11-03,2025-11-02,2025-11-02 07:52:00,2025-11-04 14:20:52.849742
4512,20251002,20251005,12,51,1,488,434,2025-10-02,2025-10-05,2025-10-05,2025-10-05 11:10:00,2025-10-07 20:41:12.770549
4513,20250415,20250427,7,160,1,139,138,2025-04-15,2025-04-23,2025-04-27,2025-04-27 09:41:00,2025-04-29 05:51:06.596859
4514,20250726,20250801,7,64,1,295,268,2025-07-26,2025-08-01,2025-08-01,2025-08-01 17:15:00,2025-08-02 23:26:44.219252
4515,20250323,20250403,5,15,3,28,25,2025-03-23,2025-04-01,2025-04-03,2025-04-03 14:19:00,2025-04-05 07:05:24.677526
4516,20251001,20251010,13,181,3,383,374,2025-10-01,2025-10-11,2025-10-10,2025-10-10 14:45:00,2025-10-12 01:22:57.908556
4517,20251109,20251113,4,49,2,455,451,2025-11-09,2025-11-14,2025-11-13,2025-11-13 09:39:00,2025-11-17 02:21:18.342017
4518,20250114,20250120,7,178,1,240,217,2025-01-14,2025-01-20,2025-01-20,2025-01-20 10:06:00,2025-01-21 14:56:10.244880
4519,20250301,20250310,8,160,1,205,189,2025-03-01,2025-03-10,2025-03-10,2025-03-10 16:39:00,2025-03-16 08:52:06.467002
4520,20251206,20251215,4,175,3,172,150,2025-12-06,2025-12-15,2025-12-15,2025-12-15 15:58:00,2025-12-17 22:05:00.069182
4521,20250710,20250716,4,145,1,67,63,2025-07-10,2025-07-17,2025-07-16,2025-07-16 16:02:00,2025-07-19 17:17:19.284061
4522,20250920,20250927,14,195,2,246,214,2025-09-20,2025-09-27,2025-09-27,2025-09-27 14:27:00,2025-10-03 10:13:08.734552
4523,20251105,20251108,1,78,2,209,194,2025-11-05,2025-11-08,2025-11-08,2025-11-08 16:23:00,2025-11-10 14:40:59.783509
4524,20250629,20250707,13,141,3,335,319,2025-06-29,2025-07-07,2025-07-07,2025-07-07 13:24:00,2025-07-08 18:49:18.284968
4525,20251118,20251130,1,165,1,106,96,2025-11-18,2025-11-28,2025-11-30,2025-11-30 08:06:00,2025-12-05 16:24:50.232825
4526,20251118,20251127,7,151,1,452,426,2025-11-18,2025-11-28,2025-11-27,2025-11-27 09:26:00,2025-11-28 11:07:47.054816
4527,20250810,20250818,12,156,2,367,320,2025-08-10,2025-08-18,2025-08-18,2025-08-18 12:23:00,2025-08-20 13:55:14.549777
4528,20250529,20250608,9,194,2,188,186,2025-05-29,2025-06-08,2025-06-08,2025-06-08 16:32:00,2025-06-18 15:36:40.465648
4529,20250223,20250301,12,156,1,236,223,2025-02-23,2025-03-01,2025-03-01,2025-03-01 13:16:00,2025-03-03 21:23:19.767818
4530,20250404,20250413,3,110,1,203,184,2025-04-04,2025-04-13,2025-04-13,2025-04-13 11:53:00,2025-04-21 05:44:08.258375
4531,20250617,20250624,14,139,2,98,96,2025-06-17,2025-06-23,2025-06-24,2025-06-24 10:30:00,2025-06-26 10:23:37.146650
4532,20250212,20250217,11,110,1,262,244,2025-02-12,2025-02-18,2025-02-17,2025-02-17 17:50:00,2025-02-21 11:55:41.173946
4533,20250331,20250403,5,54,2,139,121,2025-03-31,2025-04-03,2025-04-03,2025-04-03 16:43:00,2025-04-06 02:17:25.492171
4534,20251112,20251122,4,16,3,301,276,2025-11-12,2025-11-22,2025-11-22,2025-11-22 07:36:00,2025-11-25 14:09:32.626792
4535,20250425,20250428,8,169,2,490,459,2025-04-25,2025-04-28,2025-04-28,2025-04-28 09:38:00,2025-04-30 11:12:07.184907
4536,20250129,20250203,11,33,1,318,291,2025-01-29,2025-02-04,2025-02-03,2025-02-03 15:53:00,2025-02-07 14:20:36.192132
4537,20251024,20251101,9,12,2,452,396,2025-10-24,2025-10-31,2025-11-01,2025-11-01 14:47:00,2025-11-06 06:52:45.154833
4538,20250820,20250824,4,61,3,121,102,2025-08-20,2025-08-24,2025-08-24,2025-08-24 12:38:00,2025-08-31 03:02:54.950938
4539,20251003,20251006,8,113,1,488,416,2025-10-03,2025-10-07,2025-10-06,2025-10-06 10:27:00,2025-10-07 18:14:52.125280
4540,20250509,20250519,11,80,1,230,206,2025-05-09,2025-05-19,2025-05-19,2025-05-19 16:06:00,2025-05-20 07:08:21.981118
4541,20250810,20250820,6,24,2,93,80,2025-08-10,2025-08-16,2025-08-20,2025-08-20 10:45:00,2025-08-20 22:35:21.028625
4542,20250430,20250503,3,168,2,176,150,2025-04-30,2025-05-03,2025-05-03,2025-05-03 16:58:00,2025-05-04 14:36:32.275853
4543,20251125,20251201,11,193,2,222,192,2025-11-25,2025-11-28,2025-12-01,2025-12-01 10:29:00,2025-12-04 22:18:26.969809
4544,20250118,20250121,5,158,3,178,167,2025-01-18,2025-01-21,2025-01-21,2025-01-21 08:17:00,2025-01-24 12:44:13.529449
4545,20250614,20250622,12,71,1,75,70,2025-06-14,2025-06-22,2025-06-22,2025-06-22 11:51:00,2025-06-23 12:44:07.157401
4546,20250726,20250729,10,124,2,111,96,2025-07-26,2025-07-29,2025-07-29,2025-07-29 14:07:00,2025-07-30 09:43:44.639479
4547,20250524,20250528,8,182,3,162,155,2025-05-24,2025-05-28,2025-05-28,2025-05-28 17:41:00,2025-05-29 03:29:39.126502
4548,20250219,20250225,14,69,2,115,106,2025-02-19,2025-02-25,2025-02-25,2025-02-25 16:28:00,2025-02-26 11:37:53.632826
4549,20250131,20250205,2,110,1,245,240,2025-01-31,2025-02-05,2025-02-05,2025-02-05 11:44:00,2025-02-06 00:26:49.713373
4550,20251012,20251015,13,131,1,341,332,2025-10-12,2025-10-16,2025-10-15,2025-10-15 17:44:00,2025-10-21 01:44:26.822481
4551,20250324,20250404,7,130,2,111,97,2025-03-24,2025-04-03,2025-04-04,2025-04-04 10:58:00,2025-04-05 15:20:11.024055
4552,20250124,20250206,9,132,1,418,357,2025-01-24,2025-02-01,2025-02-06,2025-02-06 12:21:00,2025-02-09 13:24:25.541675
4553,20250311,20250319,6,186,2,79,70,2025-03-11,2025-03-19,2025-03-19,2025-03-19 12:26:00,2025-03-22 02:57:02.059112
4554,20250409,20250415,4,127,2,199,177,2025-04-09,2025-04-15,2025-04-15,2025-04-15 11:25:00,2025-04-18 01:10:04.154111
4555,20250417,20250420,12,39,2,133,129,2025-04-17,2025-04-21,2025-04-20,2025-04-20 12:06:00,2025-04-20 20:29:57.279883
4556,20251201,20251208,8,171,3,362,360,2025-12-01,2025-12-09,2025-12-08,2025-12-08 07:20:00,2025-12-09 16:05:26.731891
4557,20250505,20250511,2,197,1,174,150,2025-05-05,2025-05-11,2025-05-11,2025-05-11 11:48:00,2025-05-13 21:15:48.259612
4558,20250423,20250502,14,173,1,296,279,2025-04-23,2025-05-02,2025-05-02,2025-05-02 11:07:00,2025-05-05 01:26:39.126311
4559,20250605,20250617,7,106,1,92,90,2025-06-05,2025-06-15,2025-06-17,2025-06-17 16:36:00,2025-06-20 17:59:21.727790
4560,20250804,20250814,2,104,2,303,281,2025-08-04,2025-08-14,2025-08-14,2025-08-14 14:29:00,2025-08-16 10:09:37.414079
4561,20250407,20250413,1,97,2,113,108,2025-04-07,2025-04-13,2025-04-13,2025-04-13 17:18:00,2025-04-17 16:44:27.774596
4562,20250707,20250721,1,76,3,94,85,2025-07-07,2025-07-17,2025-07-21,2025-07-21 11:06:00,2025-07-22 01:17:14.461497
4563,20250625,20250708,5,181,3,54,49,2025-06-25,2025-07-04,2025-07-08,2025-07-08 10:31:00,2025-07-09 19:04:34.960364
4564,20251101,20251108,9,180,2,358,318,2025-11-01,2025-11-08,2025-11-08,2025-11-08 17:24:00,2025-11-13 12:28:01.648863
4565,20250926,20251004,1,172,1,366,325,2025-09-26,2025-10-04,2025-10-04,2025-10-04 15:17:00,2025-10-05 08:13:24.736509
4566,20250630,20250708,13,59,2,364,320,2025-06-30,2025-07-08,2025-07-08,2025-07-08 15:19:00,2025-07-09 14:51:45.709358
4567,20250626,20250702,5,128,2,475,409,2025-06-26,2025-07-03,2025-07-02,2025-07-02 11:28:00,2025-07-07 04:59:32.421582
4568,20250704,20250710,10,164,3,488,419,2025-07-04,2025-07-10,2025-07-10,2025-07-10 14:52:00,2025-07-11 13:54:29.416410
4569,20250522,20250528,12,30,3,35,33,2025-05-22,2025-05-28,2025-05-28,2025-05-28 08:00:00,2025-06-02 19:40:26.381585
4570,20250515,20250528,6,125,1,253,231,2025-05-15,2025-05-24,2025-05-28,2025-05-28 12:54:00,2025-05-29 06:21:45.897362
4571,20250719,20250724,2,59,1,150,132,2025-07-19,2025-07-25,2025-07-24,2025-07-24 17:10:00,2025-07-26 04:38:22.849302
4572,20250719,20250725,11,117,1,29,25,2025-07-19,2025-07-24,2025-07-25,2025-07-25 11:44:00,2025-07-30 07:19:00.185395
4573,20250815,20250821,9,31,2,257,242,2025-08-15,2025-08-21,2025-08-21,2025-08-21 12:22:00,2025-08-26 18:12:14.237818
4574,20250106,20250111,2,105,3,284,268,2025-01-06,2025-01-11,2025-01-11,2025-01-11 12:46:00,2025-01-18 03:15:09.337139
4575,20251204,20251213,2,122,3,79,74,2025-12-04,2025-12-13,2025-12-13,2025-12-13 16:43:00,2025-12-16 21:30:57.838530
4576,20250620,20250630,2,182,3,52,44,2025-06-20,2025-06-30,2025-06-30,2025-06-30 12:04:00,2025-07-03 03:52:18.993525
4577,20250406,20250414,13,184,1,131,120,2025-04-06,2025-04-14,2025-04-14,2025-04-14 10:49:00,2025-04-15 00:00:23.429673
4578,20250604,20250609,7,76,1,105,89,2025-06-04,2025-06-09,2025-06-09,2025-06-09 08:38:00,2025-06-10 13:20:02.518235
4579,20250611,20250620,5,138,1,400,346,2025-06-11,2025-06-20,2025-06-20,2025-06-20 15:06:00,2025-06-21 08:34:04.434426
4580,20251107,20251110,11,94,2,393,361,2025-11-07,2025-11-10,2025-11-10,2025-11-10 13:57:00,2025-11-12 06:06:25.934560
4581,20250509,20250512,14,29,1,363,334,2025-05-09,2025-05-12,2025-05-12,2025-05-12 09:34:00,2025-05-12 18:35:29.439730
4582,20251102,20251113,11,13,1,211,209,2025-11-02,2025-11-09,2025-11-13,2025-11-13 16:58:00,2025-11-16 15:07:39.572612
4583,20251112,20251121,2,125,3,306,302,2025-11-12,2025-11-21,2025-11-21,2025-11-21 16:17:00,2025-11-22 12:45:17.452854
4584,20250518,20250525,9,85,3,288,266,2025-05-18,2025-05-25,2025-05-25,2025-05-25 09:46:00,2025-05-31 12:16:38.714072
4585,20251112,20251115,9,136,1,201,183,2025-11-12,2025-11-16,2025-11-15,2025-11-15 13:13:00,2025-11-17 09:35:27.688519
4586,20251007,20251016,4,181,1,160,157,2025-10-07,2025-10-16,2025-10-16,2025-10-16 17:08:00,2025-10-17 21:55:32.296968
4587,20250912,20250921,14,163,1,386,340,2025-09-12,2025-09-21,2025-09-21,2025-09-21 14:56:00,2025-09-24 04:05:55.565124
4588,20250810,20250816,8,106,1,73,71,2025-08-10,2025-08-16,2025-08-16,2025-08-16 15:03:00,2025-08-16 17:03:00.000000
4589,20251101,20251110,11,165,1,301,266,2025-11-01,2025-11-10,2025-11-10,2025-11-10 11:05:00,2025-11-13 09:07:24.621315
4590,20250206,20250213,2,86,3,68,59,2025-02-06,2025-02-13,2025-02-13,2025-02-13 09:58:00,2025-02-19 16:46:54.194360
4591,20251104,20251107,9,139,2,453,444,2025-11-04,2025-11-07,2025-11-07,2025-11-07 17:46:00,2025-11-10 03:18:24.594558
4592,20250601,20250604,7,81,1,271,255,2025-06-01,2025-06-04,2025-06-04,2025-06-04 11:58:00,2025-06-12 07:28:57.017764
4593,20250611,20250622,11,86,3,353,307,2025-06-11,2025-06-21,2025-06-22,2025-06-22 10:30:00,2025-06-23 07:29:40.877319
4594,20250205,20250213,1,39,2,135,125,2025-02-05,2025-02-13,2025-02-13,2025-02-13 17:29:00,2025-02-14 22:38:17.526580
4595,20250617,20250623,12,8,2,396,362,2025-06-17,2025-06-23,2025-06-23,2025-06-23 13:10:00,2025-06-24 23:34:54.013854
4596,20250910,20250920,5,65,3,328,292,2025-09-10,2025-09-18,2025-09-20,2025-09-20 07:20:00,2025-09-24 19:04:08.281666
4597,20250901,20250907,13,9,3,92,79,2025-09-01,2025-09-08,2025-09-07,2025-09-07 13:36:00,2025-09-14 14:48:05.348887
4598,20251121,20251204,7,150,1,127,118,2025-11-21,2025-11-30,2025-12-04,2025-12-04 15:44:00,2025-12-10 20:39:58.795954
4599,20251004,20251015,6,108,1,343,295,2025-10-04,2025-10-13,2025-10-15,2025-10-15 15:47:00,2025-10-17 15:35:32.994628
4600,20250731,20250806,7,156,1,183,160,2025-07-31,2025-08-03,2025-08-06,2025-08-06 16:27:00,2025-08-08 00:11:38.499339
4601,20250410,20250413,15,139,2,350,312,2025-04-10,2025-04-13,2025-04-13,2025-04-13 17:00:00,2025-04-14 05:31:00.627834
4602,20250720,20250727,4,56,1,27,23,2025-07-20,2025-07-23,2025-07-27,2025-07-27 14:27:00,2025-07-29 00:30:20.595011
4603,20251130,20251209,13,8,2,66,63,2025-11-30,2025-12-09,2025-12-09,2025-12-09 11:28:00,2025-12-10 12:33:13.822947
4604,20250704,20250707,13,34,2,149,132,2025-07-04,2025-07-08,2025-07-07,2025-07-07 15:29:00,2025-07-10 03:49:49.325837
4605,20250528,20250601,4,190,3,341,305,2025-05-28,2025-06-01,2025-06-01,2025-06-01 10:44:00,2025-06-01 20:53:48.908742
4606,20250309,20250314,2,185,2,130,116,2025-03-09,2025-03-15,2025-03-14,2025-03-14 15:01:00,2025-03-15 16:50:24.442768
4607,20250927,20251002,15,66,3,377,344,2025-09-27,2025-10-03,2025-10-02,2025-10-02 11:35:00,2025-10-03 01:17:08.406118
4608,20250309,20250312,9,131,1,235,210,2025-03-09,2025-03-12,2025-03-12,2025-03-12 07:37:00,2025-03-14 14:21:49.514283
4609,20250629,20250708,5,91,2,249,222,2025-06-29,2025-07-04,2025-07-08,2025-07-08 13:54:00,2025-07-10 11:08:12.295730
4610,20250204,20250208,8,48,2,478,450,2025-02-04,2025-02-08,2025-02-08,2025-02-08 16:33:00,2025-02-10 09:39:53.645980
4611,20250205,20250213,3,160,2,390,383,2025-02-05,2025-02-14,2025-02-13,2025-02-13 12:13:00,2025-02-14 08:52:12.579324
4612,20250903,20250912,9,56,1,30,26,2025-09-03,2025-09-10,2025-09-12,2025-09-12 15:54:00,2025-09-13 07:18:57.416131
4613,20250427,20250430,9,199,1,485,420,2025-04-27,2025-04-30,2025-04-30,2025-04-30 15:34:00,2025-05-01 03:08:46.375793
4614,20250223,20250303,11,7,1,444,400,2025-02-23,2025-03-04,2025-03-03,2025-03-03 08:22:00,2025-03-05 17:53:56.687239
4615,20250918,20250927,10,113,2,46,44,2025-09-18,2025-09-28,2025-09-27,2025-09-27 14:49:00,2025-09-28 14:56:06.794151
4616,20251124,20251204,3,94,1,195,181,2025-11-24,2025-12-04,2025-12-04,2025-12-04 16:36:00,2025-12-05 13:08:18.096839
4617,20250330,20250406,12,142,1,204,189,2025-03-30,2025-04-06,2025-04-06,2025-04-06 08:31:00,2025-04-07 08:27:57.378163
4618,20250509,20250521,5,16,1,215,203,2025-05-09,2025-05-18,2025-05-21,2025-05-21 09:20:00,2025-05-22 22:10:54.417282
4619,20250820,20250823,1,28,3,173,154,2025-08-20,2025-08-23,2025-08-23,2025-08-23 12:33:00,2025-09-01 12:13:47.453193
4620,20250906,20250916,7,149,3,167,149,2025-09-06,2025-09-15,2025-09-16,2025-09-16 11:49:00,2025-09-19 15:50:56.880745
4621,20250212,20250216,14,165,1,106,92,2025-02-12,2025-02-17,2025-02-16,2025-02-16 17:08:00,2025-02-17 23:08:14.671992
4622,20250630,20250709,6,121,1,107,91,2025-06-30,2025-07-05,2025-07-09,2025-07-09 17:39:00,2025-07-09 20:33:25.414185
4623,20250426,20250428,3,102,1,401,380,2025-04-26,2025-04-29,2025-04-28,2025-04-28 15:06:00,2025-05-01 10:14:03.366612
4624,20251127,20251205,2,70,1,482,441,2025-11-27,2025-12-05,2025-12-05,2025-12-05 08:56:00,2025-12-12 16:31:20.716505
4625,20250205,20250208,7,138,1,343,307,2025-02-05,2025-02-09,2025-02-08,2025-02-08 11:30:00,2025-02-13 14:12:05.102913
4626,20251202,20251204,1,45,2,412,365,2025-12-02,2025-12-05,2025-12-04,2025-12-04 17:00:00,2025-12-06 15:28:42.878009
4627,20250627,20250702,3,184,3,122,105,2025-06-27,2025-07-02,2025-07-02,2025-07-02 12:06:00,2025-07-03 06:29:39.475214
4628,20251002,20251011,7,23,2,41,38,2025-10-02,2025-10-11,2025-10-11,2025-10-11 07:09:00,2025-10-12 01:02:19.546203
4629,20250510,20250518,10,199,2,269,241,2025-05-10,2025-05-18,2025-05-18,2025-05-18 10:11:00,2025-05-19 01:16:09.057506
4630,20250315,20250318,8,75,3,114,104,2025-03-15,2025-03-18,2025-03-18,2025-03-18 17:08:00,2025-03-20 02:56:07.512886
4631,20250527,20250604,3,140,1,249,213,2025-05-27,2025-06-05,2025-06-04,2025-06-04 12:27:00,2025-06-04 21:00:37.457843
4632,20250601,20250611,4,172,1,71,63,2025-06-01,2025-06-11,2025-06-11,2025-06-11 17:45:00,2025-06-12 12:15:01.384478
4633,20250111,20250124,7,165,1,106,97,2025-01-11,2025-01-20,2025-01-24,2025-01-24 14:03:00,2025-01-28 22:26:30.835406
4634,20250202,20250211,7,51,1,285,266,2025-02-02,2025-02-09,2025-02-11,2025-02-11 11:50:00,2025-02-14 12:57:03.163685
4635,20250526,20250604,5,173,2,377,354,2025-05-26,2025-06-04,2025-06-04,2025-06-04 15:46:00,2025-06-05 23:39:57.930452
4636,20250725,20250802,14,36,1,342,319,2025-07-25,2025-08-02,2025-08-02,2025-08-02 16:48:00,2025-08-06 05:50:06.292499
4637,20251204,20251209,9,167,1,348,322,2025-12-04,2025-12-09,2025-12-09,2025-12-09 17:56:00,2025-12-12 12:58:19.903682
4638,20250807,20250810,12,180,1,484,442,2025-08-07,2025-08-10,2025-08-10,2025-08-10 14:26:00,2025-08-11 08:51:26.626576
4639,20250419,20250421,12,59,2,457,412,2025-04-19,2025-04-22,2025-04-21,2025-04-21 11:23:00,2025-04-22 12:24:15.366077
4640,20250805,20250813,14,158,2,184,176,2025-08-05,2025-08-14,2025-08-13,2025-08-13 08:44:00,2025-08-14 19:47:48.430371
4641,20250215,20250223,14,52,1,237,203,2025-02-15,2025-02-18,2025-02-23,2025-02-23 11:38:00,2025-02-27 12:10:26.980965
4642,20250304,20250313,1,125,3,408,375,2025-03-04,2025-03-09,2025-03-13,2025-03-13 10:50:00,2025-03-13 23:37:16.355170
4643,20250610,20250616,6,197,3,219,217,2025-06-10,2025-06-14,2025-06-16,2025-06-16 17:02:00,2025-06-19 13:36:24.000702
4644,20250812,20250819,2,182,3,498,458,2025-08-12,2025-08-19,2025-08-19,2025-08-19 09:52:00,2025-08-22 14:10:42.751292
4645,20250317,20250326,9,45,1,358,335,2025-03-17,2025-03-23,2025-03-26,2025-03-26 15:45:00,2025-03-28 23:39:08.003161
4646,20250809,20250817,10,90,1,280,256,2025-08-09,2025-08-17,2025-08-17,2025-08-17 08:20:00,2025-08-17 22:04:24.018840
4647,20250728,20250801,14,15,1,216,215,2025-07-28,2025-08-02,2025-08-01,2025-08-01 16:42:00,2025-08-03 19:22:17.196547
4648,20251122,20251128,1,150,1,451,426,2025-11-22,2025-11-28,2025-11-28,2025-11-28 09:09:00,2025-12-03 14:50:17.216274
4649,20250408,20250411,4,47,3,69,67,2025-04-08,2025-04-11,2025-04-11,2025-04-11 09:02:00,2025-04-12 20:36:32.715328
4650,20250720,20250723,5,178,1,151,135,2025-07-20,2025-07-23,2025-07-23,2025-07-23 08:46:00,2025-07-25 18:16:42.016531
4651,20250125,20250203,12,150,2,370,348,2025-01-25,2025-02-04,2025-02-03,2025-02-03 10:36:00,2025-02-05 17:28:32.367613
4652,20250204,20250209,8,108,3,437,413,2025-02-04,2025-02-09,2025-02-09,2025-02-09 09:23:00,2025-02-17 17:31:11.860407
4653,20250417,20250424,7,18,1,329,307,2025-04-17,2025-04-24,2025-04-24,2025-04-24 15:06:00,2025-04-30 20:53:37.348090
4654,20251121,20251124,12,76,3,194,185,2025-11-21,2025-11-24,2025-11-24,2025-11-24 07:47:00,2025-11-29 13:04:57.999990
4655,20250827,20250907,7,162,1,30,28,2025-08-27,2025-09-05,2025-09-07,2025-09-07 10:23:00,2025-09-08 22:45:10.954484
4656,20251103,20251108,1,180,2,211,201,2025-11-03,2025-11-08,2025-11-08,2025-11-08 13:48:00,2025-11-11 13:29:46.357697
4657,20250429,20250501,1,70,1,330,312,2025-04-29,2025-05-02,2025-05-01,2025-05-01 14:04:00,2025-05-02 10:26:33.715621
4658,20250926,20251002,5,59,2,279,238,2025-09-26,2025-09-29,2025-10-02,2025-10-02 11:41:00,2025-10-04 01:34:28.355700
4659,20250722,20250731,15,122,1,114,112,2025-07-22,2025-08-01,2025-07-31,2025-07-31 07:35:00,2025-07-31 23:39:22.217293
4660,20250102,20250106,13,133,1,443,390,2025-01-02,2025-01-06,2025-01-06,2025-01-06 11:56:00,2025-01-09 03:10:53.440068
4661,20250506,20250512,11,200,3,497,471,2025-05-06,2025-05-12,2025-05-12,2025-05-12 16:45:00,2025-05-14 03:18:38.584266
4662,20250108,20250115,5,185,2,428,408,2025-01-08,2025-01-15,2025-01-15,2025-01-15 11:50:00,2025-01-16 14:04:05.790215
4663,20250223,20250305,15,184,1,191,172,2025-02-23,2025-03-05,2025-03-05,2025-03-05 12:08:00,2025-03-06 20:40:16.024734
4664,20250605,20250613,6,27,2,28,27,2025-06-05,2025-06-13,2025-06-13,2025-06-13 10:05:00,2025-06-21 16:00:52.778831
4665,20250616,20250625,3,118,1,437,422,2025-06-16,2025-06-25,2025-06-25,2025-06-25 09:26:00,2025-06-28 02:28:41.910990
4666,20251112,20251125,14,8,1,161,148,2025-11-12,2025-11-20,2025-11-25,2025-11-25 17:00:00,2025-11-27 00:39:29.862728
4667,20251030,20251105,7,70,1,427,405,2025-10-30,2025-11-02,2025-11-05,2025-11-05 11:17:00,2025-11-06 03:31:20.087403
4668,20250604,20250611,2,101,2,27,23,2025-06-04,2025-06-12,2025-06-11,2025-06-11 16:31:00,2025-06-12 12:07:55.110650
4669,20250122,20250202,14,125,1,60,58,2025-01-22,2025-01-30,2025-02-02,2025-02-02 13:23:00,2025-02-03 15:06:39.683023
4670,20250718,20250727,10,97,2,238,225,2025-07-18,2025-07-27,2025-07-27,2025-07-27 14:51:00,2025-07-27 16:51:00.000000
4671,20251026,20251029,1,55,2,439,376,2025-10-26,2025-10-29,2025-10-29,2025-10-29 15:56:00,2025-11-01 18:21:09.577469
4672,20250716,20250723,15,50,2,440,380,2025-07-16,2025-07-20,2025-07-23,2025-07-23 17:02:00,2025-07-29 10:29:37.840842
4673,20250612,20250621,10,133,2,97,91,2025-06-12,2025-06-21,2025-06-21,2025-06-21 15:48:00,2025-06-25 16:08:24.771137
4674,20250731,20250805,6,84,1,152,142,2025-07-31,2025-08-05,2025-08-05,2025-08-05 13:34:00,2025-08-11 19:51:27.396659
4675,20250321,20250328,7,187,1,116,111,2025-03-21,2025-03-28,2025-03-28,2025-03-28 13:07:00,2025-03-29 23:34:08.871817
4676,20250810,20250818,10,70,2,305,271,2025-08-10,2025-08-18,2025-08-18,2025-08-18 07:17:00,2025-08-19 14:08:50.786995
4677,20250401,20250411,3,23,1,88,75,2025-04-01,2025-04-11,2025-04-11,2025-04-11 09:51:00,2025-04-14 05:12:08.763015
4678,20250320,20250329,14,59,1,217,209,2025-03-20,2025-03-26,2025-03-29,2025-03-29 08:54:00,2025-03-30 03:19:15.889856
4679,20251102,20251112,13,53,1,377,322,2025-11-02,2025-11-08,2025-11-12,2025-11-12 14:52:00,2025-11-13 19:03:19.365482
4680,20250816,20250819,8,71,1,186,169,2025-08-16,2025-08-19,2025-08-19,2025-08-19 08:11:00,2025-08-25 02:18:55.293942
4681,20250321,20250330,6,147,2,47,46,2025-03-21,2025-03-30,2025-03-30,2025-03-30 07:11:00,2025-03-31 03:44:44.726602
4682,20250329,20250405,1,10,1,395,339,2025-03-29,2025-04-06,2025-04-05,2025-04-05 13:50:00,2025-04-08 14:23:11.167457
4683,20251010,20251014,4,86,2,82,81,2025-10-10,2025-10-13,2025-10-14,2025-10-14 16:56:00,2025-10-20 07:30:00.231892
4684,20251017,20251022,1,43,2,343,302,2025-10-17,2025-10-22,2025-10-22,2025-10-22 16:30:00,2025-10-26 05:45:19.047200
4685,20250817,20250824,11,63,1,245,211,2025-08-17,2025-08-21,2025-08-24,2025-08-24 17:50:00,2025-08-25 07:52:54.950796
4686,20250214,20250221,8,200,2,156,134,2025-02-14,2025-02-21,2025-02-21,2025-02-21 12:35:00,2025-02-23 08:16:29.302603
4687,20250703,20250711,1,80,1,171,154,2025-07-03,2025-07-11,2025-07-11,2025-07-11 15:06:00,2025-07-14 05:28:20.658041
4688,20250519,20250524,8,194,2,278,258,2025-05-19,2025-05-24,2025-05-24,2025-05-24 16:05:00,2025-05-25 21:03:00.851069
4689,20250326,20250405,7,114,3,153,142,2025-03-26,2025-04-05,2025-04-05,2025-04-05 07:19:00,2025-04-09 14:24:57.779081
4690,20251009,20251017,13,69,2,351,322,2025-10-09,2025-10-17,2025-10-17,2025-10-17 12:55:00,2025-10-19 06:20:34.254649
4691,20250701,20250708,13,136,1,141,135,2025-07-01,2025-07-08,2025-07-08,2025-07-08 10:22:00,2025-07-11 01:17:53.482832
4692,20250101,20250103,2,199,3,67,61,2025-01-01,2025-01-04,2025-01-03,2025-01-03 14:13:00,2025-01-05 08:20:06.406021
4693,20250126,20250208,9,88,3,329,323,2025-01-26,2025-02-03,2025-02-08,2025-02-08 12:47:00,2025-02-12 06:46:30.498718
4694,20250517,20250519,1,170,1,217,210,2025-05-17,2025-05-20,2025-05-19,2025-05-19 10:14:00,2025-05-20 01:42:27.669272
4695,20251110,20251116,5,79,3,185,168,2025-11-10,2025-11-16,2025-11-16,2025-11-16 13:02:00,2025-11-18 13:26:58.634211
4696,20250704,20250711,13,78,1,316,278,2025-07-04,2025-07-11,2025-07-11,2025-07-11 10:10:00,2025-07-13 04:08:18.146656
4697,20250523,20250602,15,114,1,182,156,2025-05-23,2025-06-02,2025-06-02,2025-06-02 13:38:00,2025-06-06 19:38:28.731724
4698,20251120,20251125,7,142,2,30,27,2025-11-20,2025-11-24,2025-11-25,2025-11-25 14:38:00,2025-11-28 00:30:47.783945
4699,20250423,20250426,3,36,3,26,24,2025-04-23,2025-04-26,2025-04-26,2025-04-26 17:48:00,2025-04-27 10:12:58.553879
4700,20251206,20251214,14,65,1,250,239,2025-12-06,2025-12-14,2025-12-14,2025-12-14 11:45:00,2025-12-19 11:58:09.596681
4701,20250724,20250731,5,3,1,224,193,2025-07-24,2025-07-31,2025-07-31,2025-07-31 10:22:00,2025-08-01 01:43:39.615528
4702,20250907,20250914,7,10,2,391,359,2025-09-07,2025-09-12,2025-09-14,2025-09-14 13:37:00,2025-09-16 04:40:23.497056
4703,20250617,20250629,4,13,1,56,50,2025-06-17,2025-06-25,2025-06-29,2025-06-29 11:57:00,2025-07-02 07:07:44.703894
4704,20251106,20251115,13,79,2,422,380,2025-11-06,2025-11-15,2025-11-15,2025-11-15 09:02:00,2025-11-16 04:49:26.401239
4705,20250113,20250116,1,70,3,337,305,2025-01-13,2025-01-16,2025-01-16,2025-01-16 10:32:00,2025-01-24 16:49:19.695433
4706,20250522,20250529,1,7,2,265,263,2025-05-22,2025-05-29,2025-05-29,2025-05-29 10:45:00,2025-05-29 15:40:53.783863
4707,20250330,20250409,5,52,2,405,388,2025-03-30,2025-04-08,2025-04-09,2025-04-09 09:15:00,2025-04-10 18:23:55.954734
4708,20250713,20250718,8,36,1,491,464,2025-07-13,2025-07-19,2025-07-18,2025-07-18 15:31:00,2025-07-20 02:37:53.235840
4709,20250608,20250615,14,75,1,454,414,2025-06-08,2025-06-15,2025-06-15,2025-06-15 10:46:00,2025-06-18 13:01:21.528265
4710,20250210,20250218,7,108,1,445,398,2025-02-10,2025-02-18,2025-02-18,2025-02-18 07:26:00,2025-02-21 03:44:33.136656
4711,20250418,20250424,5,199,2,249,222,2025-04-18,2025-04-23,2025-04-24,2025-04-24 09:57:00,2025-04-26 01:54:29.029819
4712,20250911,20250920,15,17,1,436,414,2025-09-11,2025-09-18,2025-09-20,2025-09-20 08:49:00,2025-09-27 23:21:26.807635
4713,20250803,20250812,4,6,2,343,324,2025-08-03,2025-08-12,2025-08-12,2025-08-12 12:25:00,2025-08-16 01:00:25.744256
4714,20250131,20250208,7,194,1,123,118,2025-01-31,2025-02-08,2025-02-08,2025-02-08 09:36:00,2025-02-13 08:40:47.517513
4715,20250505,20250508,13,84,3,324,319,2025-05-05,2025-05-08,2025-05-08,2025-05-08 13:31:00,2025-05-11 07:04:38.480621
4716,20251029,20251108,9,88,1,397,353,2025-10-29,2025-11-08,2025-11-08,2025-11-08 14:49:00,2025-11-12 04:29:19.713876
4717,20250511,20250520,12,194,1,404,357,2025-05-11,2025-05-21,2025-05-20,2025-05-20 10:36:00,2025-05-21 08:46:05.985543
4718,20250220,20250226,3,66,1,317,308,2025-02-20,2025-02-27,2025-02-26,2025-02-26 14:26:00,2025-02-26 23:51:12.279230
4719,20251008,20251011,7,150,2,438,424,2025-10-08,2025-10-11,2025-10-11,2025-10-11 14:00:00,2025-10-15 08:49:37.426230
4720,20250820,20250826,15,194,3,162,153,2025-08-20,2025-08-26,2025-08-26,2025-08-26 16:18:00,2025-08-28 16:29:04.884112
4721,20250605,20250609,14,125,3,168,166,2025-06-05,2025-06-08,2025-06-09,2025-06-09 16:08:00,2025-06-10 11:07:12.929164
4722,20250811,20250821,12,20,3,356,337,2025-08-11,2025-08-21,2025-08-21,2025-08-21 14:09:00,2025-08-23 01:00:07.029888
4723,20250120,20250128,9,76,1,486,447,2025-01-20,2025-01-25,2025-01-28,2025-01-28 13:21:00,2025-01-30 15:09:37.080049
4724,20250627,20250707,14,110,2,180,171,2025-06-27,2025-07-03,2025-07-07,2025-07-07 07:27:00,2025-07-09 17:51:29.102417
4725,20250128,20250207,15,62,2,485,440,2025-01-28,2025-02-07,2025-02-07,2025-02-07 16:42:00,2025-02-08 10:47:38.961877
4726,20250604,20250606,13,15,2,436,378,2025-06-04,2025-06-07,2025-06-06,2025-06-06 17:11:00,2025-06-14 04:33:03.576613
4727,20250202,20250208,12,26,1,363,322,2025-02-02,2025-02-08,2025-02-08,2025-02-08 16:36:00,2025-02-11 16:45:25.260779
4728,20250127,20250202,14,35,1,162,138,2025-01-27,2025-02-02,2025-02-02,2025-02-02 08:58:00,2025-02-05 05:20:17.037156
4729,20250414,20250423,6,61,3,453,412,2025-04-14,2025-04-19,2025-04-23,2025-04-23 11:59:00,2025-04-26 06:10:12.618702
4730,20250424,20250430,15,133,3,169,166,2025-04-24,2025-04-30,2025-04-30,2025-04-30 09:22:00,2025-05-01 15:04:18.981570
4731,20250317,20250325,3,166,3,182,174,2025-03-17,2025-03-25,2025-03-25,2025-03-25 16:51:00,2025-03-30 00:59:44.342691
4732,20250512,20250521,6,123,1,325,306,2025-05-12,2025-05-17,2025-05-21,2025-05-21 17:25:00,2025-05-25 06:59:50.515785
4733,20251108,20251118,13,97,3,81,69,2025-11-08,2025-11-18,2025-11-18,2025-11-18 09:27:00,2025-11-24 14:05:26.486612
4734,20250511,20250521,1,87,1,140,134,2025-05-11,2025-05-21,2025-05-21,2025-05-21 10:22:00,2025-05-23 13:28:44.100385
4735,20250728,20250731,9,7,3,93,92,2025-07-28,2025-07-31,2025-07-31,2025-07-31 13:32:00,2025-08-01 02:44:32.803051
4736,20250809,20250819,6,3,1,497,493,2025-08-09,2025-08-19,2025-08-19,2025-08-19 17:01:00,2025-08-20 20:31:52.299154
4737,20250330,20250409,15,65,1,318,290,2025-03-30,2025-04-07,2025-04-09,2025-04-09 10:59:00,2025-04-09 19:01:58.000953
4738,20251014,20251019,8,69,3,206,181,2025-10-14,2025-10-19,2025-10-19,2025-10-19 07:08:00,2025-10-25 10:17:11.148328
4739,20250620,20250627,12,58,1,41,36,2025-06-20,2025-06-27,2025-06-27,2025-06-27 12:09:00,2025-06-28 15:40:59.467352
4740,20250723,20250728,15,21,1,215,194,2025-07-23,2025-07-27,2025-07-28,2025-07-28 16:33:00,2025-07-29 22:54:51.969529
4741,20250215,20250221,3,198,1,122,110,2025-02-15,2025-02-22,2025-02-21,2025-02-21 12:33:00,2025-02-23 17:46:32.626099
4742,20251001,20251009,14,114,2,286,243,2025-10-01,2025-10-09,2025-10-09,2025-10-09 13:01:00,2025-10-11 08:43:23.068798
4743,20250905,20250909,12,4,1,125,110,2025-09-05,2025-09-09,2025-09-09,2025-09-09 16:42:00,2025-09-12 10:45:18.843123
4744,20250626,20250629,1,171,2,336,326,2025-06-26,2025-06-29,2025-06-29,2025-06-29 16:14:00,2025-07-03 04:26:21.796573
4745,20251019,20251028,4,122,3,252,246,2025-10-19,2025-10-28,2025-10-28,2025-10-28 14:11:00,2025-11-01 11:47:05.979009
4746,20250323,20250404,15,82,2,149,143,2025-03-23,2025-03-31,2025-04-04,2025-04-04 12:11:00,2025-04-06 23:25:22.713105
4747,20250131,20250204,9,174,1,254,236,2025-01-31,2025-02-04,2025-02-04,2025-02-04 17:33:00,2025-02-05 09:45:05.547997
4748,20250317,20250326,14,126,1,178,165,2025-03-17,2025-03-24,2025-03-26,2025-03-26 14:17:00,2025-03-27 21:15:45.149214
4749,20250329,20250407,6,177,2,152,144,2025-03-29,2025-04-07,2025-04-07,2025-04-07 17:11:00,2025-04-08 17:16:00.223289
4750,20250802,20250808,7,142,1,242,218,2025-08-02,2025-08-07,2025-08-08,2025-08-08 10:19:00,2025-08-09 08:38:49.147074
4751,20250618,20250621,15,86,1,367,334,2025-06-18,2025-06-21,2025-06-21,2025-06-21 17:41:00,2025-06-29 09:15:44.861909
4752,20251002,20251015,6,129,1,53,45,2025-10-02,2025-10-10,2025-10-15,2025-10-15 17:26:00,2025-10-18 10:39:43.912817
4753,20250512,20250514,3,1,1,472,410,2025-05-12,2025-05-15,2025-05-14,2025-05-14 16:14:00,2025-05-18 14:15:10.187109
4754,20250123,20250127,12,39,2,96,95,2025-01-23,2025-01-28,2025-01-27,2025-01-27 13:39:00,2025-01-29 08:11:51.460250
4755,20250503,20250511,13,108,2,192,180,2025-05-03,2025-05-11,2025-05-11,2025-05-11 15:28:00,2025-05-14 07:36:38.588707
4756,20250311,20250314,3,149,1,365,362,2025-03-11,2025-03-14,2025-03-14,2025-03-14 12:40:00,2025-03-15 12:18:58.398493
4757,20250714,20250721,6,3,2,298,268,2025-07-14,2025-07-21,2025-07-21,2025-07-21 13:15:00,2025-07-22 02:49:56.910509
4758,20250520,20250524,9,128,2,242,230,2025-05-20,2025-05-24,2025-05-24,2025-05-24 16:50:00,2025-05-29 04:17:56.808503
4759,20250618,20250628,14,150,2,112,99,2025-06-18,2025-06-26,2025-06-28,2025-06-28 16:54:00,2025-07-02 23:45:22.967157
4760,20251026,20251106,1,157,3,85,75,2025-10-26,2025-11-01,2025-11-06,2025-11-06 08:08:00,2025-11-09 04:27:52.545240
4761,20250518,20250527,9,125,2,479,432,2025-05-18,2025-05-27,2025-05-27,2025-05-27 14:23:00,2025-05-27 17:02:12.640535
4762,20250330,20250407,11,135,1,200,174,2025-03-30,2025-04-08,2025-04-07,2025-04-07 17:12:00,2025-04-10 07:07:02.056694
4763,20250829,20250902,15,63,3,114,108,2025-08-29,2025-09-03,2025-09-02,2025-09-02 07:28:00,2025-09-04 23:59:31.307990
4764,20250609,20250620,8,129,1,458,425,2025-06-09,2025-06-18,2025-06-20,2025-06-20 16:57:00,2025-06-24 11:57:54.227827
4765,20250501,20250510,15,147,2,163,147,2025-05-01,2025-05-05,2025-05-10,2025-05-10 11:53:00,2025-05-11 09:50:14.753892
4766,20251003,20251009,11,83,1,166,163,2025-10-03,2025-10-10,2025-10-09,2025-10-09 10:01:00,2025-10-14 22:47:02.432303
4767,20250619,20250625,10,170,1,330,289,2025-06-19,2025-06-26,2025-06-25,2025-06-25 11:31:00,2025-06-27 17:02:58.407217
4768,20250530,20250604,7,5,1,406,350,2025-05-30,2025-06-04,2025-06-04,2025-06-04 14:57:00,2025-06-07 19:02:02.311274
4769,20251024,20251030,3,49,2,237,229,2025-10-24,2025-10-30,2025-10-30,2025-10-30 15:56:00,2025-10-31 11:31:03.713657
4770,20250218,20250228,15,167,2,359,342,2025-02-18,2025-02-24,2025-02-28,2025-02-28 15:53:00,2025-03-05 15:01:20.717035
4771,20250103,20250113,9,93,2,289,256,2025-01-03,2025-01-13,2025-01-13,2025-01-13 10:54:00,2025-01-16 02:19:06.109388
4772,20250629,20250705,14,174,2,113,97,2025-06-29,2025-07-06,2025-07-05,2025-07-05 10:17:00,2025-07-08 09:46:33.355328
4773,20250606,20250614,10,147,2,323,296,2025-06-06,2025-06-15,2025-06-14,2025-06-14 15:24:00,2025-06-25 06:21:04.236874
4774,20250226,20250302,12,157,2,133,117,2025-02-26,2025-03-03,2025-03-02,2025-03-02 11:12:00,2025-03-06 09:35:43.771723
4775,20250428,20250502,5,113,1,145,125,2025-04-28,2025-05-02,2025-05-02,2025-05-02 12:11:00,2025-05-03 07:34:13.927170
4776,20251002,20251008,12,68,1,28,23,2025-10-02,2025-10-08,2025-10-08,2025-10-08 13:12:00,2025-10-10 12:27:08.782004
4777,20250227,20250307,8,187,2,320,295,2025-02-27,2025-03-07,2025-03-07,2025-03-07 15:54:00,2025-03-10 14:30:38.127154
4778,20250908,20250914,10,55,1,215,198,2025-09-08,2025-09-11,2025-09-14,2025-09-14 13:36:00,2025-09-15 19:29:49.813938
4779,20250806,20250810,6,197,3,289,258,2025-08-06,2025-08-10,2025-08-10,2025-08-10 14:01:00,2025-08-13 22:48:12.432202
4780,20250205,20250208,4,165,3,360,312,2025-02-05,2025-02-09,2025-02-08,2025-02-08 14:42:00,2025-02-14 01:57:55.216244
4781,20250227,20250308,8,162,1,432,401,2025-02-27,2025-03-08,2025-03-08,2025-03-08 07:19:00,2025-03-11 03:53:22.193762
4782,20250414,20250424,13,13,1,228,198,2025-04-14,2025-04-24,2025-04-24,2025-04-24 13:53:00,2025-04-25 05:35:14.475451
4783,20251017,20251024,13,161,2,161,138,2025-10-17,2025-10-25,2025-10-24,2025-10-24 15:16:00,2025-10-25 05:31:37.159479
4784,20251130,20251204,3,1,2,79,69,2025-11-30,2025-12-04,2025-12-04,2025-12-04 10:30:00,2025-12-08 02:19:44.163008
4785,20250805,20250815,2,187,3,226,223,2025-08-05,2025-08-15,2025-08-15,2025-08-15 13:43:00,2025-08-16 07:14:34.762349
4786,20250418,20250422,7,91,3,286,253,2025-04-18,2025-04-22,2025-04-22,2025-04-22 16:54:00,2025-04-26 16:54:51.900132
4787,20251023,20251029,6,75,2,310,279,2025-10-23,2025-10-29,2025-10-29,2025-10-29 08:20:00,2025-10-29 15:58:12.803301
4788,20250308,20250319,11,44,1,319,297,2025-03-08,2025-03-15,2025-03-19,2025-03-19 14:40:00,2025-03-24 03:18:53.257797
4789,20250710,20250718,10,114,1,392,347,2025-07-10,2025-07-18,2025-07-18,2025-07-18 09:06:00,2025-07-21 02:46:19.984090
4790,20251014,20251026,14,3,3,251,217,2025-10-14,2025-10-23,2025-10-26,2025-10-26 07:22:00,2025-10-28 04:24:03.395134
4791,20250620,20250628,3,142,3,345,310,2025-06-20,2025-06-28,2025-06-28,2025-06-28 08:23:00,2025-06-29 09:54:42.763735
4792,20250215,20250224,13,162,1,494,424,2025-02-15,2025-02-24,2025-02-24,2025-02-24 12:50:00,2025-02-27 08:23:22.717859
4793,20250530,20250606,6,146,1,246,217,2025-05-30,2025-06-02,2025-06-06,2025-06-06 13:41:00,2025-06-11 08:07:19.988749
4794,20250522,20250530,9,52,1,452,444,2025-05-22,2025-05-30,2025-05-30,2025-05-30 16:21:00,2025-06-02 11:59:49.911090
4795,20250829,20250902,7,93,1,313,312,2025-08-29,2025-09-03,2025-09-02,2025-09-02 07:46:00,2025-09-03 16:38:32.154237
4796,20250604,20250612,10,195,3,253,239,2025-06-04,2025-06-12,2025-06-12,2025-06-12 15:59:00,2025-06-16 14:27:36.659326
4797,20250417,20250424,11,8,1,362,348,2025-04-17,2025-04-24,2025-04-24,2025-04-24 10:58:00,2025-04-28 04:04:25.251457
4798,20250926,20251006,13,155,1,491,475,2025-09-26,2025-10-03,2025-10-06,2025-10-06 07:03:00,2025-10-06 22:04:21.536044
4799,20250301,20250311,11,139,2,354,338,2025-03-01,2025-03-09,2025-03-11,2025-03-11 11:15:00,2025-03-20 07:27:09.404140
4800,20250403,20250414,11,63,3,194,180,2025-04-03,2025-04-12,2025-04-14,2025-04-14 10:33:00,2025-04-15 09:56:10.962884
4801,20250514,20250518,9,190,1,362,316,2025-05-14,2025-05-18,2025-05-18,2025-05-18 08:16:00,2025-05-21 09:55:22.961257
4802,20251005,20251013,1,164,3,393,359,2025-10-05,2025-10-13,2025-10-13,2025-10-13 13:44:00,2025-10-14 00:45:28.586010
4803,20250202,20250212,12,103,2,361,359,2025-02-02,2025-02-12,2025-02-12,2025-02-12 13:32:00,2025-02-18 16:21:34.027598
4804,20251030,20251104,10,12,1,69,60,2025-10-30,2025-11-05,2025-11-04,2025-11-04 13:48:00,2025-11-06 20:08:37.848376
4805,20251025,20251031,11,108,2,463,420,2025-10-25,2025-11-01,2025-10-31,2025-10-31 17:33:00,2025-11-01 17:31:09.835916
4806,20250111,20250115,3,186,1,480,443,2025-01-11,2025-01-15,2025-01-15,2025-01-15 12:57:00,2025-01-16 01:34:27.928407
4807,20251028,20251031,2,5,2,118,106,2025-10-28,2025-10-31,2025-10-31,2025-10-31 14:18:00,2025-11-05 20:25:39.831127
4808,20250817,20250820,5,36,1,177,154,2025-08-17,2025-08-20,2025-08-20,2025-08-20 12:05:00,2025-08-22 09:04:58.216335
4809,20251111,20251120,11,197,2,408,407,2025-11-11,2025-11-18,2025-11-20,2025-11-20 09:14:00,2025-11-22 01:19:00.280137
4810,20250903,20250917,11,127,2,92,78,2025-09-03,2025-09-13,2025-09-17,2025-09-17 17:05:00,2025-09-23 09:58:43.805707
4811,20250312,20250320,5,43,2,94,88,2025-03-12,2025-03-20,2025-03-20,2025-03-20 08:42:00,2025-03-25 18:52:02.853860
4812,20250503,20250506,5,167,1,123,107,2025-05-03,2025-05-06,2025-05-06,2025-05-06 15:38:00,2025-05-11 09:05:58.830164
4813,20250929,20251002,15,116,2,56,54,2025-09-29,2025-10-02,2025-10-02,2025-10-02 10:14:00,2025-10-03 03:34:23.183538
4814,20250905,20250908,5,155,1,362,352,2025-09-05,2025-09-08,2025-09-08,2025-09-08 14:04:00,2025-09-11 19:36:56.709979
4815,20250428,20250507,10,95,2,434,379,2025-04-28,2025-05-05,2025-05-07,2025-05-07 09:21:00,2025-05-10 13:50:30.623484
4816,20250731,20250808,12,102,1,150,149,2025-07-31,2025-08-08,2025-08-08,2025-08-08 13:52:00,2025-08-10 09:14:13.993413
4817,20251202,20251210,5,106,1,452,409,2025-12-02,2025-12-10,2025-12-10,2025-12-10 12:13:00,2025-12-13 02:14:27.016541
4818,20251126,20251202,7,125,2,301,282,2025-11-26,2025-11-29,2025-12-02,2025-12-02 14:01:00,2025-12-07 12:11:27.266066
4819,20250905,20250908,15,98,3,60,55,2025-09-05,2025-09-08,2025-09-08,2025-09-08 16:27:00,2025-09-10 19:48:21.807410
4820,20250220,20250228,12,137,1,197,179,2025-02-20,2025-03-01,2025-02-28,2025-02-28 15:15:00,2025-03-03 17:15:32.361053
4821,20250613,20250623,14,176,1,250,240,2025-06-13,2025-06-23,2025-06-23,2025-06-23 17:26:00,2025-07-01 01:55:13.192461
4822,20250328,20250403,15,41,1,157,155,2025-03-28,2025-04-03,2025-04-03,2025-04-03 08:03:00,2025-04-07 09:19:52.562402
4823,20250606,20250613,13,188,2,39,37,2025-06-06,2025-06-11,2025-06-13,2025-06-13 10:25:00,2025-06-18 21:34:14.472632
4824,20250117,20250126,10,59,3,286,248,2025-01-17,2025-01-26,2025-01-26,2025-01-26 12:23:00,2025-01-28 12:29:32.588566
4825,20250718,20250723,8,134,3,121,117,2025-07-18,2025-07-23,2025-07-23,2025-07-23 12:39:00,2025-07-26 19:08:41.017172
4826,20250822,20250827,4,102,3,481,430,2025-08-22,2025-08-27,2025-08-27,2025-08-27 13:15:00,2025-08-28 15:22:17.196786
4827,20250520,20250528,7,54,3,463,395,2025-05-20,2025-05-29,2025-05-28,2025-05-28 17:19:00,2025-06-02 17:36:44.829995
4828,20250209,20250214,11,23,1,309,275,2025-02-09,2025-02-14,2025-02-14,2025-02-14 13:15:00,2025-02-15 12:51:29.495660
4829,20251129,20251208,2,79,3,455,426,2025-11-29,2025-12-09,2025-12-08,2025-12-08 14:59:00,2025-12-10 16:14:09.889513
4830,20250429,20250502,10,71,1,402,348,2025-04-29,2025-05-02,2025-05-02,2025-05-02 16:03:00,2025-05-06 20:02:39.090577
4831,20250903,20250912,12,109,1,403,345,2025-09-03,2025-09-12,2025-09-12,2025-09-12 11:19:00,2025-09-16 15:49:59.669244
4832,20250524,20250530,15,152,1,372,358,2025-05-24,2025-05-30,2025-05-30,2025-05-30 17:53:00,2025-06-02 21:15:44.065571
4833,20250219,20250222,8,26,3,112,96,2025-02-19,2025-02-22,2025-02-22,2025-02-22 08:37:00,2025-02-22 17:24:13.667161
4834,20251116,20251120,9,120,2,221,191,2025-11-16,2025-11-20,2025-11-20,2025-11-20 07:34:00,2025-11-21 19:05:49.692393
4835,20250806,20250814,11,129,2,265,251,2025-08-06,2025-08-15,2025-08-14,2025-08-14 09:26:00,2025-08-16 12:20:42.966988
4836,20250205,20250213,10,94,1,474,442,2025-02-05,2025-02-14,2025-02-13,2025-02-13 15:41:00,2025-02-16 22:34:51.290789
4837,20251130,20251205,5,198,2,160,145,2025-11-30,2025-12-05,2025-12-05,2025-12-05 11:49:00,2025-12-07 17:56:06.275498
4838,20251006,20251008,5,50,3,496,445,2025-10-06,2025-10-09,2025-10-08,2025-10-08 17:59:00,2025-10-11 20:48:49.232143
4839,20250901,20250907,12,81,1,238,219,2025-09-01,2025-09-07,2025-09-07,2025-09-07 16:11:00,2025-09-13 17:36:12.437867
4840,20250727,20250806,10,56,1,40,36,2025-07-27,2025-08-06,2025-08-06,2025-08-06 14:33:00,2025-08-12 13:38:34.484092
4841,20251010,20251015,8,7,2,350,322,2025-10-10,2025-10-15,2025-10-15,2025-10-15 07:13:00,2025-10-17 23:19:25.403388
4842,20250221,20250302,10,86,1,173,170,2025-02-21,2025-03-02,2025-03-02,2025-03-02 12:33:00,2025-03-08 02:48:35.778949
4843,20250613,20250620,14,136,2,374,323,2025-06-13,2025-06-20,2025-06-20,2025-06-20 07:54:00,2025-06-21 08:07:57.378425
4844,20250112,20250124,5,2,1,96,89,2025-01-12,2025-01-19,2025-01-24,2025-01-24 08:30:00,2025-01-26 18:23:50.609675
4845,20250216,20250220,14,45,2,438,374,2025-02-16,2025-02-20,2025-02-20,2025-02-20 16:02:00,2025-02-22 06:33:39.603978
4846,20250130,20250202,6,149,1,421,405,2025-01-30,2025-02-02,2025-02-02,2025-02-02 07:33:00,2025-02-02 18:45:19.764290
4847,20250916,20250918,15,120,1,163,154,2025-09-16,2025-09-19,2025-09-18,2025-09-18 09:17:00,2025-09-19 03:44:12.700764
4848,20250525,20250603,15,164,1,417,380,2025-05-25,2025-06-02,2025-06-03,2025-06-03 07:55:00,2025-06-06 02:41:27.618630
4849,20250528,20250602,1,41,1,43,38,2025-05-28,2025-06-03,2025-06-02,2025-06-02 16:40:00,2025-06-05 12:41:14.322570
4850,20251021,20251031,6,191,1,382,373,2025-10-21,2025-10-31,2025-10-31,2025-10-31 13:25:00,2025-11-05 05:28:52.580579
4851,20250228,20250305,10,92,1,348,310,2025-02-28,2025-03-05,2025-03-05,2025-03-05 10:31:00,2025-03-06 13:00:29.297849
4852,20250206,20250208,8,76,2,47,41,2025-02-06,2025-02-09,2025-02-08,2025-02-08 07:08:00,2025-02-09 15:36:24.137128
4853,20250129,20250201,6,150,1,58,53,2025-01-29,2025-02-01,2025-02-01,2025-02-01 08:42:00,2025-02-03 22:59:45.080229
4854,20250306,20250311,8,134,1,401,378,2025-03-06,2025-03-10,2025-03-11,2025-03-11 12:35:00,2025-03-11 17:22:51.910906
4855,20250417,20250420,5,194,3,494,422,2025-04-17,2025-04-20,2025-04-20,2025-04-20 16:48:00,2025-04-22 12:25:48.965982
4856,20250826,20250903,9,149,1,30,28,2025-08-26,2025-09-01,2025-09-03,2025-09-03 08:50:00,2025-09-08 00:59:56.581685
4857,20250425,20250429,7,181,2,193,168,2025-04-25,2025-04-29,2025-04-29,2025-04-29 13:57:00,2025-05-01 12:36:41.156310
4858,20251013,20251019,1,165,1,82,73,2025-10-13,2025-10-19,2025-10-19,2025-10-19 16:30:00,2025-10-23 23:34:45.378902
4859,20250219,20250226,3,27,1,383,366,2025-02-19,2025-02-26,2025-02-26,2025-02-26 12:37:00,2025-02-28 03:30:28.958663
4860,20251104,20251116,15,160,2,154,143,2025-11-04,2025-11-14,2025-11-16,2025-11-16 17:40:00,2025-11-21 07:36:33.812301
4861,20251127,20251201,5,35,1,425,394,2025-11-27,2025-12-02,2025-12-01,2025-12-01 15:11:00,2025-12-04 23:33:31.639675
4862,20251129,20251208,10,157,1,153,151,2025-11-29,2025-12-08,2025-12-08,2025-12-08 07:31:00,2025-12-10 07:06:36.224651
4863,20250723,20250728,6,27,2,388,347,2025-07-23,2025-07-27,2025-07-28,2025-07-28 16:19:00,2025-08-01 23:09:18.256872
4864,20251006,20251016,2,198,1,463,399,2025-10-06,2025-10-16,2025-10-16,2025-10-16 09:48:00,2025-10-17 14:30:38.800810
4865,20250110,20250120,9,97,1,478,419,2025-01-10,2025-01-20,2025-01-20,2025-01-20 08:48:00,2025-01-20 22:49:53.128112
4866,20250517,20250521,1,182,1,303,294,2025-05-17,2025-05-22,2025-05-21,2025-05-21 08:49:00,2025-05-23 07:11:42.889257
4867,20250622,20250628,3,10,3,373,355,2025-06-22,2025-06-25,2025-06-28,2025-06-28 13:35:00,2025-06-29 06:04:33.133655
4868,20250313,20250323,7,123,1,495,424,2025-03-13,2025-03-23,2025-03-23,2025-03-23 13:52:00,2025-03-26 13:10:34.969599
4869,20250417,20250426,2,186,3,220,198,2025-04-17,2025-04-26,2025-04-26,2025-04-26 13:51:00,2025-04-26 23:25:17.122520
4870,20250626,20250629,7,68,2,296,275,2025-06-26,2025-06-29,2025-06-29,2025-06-29 12:25:00,2025-07-01 07:59:19.085303
4871,20250830,20250905,8,115,2,440,384,2025-08-30,2025-09-05,2025-09-05,2025-09-05 15:56:00,2025-09-07 18:07:36.647244
4872,20250709,20250716,15,53,2,47,42,2025-07-09,2025-07-16,2025-07-16,2025-07-16 15:43:00,2025-07-19 09:44:21.183513
4873,20250706,20250713,1,59,3,156,153,2025-07-06,2025-07-13,2025-07-13,2025-07-13 16:31:00,2025-07-15 10:44:45.635265
4874,20251117,20251121,5,5,3,214,190,2025-11-17,2025-11-22,2025-11-21,2025-11-21 13:27:00,2025-11-24 00:18:16.486144
4875,20250627,20250703,13,172,3,391,359,2025-06-27,2025-07-03,2025-07-03,2025-07-03 13:08:00,2025-07-04 06:02:42.368214
4876,20250704,20250710,1,158,2,69,67,2025-07-04,2025-07-11,2025-07-10,2025-07-10 15:53:00,2025-07-12 23:29:28.300027
4877,20250527,20250601,2,67,2,429,383,2025-05-27,2025-06-01,2025-06-01,2025-06-01 08:37:00,2025-06-03 14:04:00.684906
4878,20250228,20250308,4,148,1,24,21,2025-02-28,2025-03-08,2025-03-08,2025-03-08 09:54:00,2025-03-11 02:24:29.970795
4879,20250709,20250721,15,193,1,441,432,2025-07-09,2025-07-18,2025-07-21,2025-07-21 13:22:00,2025-07-24 09:45:57.521855
4880,20250418,20250426,13,58,3,103,92,2025-04-18,2025-04-26,2025-04-26,2025-04-26 07:18:00,2025-04-28 16:00:03.655291
4881,20250726,20250804,15,78,2,288,286,2025-07-26,2025-08-02,2025-08-04,2025-08-04 12:42:00,2025-08-08 23:43:15.383618
4882,20250511,20250513,4,30,1,199,194,2025-05-11,2025-05-14,2025-05-13,2025-05-13 11:36:00,2025-05-16 02:54:34.682104
4883,20250905,20250911,4,139,2,375,322,2025-09-05,2025-09-12,2025-09-11,2025-09-11 08:52:00,2025-09-16 03:13:20.743481
4884,20250823,20250827,10,86,1,233,204,2025-08-23,2025-08-27,2025-08-27,2025-08-27 12:03:00,2025-08-30 19:48:54.636367
4885,20250113,20250122,2,182,1,284,248,2025-01-13,2025-01-22,2025-01-22,2025-01-22 13:12:00,2025-01-23 11:59:33.790466
4886,20250220,20250225,3,175,2,235,206,2025-02-20,2025-02-23,2025-02-25,2025-02-25 08:05:00,2025-02-26 11:07:57.332724
4887,20250530,20250607,6,62,1,329,325,2025-05-30,2025-06-08,2025-06-07,2025-06-07 09:29:00,2025-06-10 22:45:57.894429
4888,20251113,20251120,2,80,1,292,272,2025-11-13,2025-11-21,2025-11-20,2025-11-20 08:25:00,2025-11-21 02:34:11.147275
4889,20250112,20250118,3,144,1,104,94,2025-01-12,2025-01-16,2025-01-18,2025-01-18 16:27:00,2025-01-21 09:11:12.875449
4890,20250614,20250622,14,127,3,215,213,2025-06-14,2025-06-22,2025-06-22,2025-06-22 09:18:00,2025-06-22 18:37:59.365999
4891,20250826,20250831,10,146,1,133,121,2025-08-26,2025-08-29,2025-08-31,2025-08-31 13:40:00,2025-09-03 08:39:59.609410
4892,20250826,20250906,11,68,1,187,177,2025-08-26,2025-09-03,2025-09-06,2025-09-06 08:36:00,2025-09-09 22:31:46.069228
4893,20250303,20250306,9,116,2,388,338,2025-03-03,2025-03-06,2025-03-06,2025-03-06 09:09:00,2025-03-09 20:53:53.302507
4894,20250709,20250712,13,190,1,343,310,2025-07-09,2025-07-12,2025-07-12,2025-07-12 13:35:00,2025-07-14 00:04:51.140103
4895,20250214,20250218,2,145,1,148,133,2025-02-14,2025-02-19,2025-02-18,2025-02-18 13:27:00,2025-02-19 04:36:04.031948
4896,20250913,20250920,14,28,1,101,91,2025-09-13,2025-09-20,2025-09-20,2025-09-20 08:38:00,2025-09-23 10:30:49.138764
4897,20251116,20251126,6,176,2,254,221,2025-11-16,2025-11-22,2025-11-26,2025-11-26 09:58:00,2025-11-28 10:37:18.850069
4898,20251108,20251113,3,124,1,282,247,2025-11-08,2025-11-13,2025-11-13,2025-11-13 16:35:00,2025-11-15 22:45:46.297777
4899,20250410,20250414,9,37,1,160,150,2025-04-10,2025-04-14,2025-04-14,2025-04-14 16:20:00,2025-04-16 18:48:45.064931
4900,20250228,20250309,4,112,1,212,204,2025-02-28,2025-03-09,2025-03-09,2025-03-09 15:27:00,2025-03-11 21:11:35.529905
4901,20250709,20250721,4,94,1,194,182,2025-07-09,2025-07-17,2025-07-21,2025-07-21 11:47:00,2025-07-23 06:06:36.610183
4902,20250208,20250211,9,104,1,119,102,2025-02-08,2025-02-11,2025-02-11,2025-02-11 14:15:00,2025-02-12 16:30:38.337407
4903,20251127,20251130,15,185,3,88,80,2025-11-27,2025-12-01,2025-11-30,2025-11-30 11:12:00,2025-12-04 22:21:51.268091
4904,20250111,20250116,6,11,3,182,175,2025-01-11,2025-01-15,2025-01-16,2025-01-16 17:05:00,2025-01-18 00:13:20.567568
4905,20251014,20251019,7,176,1,27,23,2025-10-14,2025-10-19,2025-10-19,2025-10-19 15:47:00,2025-10-21 13:49:55.224090
4906,20250303,20250308,14,187,1,252,236,2025-03-03,2025-03-09,2025-03-08,2025-03-08 11:26:00,2025-03-12 18:07:47.471535
4907,20250604,20250612,14,152,3,344,302,2025-06-04,2025-06-12,2025-06-12,2025-06-12 12:31:00,2025-06-16 16:15:14.395193
4908,20250607,20250615,2,195,1,346,298,2025-06-07,2025-06-15,2025-06-15,2025-06-15 08:57:00,2025-06-17 13:13:28.758481
4909,20250521,20250528,4,127,3,234,220,2025-05-21,2025-05-28,2025-05-28,2025-05-28 17:17:00,2025-05-30 15:20:45.213182
4910,20251025,20251104,12,63,3,51,44,2025-10-25,2025-11-04,2025-11-04,2025-11-04 16:15:00,2025-11-05 20:10:09.449325
4911,20250517,20250525,7,135,1,230,202,2025-05-17,2025-05-25,2025-05-25,2025-05-25 15:44:00,2025-05-30 07:51:02.819685
4912,20251202,20251204,10,3,1,23,21,2025-12-02,2025-12-05,2025-12-04,2025-12-04 17:38:00,2025-12-07 13:02:52.584559
4913,20250813,20250819,2,143,1,270,246,2025-08-13,2025-08-19,2025-08-19,2025-08-19 16:19:00,2025-08-20 01:57:38.521303
4914,20250413,20250420,4,57,1,31,27,2025-04-13,2025-04-21,2025-04-20,2025-04-20 16:14:00,2025-04-21 08:09:09.469185
4915,20250520,20250524,7,48,1,188,186,2025-05-20,2025-05-24,2025-05-24,2025-05-24 07:27:00,2025-05-24 14:38:55.952884
4916,20250804,20250811,14,166,3,273,245,2025-08-04,2025-08-12,2025-08-11,2025-08-11 17:49:00,2025-08-12 08:22:50.505988
4917,20250405,20250410,3,9,1,119,111,2025-04-05,2025-04-10,2025-04-10,2025-04-10 16:36:00,2025-04-13 23:50:35.184464
4918,20250424,20250504,7,164,3,464,420,2025-04-24,2025-05-04,2025-05-04,2025-05-04 17:37:00,2025-05-06 16:26:09.764854
4919,20251023,20251101,1,186,2,187,163,2025-10-23,2025-11-01,2025-11-01,2025-11-01 07:22:00,2025-11-06 10:02:25.129834
4920,20250425,20250502,10,13,1,28,27,2025-04-25,2025-05-03,2025-05-02,2025-05-02 11:03:00,2025-05-03 08:31:33.277670
4921,20250708,20250716,8,90,3,83,81,2025-07-08,2025-07-16,2025-07-16,2025-07-16 16:26:00,2025-07-17 01:25:58.629895
4922,20250105,20250113,15,2,2,382,359,2025-01-05,2025-01-12,2025-01-13,2025-01-13 17:13:00,2025-01-16 15:52:39.661743
4923,20250125,20250203,5,44,2,316,313,2025-01-25,2025-02-04,2025-02-03,2025-02-03 09:15:00,2025-02-06 09:14:36.857913
4924,20250131,20250206,3,140,2,434,380,2025-01-31,2025-02-07,2025-02-06,2025-02-06 14:15:00,2025-02-08 06:40:34.827758
4925,20250724,20250801,13,115,1,359,314,2025-07-24,2025-08-01,2025-08-01,2025-08-01 09:27:00,2025-08-03 13:57:50.179578
4926,20250123,20250131,1,50,3,497,450,2025-01-23,2025-01-31,2025-01-31,2025-01-31 12:10:00,2025-02-03 03:54:05.264406
4927,20251105,20251110,12,87,2,427,426,2025-11-05,2025-11-11,2025-11-10,2025-11-10 14:53:00,2025-11-12 20:34:12.448303
4928,20250302,20250314,5,186,2,300,295,2025-03-02,2025-03-11,2025-03-14,2025-03-14 09:18:00,2025-03-15 13:00:24.194359
4929,20251005,20251013,9,67,2,320,297,2025-10-05,2025-10-11,2025-10-13,2025-10-13 09:03:00,2025-10-15 02:24:47.630603
4930,20250704,20250711,1,199,1,187,185,2025-07-04,2025-07-11,2025-07-11,2025-07-11 10:26:00,2025-07-11 17:03:00.370063
4931,20250522,20250601,3,67,3,316,270,2025-05-22,2025-06-01,2025-06-01,2025-06-01 08:18:00,2025-06-04 15:04:16.557083
4932,20250712,20250715,9,97,1,267,256,2025-07-12,2025-07-16,2025-07-15,2025-07-15 07:53:00,2025-07-22 00:45:21.917244
4933,20250519,20250522,5,186,3,388,385,2025-05-19,2025-05-22,2025-05-22,2025-05-22 13:39:00,2025-05-24 02:32:32.303418
4934,20251013,20251020,12,189,2,419,415,2025-10-13,2025-10-20,2025-10-20,2025-10-20 11:09:00,2025-10-24 01:27:50.173681
4935,20250320,20250322,13,164,2,438,396,2025-03-20,2025-03-23,2025-03-22,2025-03-22 17:48:00,2025-03-23 22:00:28.326286
4936,20250421,20250428,3,200,2,160,139,2025-04-21,2025-04-26,2025-04-28,2025-04-28 16:02:00,2025-05-03 09:56:13.961875
4937,20250906,20250915,6,137,2,279,263,2025-09-06,2025-09-11,2025-09-15,2025-09-15 12:12:00,2025-09-18 06:52:19.982871
4938,20250311,20250321,6,182,1,181,176,2025-03-11,2025-03-20,2025-03-21,2025-03-21 13:17:00,2025-03-23 00:47:31.029259
4939,20250209,20250214,9,55,3,74,63,2025-02-09,2025-02-14,2025-02-14,2025-02-14 17:32:00,2025-02-15 09:44:39.034399
4940,20250818,20250825,4,54,1,486,458,2025-08-18,2025-08-25,2025-08-25,2025-08-25 14:47:00,2025-08-26 17:25:29.028521
4941,20250720,20250731,4,103,2,423,387,2025-07-20,2025-07-28,2025-07-31,2025-07-31 07:17:00,2025-07-31 09:17:00.000000
4942,20251112,20251124,10,161,2,173,172,2025-11-12,2025-11-22,2025-11-24,2025-11-24 17:10:00,2025-11-28 15:03:40.993004
4943,20250127,20250201,15,187,2,474,452,2025-01-27,2025-01-30,2025-02-01,2025-02-01 12:47:00,2025-02-04 03:41:49.127484
4944,20251008,20251016,11,89,1,72,65,2025-10-08,2025-10-17,2025-10-16,2025-10-16 16:12:00,2025-10-17 05:37:19.316202
4945,20250606,20250609,13,104,1,87,75,2025-06-06,2025-06-10,2025-06-09,2025-06-09 16:27:00,2025-06-10 13:55:04.620256
4946,20251115,20251129,1,137,2,498,484,2025-11-15,2025-11-24,2025-11-29,2025-11-29 10:01:00,2025-12-02 23:27:57.879725
4947,20250913,20250922,9,26,1,327,319,2025-09-13,2025-09-22,2025-09-22,2025-09-22 08:27:00,2025-09-28 14:17:37.253410
4948,20250730,20250809,8,94,2,252,237,2025-07-30,2025-08-09,2025-08-09,2025-08-09 17:08:00,2025-08-11 05:26:54.507100
4949,20250304,20250318,5,65,2,204,186,2025-03-04,2025-03-14,2025-03-18,2025-03-18 09:38:00,2025-03-20 23:47:42.855347
4950,20250530,20250606,15,77,1,410,388,2025-05-30,2025-06-05,2025-06-06,2025-06-06 07:17:00,2025-06-07 20:27:30.918073
4951,20250403,20250408,15,156,2,414,413,2025-04-03,2025-04-08,2025-04-08,2025-04-08 10:15:00,2025-04-10 22:59:35.446827
4952,20251119,20251129,3,60,2,122,113,2025-11-19,2025-11-29,2025-11-29,2025-11-29 12:03:00,2025-12-01 13:54:04.499153
4953,20251007,20251018,11,44,1,117,105,2025-10-07,2025-10-13,2025-10-18,2025-10-18 08:03:00,2025-10-19 18:12:09.498795
4954,20250515,20250520,6,88,1,139,134,2025-05-15,2025-05-19,2025-05-20,2025-05-20 16:16:00,2025-05-26 19:55:06.349226
4955,20250419,20250429,13,28,1,455,450,2025-04-19,2025-04-29,2025-04-29,2025-04-29 14:13:00,2025-04-30 23:11:11.934580
4956,20250123,20250201,9,37,2,488,434,2025-01-23,2025-02-01,2025-02-01,2025-02-01 17:26:00,2025-02-01 20:10:47.816812
4957,20251130,20251207,11,91,2,175,170,2025-11-30,2025-12-05,2025-12-07,2025-12-07 11:16:00,2025-12-10 02:16:22.615249
4958,20250728,20250803,12,64,1,138,123,2025-07-28,2025-08-04,2025-08-03,2025-08-03 07:51:00,2025-08-06 01:34:54.297877
4959,20250823,20250902,7,198,1,277,242,2025-08-23,2025-09-02,2025-09-02,2025-09-02 13:51:00,2025-09-06 00:05:46.861018
4960,20251025,20251030,5,128,3,77,70,2025-10-25,2025-10-28,2025-10-30,2025-10-30 08:21:00,2025-10-31 10:33:31.914640
4961,20250331,20250404,15,119,1,330,297,2025-03-31,2025-04-04,2025-04-04,2025-04-04 16:29:00,2025-04-06 14:32:14.711301
4962,20250324,20250330,8,133,2,27,26,2025-03-24,2025-03-30,2025-03-30,2025-03-30 12:07:00,2025-03-30 22:29:21.369206
4963,20250529,20250605,3,126,2,102,99,2025-05-29,2025-06-05,2025-06-05,2025-06-05 13:26:00,2025-06-08 09:25:23.018224
4964,20251101,20251106,14,16,2,144,131,2025-11-01,2025-11-07,2025-11-06,2025-11-06 16:06:00,2025-11-15 08:27:43.001549
4965,20250624,20250701,15,104,1,69,61,2025-06-24,2025-06-28,2025-07-01,2025-07-01 12:05:00,2025-07-02 06:33:03.639493
4966,20251201,20251213,15,92,1,461,397,2025-12-01,2025-12-11,2025-12-13,2025-12-13 11:57:00,2025-12-15 16:08:17.689981
4967,20250729,20250801,1,129,1,186,158,2025-07-29,2025-08-01,2025-08-01,2025-08-01 09:25:00,2025-08-05 10:04:35.042662
4968,20250918,20250930,9,52,1,244,227,2025-09-18,2025-09-27,2025-09-30,2025-09-30 09:33:00,2025-10-05 15:11:20.017930
4969,20250410,20250414,3,129,3,478,471,2025-04-10,2025-04-14,2025-04-14,2025-04-14 16:25:00,2025-04-15 22:13:41.702229
4970,20250228,20250303,7,46,1,147,141,2025-02-28,2025-03-03,2025-03-03,2025-03-03 16:20:00,2025-03-07 08:01:37.971005
4971,20250202,20250210,8,147,2,434,403,2025-02-02,2025-02-11,2025-02-10,2025-02-10 08:06:00,2025-02-11 10:51:06.851948
4972,20250118,20250125,3,80,2,269,266,2025-01-18,2025-01-26,2025-01-25,2025-01-25 11:45:00,2025-01-26 04:45:21.267169
4973,20250310,20250313,13,5,1,225,213,2025-03-10,2025-03-13,2025-03-13,2025-03-13 14:32:00,2025-03-21 09:08:22.742760
4974,20250907,20250921,15,156,3,89,79,2025-09-07,2025-09-16,2025-09-21,2025-09-21 07:06:00,2025-09-23 08:08:24.411313
4975,20250106,20250119,13,187,1,334,302,2025-01-06,2025-01-14,2025-01-19,2025-01-19 17:13:00,2025-01-20 15:34:11.300294
4976,20251201,20251209,4,112,1,305,277,2025-12-01,2025-12-09,2025-12-09,2025-12-09 11:37:00,2025-12-11 04:56:29.477615
4977,20250322,20250331,3,87,1,467,399,2025-03-22,2025-03-30,2025-03-31,2025-03-31 09:28:00,2025-04-01 22:00:27.779771
4978,20250803,20250810,12,79,2,150,129,2025-08-03,2025-08-10,2025-08-10,2025-08-10 13:04:00,2025-08-12 14:47:50.591636
4979,20250307,20250312,4,38,2,119,109,2025-03-07,2025-03-10,2025-03-12,2025-03-12 07:47:00,2025-03-13 18:15:29.132340
4980,20250325,20250331,2,18,1,228,211,2025-03-25,2025-03-31,2025-03-31,2025-03-31 14:29:00,2025-04-05 03:49:51.738672
4981,20250307,20250317,8,168,2,419,415,2025-03-07,2025-03-17,2025-03-17,2025-03-17 10:21:00,2025-03-19 07:33:19.597966
4982,20250820,20250824,12,5,2,182,181,2025-08-20,2025-08-24,2025-08-24,2025-08-24 14:22:00,2025-08-31 22:37:21.118321
4983,20250125,20250203,10,145,2,456,431,2025-01-25,2025-02-03,2025-02-03,2025-02-03 07:16:00,2025-02-07 21:05:36.714085
4984,20250822,20250828,10,87,2,277,246,2025-08-22,2025-08-29,2025-08-28,2025-08-28 11:26:00,2025-08-29 08:22:52.645768
4985,20250420,20250427,2,29,2,66,60,2025-04-20,2025-04-27,2025-04-27,2025-04-27 14:10:00,2025-04-27 23:37:13.264878
4986,20251023,20251106,1,94,2,270,256,2025-10-23,2025-11-02,2025-11-06,2025-11-06 09:50:00,2025-11-09 10:15:29.285588
4987,20250613,20250621,11,146,1,82,77,2025-06-13,2025-06-21,2025-06-21,2025-06-21 12:30:00,2025-06-24 23:55:32.521497
4988,20250727,20250804,3,84,2,415,386,2025-07-27,2025-08-04,2025-08-04,2025-08-04 11:29:00,2025-08-05 21:45:57.244691
4989,20250421,20250425,4,105,1,301,287,2025-04-21,2025-04-26,2025-04-25,2025-04-25 15:46:00,2025-04-26 09:07:24.587650
4990,20250409,20250413,8,29,1,441,425,2025-04-09,2025-04-13,2025-04-13,2025-04-13 16:02:00,2025-04-14 16:31:18.657751
4991,20250504,20250513,1,195,2,191,168,2025-05-04,2025-05-11,2025-05-13,2025-05-13 10:29:00,2025-05-16 17:32:28.835962
4992,20250713,20250718,11,48,1,148,135,2025-07-13,2025-07-18,2025-07-18,2025-07-18 17:19:00,2025-07-19 03:58:19.529634
4993,20250712,20250717,8,74,1,350,302,2025-07-12,2025-07-17,2025-07-17,2025-07-17 15:59:00,2025-07-20 01:38:15.032560
4994,20251127,20251209,11,114,1,384,379,2025-11-27,2025-12-04,2025-12-09,2025-12-09 16:23:00,2025-12-12 16:08:27.205299
4995,20250806,20250814,3,129,1,224,210,2025-08-06,2025-08-15,2025-08-14,2025-08-14 14:31:00,2025-08-16 05:29:31.489662
4996,20250714,20250718,4,149,3,474,422,2025-07-14,2025-07-18,2025-07-18,2025-07-18 07:51:00,2025-07-19 22:09:59.428224
4997,20250626,20250701,9,23,1,379,365,2025-06-26,2025-07-01,2025-07-01,2025-07-01 07:25:00,2025-07-05 17:08:32.217201
4998,20250213,20250217,7,140,1,375,347,2025-02-13,2025-02-16,2025-02-17,2025-02-17 11:43:00,2025-02-18 00:00:11.849051
4999,20250529,20250606,14,147,2,110,103,2025-05-29,2025-06-02,2025-06-06,2025-06-06 17:32:00,2025-06-10 14:58:53.509811
5000,20250625,20250702,4,196,2,221,209,2025-06-25,2025-06-28,2025-07-02,2025-07-02 11:44:00,2025-07-04 21:43:17.700038
5001,20251113,20251116,2,114,1,212,195,2025-11-13,2025-11-16,2025-11-16,2025-11-16 15:37:00,2025-11-17 14:30:49.014316
5002,20250424,20250430,10,173,2,498,430,2025-04-24,2025-04-30,2025-04-30,2025-04-30 14:08:00,2025-05-02 13:07:25.088926
5003,20250217,20250225,15,107,2,297,272,2025-02-17,2025-02-25,2025-02-25,2025-02-25 16:33:00,2025-02-28 00:01:31.680315
5004,20250914,20250923,11,24,1,274,254,2025-09-14,2025-09-23,2025-09-23,2025-09-23 09:15:00,2025-09-26 15:48:22.259871
5005,20250831,20250910,6,90,2,437,428,2025-08-31,2025-09-10,2025-09-10,2025-09-10 13:18:00,2025-09-13 14:53:05.076543
5006,20251205,20251212,4,79,1,356,318,2025-12-05,2025-12-12,2025-12-12,2025-12-12 14:38:00,2025-12-13 19:41:34.912896
5007,20251116,20251125,1,128,2,363,331,2025-11-16,2025-11-20,2025-11-25,2025-11-25 10:39:00,2025-11-28 16:51:12.518020
5008,20250823,20250828,7,123,3,230,201,2025-08-23,2025-08-29,2025-08-28,2025-08-28 07:53:00,2025-08-29 06:12:28.126532
5009,20250924,20250930,12,48,3,86,75,2025-09-24,2025-09-30,2025-09-30,2025-09-30 08:55:00,2025-10-02 15:58:30.031114
5010,20251105,20251112,5,100,2,439,376,2025-11-05,2025-11-12,2025-11-12,2025-11-12 12:46:00,2025-11-12 15:05:34.501814
5011,20250925,20250930,12,28,1,29,26,2025-09-25,2025-09-30,2025-09-30,2025-09-30 07:08:00,2025-10-01 02:46:17.697278
5012,20250920,20250927,15,185,1,393,380,2025-09-20,2025-09-26,2025-09-27,2025-09-27 13:03:00,2025-09-29 16:39:28.502440
5013,20251014,20251022,3,10,3,221,218,2025-10-14,2025-10-22,2025-10-22,2025-10-22 14:19:00,2025-10-23 16:47:35.156292
5014,20250208,20250215,6,7,1,258,251,2025-02-08,2025-02-11,2025-02-15,2025-02-15 12:59:00,2025-02-21 07:59:39.907662
5015,20250614,20250627,5,11,3,447,381,2025-06-14,2025-06-23,2025-06-27,2025-06-27 15:53:00,2025-06-29 13:26:17.966265
5016,20250223,20250305,12,105,2,180,179,2025-02-23,2025-03-05,2025-03-05,2025-03-05 17:59:00,2025-03-10 10:57:27.672144
5017,20251004,20251008,10,45,1,30,28,2025-10-04,2025-10-09,2025-10-08,2025-10-08 12:04:00,2025-10-11 08:25:26.106017
5018,20250924,20251002,4,92,3,492,455,2025-09-24,2025-10-02,2025-10-02,2025-10-02 14:33:00,2025-10-05 07:39:45.092008
5019,20251113,20251121,15,96,3,428,377,2025-11-13,2025-11-18,2025-11-21,2025-11-21 10:16:00,2025-11-25 03:16:54.222618
5020,20250111,20250119,8,2,1,464,434,2025-01-11,2025-01-19,2025-01-19,2025-01-19 08:08:00,2025-01-21 19:55:14.737501
5021,20250417,20250421,5,118,2,66,60,2025-04-17,2025-04-22,2025-04-21,2025-04-21 07:23:00,2025-04-23 00:50:42.113356
5022,20250422,20250430,15,69,1,392,375,2025-04-22,2025-05-01,2025-04-30,2025-04-30 12:00:00,2025-05-04 05:27:20.023819
5023,20250316,20250321,12,37,3,145,142,2025-03-16,2025-03-21,2025-03-21,2025-03-21 13:39:00,2025-03-24 09:31:19.122778
5024,20250311,20250318,3,19,1,360,308,2025-03-11,2025-03-18,2025-03-18,2025-03-18 12:07:00,2025-03-20 00:13:59.370349
5025,20250630,20250708,15,172,3,227,204,2025-06-30,2025-07-08,2025-07-08,2025-07-08 15:41:00,2025-07-09 22:08:34.157386
5026,20251014,20251024,3,42,1,322,298,2025-10-14,2025-10-24,2025-10-24,2025-10-24 09:58:00,2025-10-28 09:14:25.592050
5027,20250223,20250227,8,129,1,441,374,2025-02-23,2025-02-27,2025-02-27,2025-02-27 17:01:00,2025-03-02 16:13:26.303784
5028,20251020,20251102,2,97,3,120,116,2025-10-20,2025-10-28,2025-11-02,2025-11-02 16:27:00,2025-11-03 01:19:21.454807
5029,20250902,20250914,7,114,3,343,298,2025-09-02,2025-09-11,2025-09-14,2025-09-14 16:47:00,2025-09-16 21:53:31.357149
5030,20251006,20251016,7,121,2,167,146,2025-10-06,2025-10-16,2025-10-16,2025-10-16 16:47:00,2025-10-21 05:35:03.417515
5031,20250219,20250226,10,50,1,445,441,2025-02-19,2025-02-26,2025-02-26,2025-02-26 11:58:00,2025-03-01 11:30:08.158497
5032,20251002,20251011,3,112,2,465,455,2025-10-02,2025-10-12,2025-10-11,2025-10-11 10:46:00,2025-10-13 09:13:49.849904
5033,20250921,20251005,11,17,1,334,285,2025-09-21,2025-10-01,2025-10-05,2025-10-05 08:44:00,2025-10-08 21:44:01.307122
5034,20250411,20250422,11,148,1,380,356,2025-04-11,2025-04-21,2025-04-22,2025-04-22 08:29:00,2025-04-24 21:04:16.245983
5035,20250604,20250613,13,17,1,454,443,2025-06-04,2025-06-14,2025-06-13,2025-06-13 16:47:00,2025-06-19 01:29:57.708018
5036,20250608,20250611,1,14,1,456,420,2025-06-08,2025-06-11,2025-06-11,2025-06-11 10:36:00,2025-06-12 18:55:02.903953
5037,20251023,20251029,3,11,1,440,377,2025-10-23,2025-10-28,2025-10-29,2025-10-29 10:20:00,2025-10-29 23:59:10.070017
5038,20251121,20251125,14,153,2,341,311,2025-11-21,2025-11-25,2025-11-25,2025-11-25 08:08:00,2025-11-26 01:31:12.112844
5039,20250127,20250203,4,98,3,256,228,2025-01-27,2025-02-03,2025-02-03,2025-02-03 11:26:00,2025-02-04 16:24:01.506702
5040,20250213,20250219,11,32,3,490,476,2025-02-13,2025-02-19,2025-02-19,2025-02-19 09:15:00,2025-02-24 15:01:35.590458
5041,20250206,20250213,11,140,2,281,253,2025-02-06,2025-02-14,2025-02-13,2025-02-13 11:22:00,2025-02-14 07:41:32.682656
5042,20250616,20250619,10,64,1,392,368,2025-06-16,2025-06-19,2025-06-19,2025-06-19 15:45:00,2025-06-20 18:51:40.133455
5043,20251027,20251030,11,151,1,432,399,2025-10-27,2025-10-30,2025-10-30,2025-10-30 16:41:00,2025-11-01 12:38:51.978110
5044,20250615,20250619,3,81,1,233,223,2025-06-15,2025-06-19,2025-06-19,2025-06-19 12:04:00,2025-06-20 01:19:48.218958
5045,20250606,20250613,1,137,3,88,84,2025-06-06,2025-06-13,2025-06-13,2025-06-13 08:50:00,2025-06-16 05:21:11.834330
5046,20250606,20250615,3,20,1,305,271,2025-06-06,2025-06-16,2025-06-15,2025-06-15 11:41:00,2025-06-19 10:15:40.737169
5047,20250213,20250219,12,61,1,221,213,2025-02-13,2025-02-19,2025-02-19,2025-02-19 13:10:00,2025-02-22 03:51:31.824879
5048,20250203,20250208,9,26,3,300,290,2025-02-03,2025-02-08,2025-02-08,2025-02-08 09:21:00,2025-02-11 09:38:21.297888
5049,20251006,20251014,7,76,1,199,179,2025-10-06,2025-10-15,2025-10-14,2025-10-14 09:51:00,2025-10-15 21:49:20.948946
5050,20251024,20251102,9,181,2,221,194,2025-10-24,2025-11-02,2025-11-02,2025-11-02 08:14:00,2025-11-06 19:06:18.538223
5051,20250808,20250814,9,159,1,247,245,2025-08-08,2025-08-15,2025-08-14,2025-08-14 15:52:00,2025-08-17 12:21:41.057083
5052,20250517,20250520,3,99,3,308,295,2025-05-17,2025-05-20,2025-05-20,2025-05-20 07:48:00,2025-05-21 16:46:14.107821
5053,20250601,20250610,10,37,2,199,172,2025-06-01,2025-06-10,2025-06-10,2025-06-10 08:04:00,2025-06-14 13:31:44.804499
5054,20251130,20251210,4,193,1,346,316,2025-11-30,2025-12-10,2025-12-10,2025-12-10 17:57:00,2025-12-14 01:37:10.612015
5055,20250104,20250109,7,101,2,389,348,2025-01-04,2025-01-09,2025-01-09,2025-01-09 13:10:00,2025-01-10 12:43:25.797831
5056,20250609,20250617,5,131,1,399,375,2025-06-09,2025-06-18,2025-06-17,2025-06-17 10:28:00,2025-06-18 00:43:30.043540
5057,20250923,20250929,10,96,2,138,132,2025-09-23,2025-09-29,2025-09-29,2025-09-29 08:35:00,2025-09-30 01:40:39.883280
5058,20251024,20251031,15,134,1,477,429,2025-10-24,2025-10-31,2025-10-31,2025-10-31 10:16:00,2025-11-03 23:26:49.106842
5059,20250329,20250407,1,72,1,282,276,2025-03-29,2025-04-07,2025-04-07,2025-04-07 15:47:00,2025-04-08 07:13:48.455837
5060,20250522,20250528,12,33,1,373,323,2025-05-22,2025-05-28,2025-05-28,2025-05-28 14:10:00,2025-05-31 05:43:47.326415
5061,20250430,20250508,12,186,2,288,257,2025-04-30,2025-05-05,2025-05-08,2025-05-08 08:51:00,2025-05-09 18:38:47.498732
5062,20250710,20250719,4,189,1,239,206,2025-07-10,2025-07-19,2025-07-19,2025-07-19 15:39:00,2025-07-21 05:34:49.924677
5063,20251009,20251016,3,177,1,148,145,2025-10-09,2025-10-16,2025-10-16,2025-10-16 07:51:00,2025-10-17 16:28:00.285288
5064,20250622,20250629,15,48,2,477,436,2025-06-22,2025-06-29,2025-06-29,2025-06-29 14:30:00,2025-07-01 04:01:19.692974
5065,20250920,20250923,5,147,2,424,369,2025-09-20,2025-09-23,2025-09-23,2025-09-23 08:23:00,2025-09-24 02:13:26.713653
5066,20251003,20251010,5,189,2,311,308,2025-10-03,2025-10-10,2025-10-10,2025-10-10 17:37:00,2025-10-13 03:49:31.938237
5067,20250621,20250701,7,116,1,126,125,2025-06-21,2025-06-28,2025-07-01,2025-07-01 16:06:00,2025-07-02 18:59:55.967362
5068,20250913,20250923,8,167,2,231,214,2025-09-13,2025-09-23,2025-09-23,2025-09-23 17:58:00,2025-09-28 02:55:23.536890
5069,20250301,20250310,9,120,2,71,61,2025-03-01,2025-03-11,2025-03-10,2025-03-10 11:37:00,2025-03-11 14:16:15.310527
5070,20250705,20250715,12,157,1,242,239,2025-07-05,2025-07-13,2025-07-15,2025-07-15 08:18:00,2025-07-16 04:26:32.697672
5071,20250902,20250911,14,1,1,495,449,2025-09-02,2025-09-09,2025-09-11,2025-09-11 17:31:00,2025-09-13 12:57:32.792873
5072,20250925,20251004,6,199,2,495,438,2025-09-25,2025-10-04,2025-10-04,2025-10-04 13:59:00,2025-10-05 02:48:31.003526
5073,20250617,20250626,11,19,1,268,232,2025-06-17,2025-06-26,2025-06-26,2025-06-26 16:51:00,2025-06-28 22:23:08.080736
5074,20250205,20250212,10,111,1,476,434,2025-02-05,2025-02-09,2025-02-12,2025-02-12 15:26:00,2025-02-15 14:44:45.837235
5075,20250807,20250810,3,199,2,204,188,2025-08-07,2025-08-10,2025-08-10,2025-08-10 14:29:00,2025-08-13 12:41:25.574011
5076,20250115,20250118,11,73,2,495,448,2025-01-15,2025-01-19,2025-01-18,2025-01-18 08:56:00,2025-01-20 15:27:23.082720
5077,20250911,20250915,1,2,2,439,437,2025-09-11,2025-09-16,2025-09-15,2025-09-15 07:37:00,2025-09-20 21:41:29.971283
5078,20251116,20251123,4,73,1,371,318,2025-11-16,2025-11-23,2025-11-23,2025-11-23 15:21:00,2025-11-27 21:15:57.544985
5079,20250604,20250608,9,178,1,427,424,2025-06-04,2025-06-08,2025-06-08,2025-06-08 10:33:00,2025-06-10 23:42:20.777430
5080,20250109,20250117,13,80,1,246,209,2025-01-09,2025-01-17,2025-01-17,2025-01-17 13:50:00,2025-01-18 03:50:53.401266
5081,20250228,20250304,14,59,2,324,298,2025-02-28,2025-03-04,2025-03-04,2025-03-04 16:03:00,2025-03-05 22:12:23.093750
5082,20251120,20251127,4,187,2,237,205,2025-11-20,2025-11-23,2025-11-27,2025-11-27 12:59:00,2025-12-01 10:48:36.578003
5083,20250707,20250717,14,39,3,156,147,2025-07-07,2025-07-17,2025-07-17,2025-07-17 09:10:00,2025-07-18 14:40:48.188380
5084,20251031,20251104,13,59,1,284,249,2025-10-31,2025-11-05,2025-11-04,2025-11-04 08:07:00,2025-11-05 03:14:48.622722
5085,20251019,20251022,6,147,3,336,286,2025-10-19,2025-10-22,2025-10-22,2025-10-22 07:59:00,2025-10-26 08:03:09.590010
5086,20251202,20251205,3,177,2,201,199,2025-12-02,2025-12-05,2025-12-05,2025-12-05 15:46:00,2025-12-07 23:37:26.954650
5087,20250618,20250625,8,163,1,240,206,2025-06-18,2025-06-25,2025-06-25,2025-06-25 17:18:00,2025-06-28 00:52:15.311839
5088,20250719,20250731,4,45,3,134,120,2025-07-19,2025-07-27,2025-07-31,2025-07-31 13:50:00,2025-08-01 09:34:12.492663
5089,20250624,20250704,4,22,2,498,489,2025-06-24,2025-06-29,2025-07-04,2025-07-04 08:53:00,2025-07-05 04:24:04.633993
5090,20250309,20250315,10,17,2,418,395,2025-03-09,2025-03-12,2025-03-15,2025-03-15 16:11:00,2025-03-17 06:25:35.528184
5091,20250819,20250829,12,23,1,102,98,2025-08-19,2025-08-29,2025-08-29,2025-08-29 14:17:00,2025-08-30 22:45:25.446980
5092,20251107,20251111,8,194,3,311,287,2025-11-07,2025-11-11,2025-11-11,2025-11-11 14:51:00,2025-11-14 10:41:48.366628
5093,20251001,20251009,12,25,2,414,380,2025-10-01,2025-10-09,2025-10-09,2025-10-09 09:47:00,2025-10-10 15:11:21.693965
5094,20250514,20250523,11,38,1,316,294,2025-05-14,2025-05-19,2025-05-23,2025-05-23 10:23:00,2025-05-23 19:48:39.911687
5095,20250903,20250909,3,29,2,91,88,2025-09-03,2025-09-09,2025-09-09,2025-09-09 14:21:00,2025-09-13 22:09:50.318203
5096,20250724,20250727,3,157,1,168,143,2025-07-24,2025-07-28,2025-07-27,2025-07-27 13:34:00,2025-07-29 06:33:54.601776
5097,20250222,20250228,4,143,1,58,50,2025-02-22,2025-03-01,2025-02-28,2025-02-28 13:43:00,2025-03-03 03:32:09.470316
5098,20250720,20250730,3,38,2,451,442,2025-07-20,2025-07-26,2025-07-30,2025-07-30 12:21:00,2025-07-30 19:13:34.020269
5099,20250929,20251002,2,29,2,134,126,2025-09-29,2025-10-02,2025-10-02,2025-10-02 13:33:00,2025-10-05 06:36:49.382319
5100,20250425,20250504,4,150,1,266,232,2025-04-25,2025-05-05,2025-05-04,2025-05-04 08:52:00,2025-05-06 05:42:03.452371
5101,20250516,20250519,5,57,2,448,381,2025-05-16,2025-05-19,2025-05-19,2025-05-19 13:46:00,2025-05-20 10:59:38.706055
5102,20251001,20251008,4,189,1,428,366,2025-10-01,2025-10-08,2025-10-08,2025-10-08 17:14:00,2025-10-13 10:44:02.005844
5103,20251201,20251206,2,139,3,168,161,2025-12-01,2025-12-06,2025-12-06,2025-12-06 07:02:00,2025-12-09 22:47:00.629310
5104,20250526,20250603,9,26,1,347,315,2025-05-26,2025-06-03,2025-06-03,2025-06-03 16:55:00,2025-06-09 13:06:54.047178
5105,20250723,20250801,2,150,2,303,284,2025-07-23,2025-08-01,2025-08-01,2025-08-01 07:21:00,2025-08-06 07:35:13.893180
5106,20251121,20251206,6,120,2,239,220,2025-11-21,2025-12-01,2025-12-06,2025-12-06 10:55:00,2025-12-06 21:45:37.543705
5107,20250128,20250201,3,92,2,222,206,2025-01-28,2025-02-01,2025-02-01,2025-02-01 07:26:00,2025-02-03 08:35:02.314524
5108,20250816,20250829,11,10,1,302,299,2025-08-16,2025-08-26,2025-08-29,2025-08-29 16:48:00,2025-08-30 05:03:35.134233
5109,20250622,20250626,12,54,1,48,41,2025-06-22,2025-06-26,2025-06-26,2025-06-26 14:00:00,2025-06-27 19:26:01.121817
5110,20250328,20250402,4,177,1,140,125,2025-03-28,2025-04-03,2025-04-02,2025-04-02 17:50:00,2025-04-03 13:48:19.354612
5111,20251129,20251205,10,163,1,188,182,2025-11-29,2025-12-06,2025-12-05,2025-12-05 14:19:00,2025-12-10 13:55:34.612581
5112,20250529,20250606,10,142,2,181,160,2025-05-29,2025-06-02,2025-06-06,2025-06-06 15:06:00,2025-06-07 18:08:23.643812
5113,20250311,20250319,9,104,1,213,190,2025-03-11,2025-03-19,2025-03-19,2025-03-19 07:26:00,2025-03-20 17:17:51.939284
5114,20250204,20250211,1,52,1,294,293,2025-02-04,2025-02-11,2025-02-11,2025-02-11 14:18:00,2025-02-18 00:53:40.514464
5115,20250101,20250104,1,26,2,295,266,2025-01-01,2025-01-04,2025-01-04,2025-01-04 17:38:00,2025-01-12 16:02:04.856705
5116,20250715,20250718,14,66,2,256,227,2025-07-15,2025-07-18,2025-07-18,2025-07-18 07:29:00,2025-07-20 16:58:53.625163
5117,20250531,20250608,9,132,2,34,33,2025-05-31,2025-06-08,2025-06-08,2025-06-08 17:37:00,2025-06-08 22:09:48.267435
5118,20250618,20250622,5,76,2,420,358,2025-06-18,2025-06-22,2025-06-22,2025-06-22 15:40:00,2025-06-23 00:03:48.325912
5119,20250529,20250603,13,102,1,193,180,2025-05-29,2025-06-03,2025-06-03,2025-06-03 08:18:00,2025-06-03 21:24:47.567648
5120,20250808,20250815,13,121,3,158,149,2025-08-08,2025-08-15,2025-08-15,2025-08-15 13:56:00,2025-08-18 15:53:47.285619
5121,20250723,20250730,8,92,1,160,150,2025-07-23,2025-07-31,2025-07-30,2025-07-30 10:03:00,2025-08-02 13:34:24.818045
5122,20250428,20250508,13,175,1,25,23,2025-04-28,2025-05-08,2025-05-08,2025-05-08 08:31:00,2025-05-09 18:56:56.625546
5123,20251108,20251116,15,123,3,183,165,2025-11-08,2025-11-16,2025-11-16,2025-11-16 11:17:00,2025-11-18 09:20:57.824130
5124,20250302,20250305,1,31,2,319,299,2025-03-02,2025-03-05,2025-03-05,2025-03-05 10:24:00,2025-03-07 05:06:12.177468
5125,20250708,20250715,2,181,1,88,80,2025-07-08,2025-07-16,2025-07-15,2025-07-15 16:18:00,2025-07-16 01:32:22.388126
5126,20250207,20250222,14,156,1,219,197,2025-02-07,2025-02-17,2025-02-22,2025-02-22 10:39:00,2025-02-24 23:59:43.571555
5127,20250818,20250828,15,78,3,450,414,2025-08-18,2025-08-26,2025-08-28,2025-08-28 08:44:00,2025-08-29 05:18:17.617909
5128,20250505,20250511,14,147,1,359,323,2025-05-05,2025-05-11,2025-05-11,2025-05-11 16:14:00,2025-05-12 13:57:39.162534
5129,20250622,20250627,1,78,1,255,250,2025-06-22,2025-06-26,2025-06-27,2025-06-27 15:51:00,2025-06-30 00:17:09.977765
5130,20250110,20250113,11,166,1,169,162,2025-01-10,2025-01-14,2025-01-13,2025-01-13 14:53:00,2025-01-16 10:36:53.705341
5131,20250328,20250412,6,26,1,465,396,2025-03-28,2025-04-07,2025-04-12,2025-04-12 11:03:00,2025-04-16 08:00:18.353567
5132,20250820,20250827,1,195,2,460,391,2025-08-20,2025-08-27,2025-08-27,2025-08-27 09:58:00,2025-08-31 16:50:26.511233
5133,20250415,20250419,14,157,1,164,157,2025-04-15,2025-04-19,2025-04-19,2025-04-19 11:43:00,2025-04-22 04:41:34.869410
5134,20250728,20250805,13,122,1,63,59,2025-07-28,2025-08-05,2025-08-05,2025-08-05 11:52:00,2025-08-06 12:05:00.906337
5135,20250527,20250530,7,16,1,128,115,2025-05-27,2025-05-30,2025-05-30,2025-05-30 08:30:00,2025-05-31 23:07:15.217652
5136,20250203,20250214,5,36,2,258,242,2025-02-03,2025-02-12,2025-02-14,2025-02-14 07:26:00,2025-02-15 14:21:14.813636
5137,20250420,20250426,5,101,1,139,133,2025-04-20,2025-04-26,2025-04-26,2025-04-26 17:59:00,2025-04-29 19:27:32.770838
5138,20250308,20250318,2,93,1,309,276,2025-03-08,2025-03-18,2025-03-18,2025-03-18 17:49:00,2025-03-24 19:39:56.101008
5139,20251013,20251022,7,54,3,316,282,2025-10-13,2025-10-18,2025-10-22,2025-10-22 14:57:00,2025-10-24 12:42:27.679071
5140,20250610,20250620,1,152,2,149,138,2025-06-10,2025-06-15,2025-06-20,2025-06-20 15:08:00,2025-06-21 13:45:21.672208
5141,20250509,20250513,8,139,1,262,244,2025-05-09,2025-05-13,2025-05-13,2025-05-13 07:03:00,2025-05-16 02:54:51.006206
5142,20250415,20250420,2,58,2,445,400,2025-04-15,2025-04-20,2025-04-20,2025-04-20 12:26:00,2025-04-21 01:44:09.399053
5143,20250811,20250821,10,129,1,219,210,2025-08-11,2025-08-21,2025-08-21,2025-08-21 16:13:00,2025-08-23 11:57:20.972072
5144,20250216,20250225,8,194,1,100,91,2025-02-16,2025-02-25,2025-02-25,2025-02-25 11:22:00,2025-02-27 12:44:11.037334
5145,20251102,20251111,7,111,1,64,60,2025-11-02,2025-11-12,2025-11-11,2025-11-11 12:10:00,2025-11-14 13:13:24.770786
5146,20250719,20250723,12,139,3,99,93,2025-07-19,2025-07-23,2025-07-23,2025-07-23 10:55:00,2025-07-24 06:41:43.627393
5147,20250609,20250611,6,139,3,246,218,2025-06-09,2025-06-12,2025-06-11,2025-06-11 15:56:00,2025-06-11 18:17:48.446346
5148,20250908,20250917,13,93,1,393,358,2025-09-08,2025-09-18,2025-09-17,2025-09-17 12:05:00,2025-09-19 13:50:09.488361
5149,20250508,20250516,6,166,1,222,218,2025-05-08,2025-05-12,2025-05-16,2025-05-16 10:46:00,2025-05-22 00:18:15.964886
5150,20251113,20251121,4,158,2,272,244,2025-11-13,2025-11-22,2025-11-21,2025-11-21 07:05:00,2025-11-23 05:44:35.181157
5151,20250513,20250517,10,26,1,493,481,2025-05-13,2025-05-17,2025-05-17,2025-05-17 16:03:00,2025-05-19 20:34:59.454929
5152,20250628,20250709,15,135,1,254,252,2025-06-28,2025-07-04,2025-07-09,2025-07-09 08:11:00,2025-07-11 14:40:45.760049
5153,20251109,20251121,7,186,3,47,44,2025-11-09,2025-11-19,2025-11-21,2025-11-21 07:40:00,2025-11-25 01:59:55.338525
5154,20250102,20250113,6,182,1,134,121,2025-01-02,2025-01-12,2025-01-13,2025-01-13 09:24:00,2025-01-16 19:17:27.965599
5155,20250907,20250912,15,97,3,20,19,2025-09-07,2025-09-12,2025-09-12,2025-09-12 08:30:00,2025-09-16 00:29:38.173388
5156,20250529,20250607,9,131,1,437,376,2025-05-29,2025-06-07,2025-06-07,2025-06-07 17:56:00,2025-06-08 06:38:37.230248
5157,20251008,20251016,9,71,3,72,70,2025-10-08,2025-10-16,2025-10-16,2025-10-16 15:34:00,2025-10-20 11:39:32.310772
5158,20250405,20250414,5,170,1,314,296,2025-04-05,2025-04-14,2025-04-14,2025-04-14 12:09:00,2025-04-16 02:30:15.047660
5159,20250908,20250912,8,49,3,437,380,2025-09-08,2025-09-12,2025-09-12,2025-09-12 14:44:00,2025-09-16 19:15:23.275837
5160,20250504,20250513,1,1,1,408,406,2025-05-04,2025-05-14,2025-05-13,2025-05-13 10:57:00,2025-05-15 18:26:53.192274
5161,20250417,20250427,12,92,1,52,48,2025-04-17,2025-04-27,2025-04-27,2025-04-27 17:11:00,2025-05-02 19:01:16.096954
5162,20250707,20250717,1,21,2,302,260,2025-07-07,2025-07-17,2025-07-17,2025-07-17 09:54:00,2025-07-19 23:19:21.487693
5163,20250910,20250915,10,110,1,44,37,2025-09-10,2025-09-15,2025-09-15,2025-09-15 15:28:00,2025-09-17 03:26:16.195583
5164,20250225,20250306,3,183,1,394,379,2025-02-25,2025-03-02,2025-03-06,2025-03-06 12:48:00,2025-03-07 20:10:53.931179
5165,20250731,20250810,11,11,2,272,263,2025-07-31,2025-08-05,2025-08-10,2025-08-10 11:23:00,2025-08-12 15:00:45.148311
5166,20250123,20250129,5,137,2,311,289,2025-01-23,2025-01-29,2025-01-29,2025-01-29 15:19:00,2025-02-05 17:00:42.118876
5167,20250811,20250815,3,86,2,259,241,2025-08-11,2025-08-15,2025-08-15,2025-08-15 07:21:00,2025-08-15 21:20:35.796697
5168,20250523,20250602,10,71,1,143,133,2025-05-23,2025-06-02,2025-06-02,2025-06-02 07:13:00,2025-06-08 19:05:13.416327
5169,20251015,20251023,12,182,2,277,254,2025-10-15,2025-10-23,2025-10-23,2025-10-23 17:59:00,2025-10-24 20:56:54.761706
5170,20250629,20250704,5,118,2,275,271,2025-06-29,2025-07-04,2025-07-04,2025-07-04 09:14:00,2025-07-06 22:06:08.403596
5171,20250817,20250825,14,119,3,136,126,2025-08-17,2025-08-21,2025-08-25,2025-08-25 10:44:00,2025-08-28 11:33:42.464886
5172,20250627,20250707,8,2,1,377,353,2025-06-27,2025-07-07,2025-07-07,2025-07-07 10:47:00,2025-07-08 11:13:19.890178
5173,20250123,20250129,2,142,3,60,58,2025-01-23,2025-01-30,2025-01-29,2025-01-29 16:33:00,2025-02-03 18:18:23.024283
5174,20250108,20250114,1,41,1,50,45,2025-01-08,2025-01-13,2025-01-14,2025-01-14 12:28:00,2025-01-15 20:44:25.654949
5175,20250325,20250402,8,42,2,105,100,2025-03-25,2025-04-02,2025-04-02,2025-04-02 07:13:00,2025-04-05 06:10:29.305678
5176,20250504,20250510,13,99,2,254,233,2025-05-04,2025-05-10,2025-05-10,2025-05-10 11:00:00,2025-05-11 04:48:22.349402
5177,20250126,20250204,1,197,2,357,333,2025-01-26,2025-02-02,2025-02-04,2025-02-04 08:05:00,2025-02-10 18:29:34.664579
5178,20250719,20250731,14,188,3,140,138,2025-07-19,2025-07-26,2025-07-31,2025-07-31 08:53:00,2025-08-03 22:07:28.323568
5179,20250502,20250506,6,197,1,142,125,2025-05-02,2025-05-06,2025-05-06,2025-05-06 08:09:00,2025-05-10 05:39:37.522267
5180,20250319,20250326,5,139,1,268,239,2025-03-19,2025-03-27,2025-03-26,2025-03-26 08:28:00,2025-03-28 14:42:08.024461
5181,20250708,20250716,7,90,2,150,127,2025-07-08,2025-07-17,2025-07-16,2025-07-16 13:52:00,2025-07-18 13:37:39.943807
5182,20250925,20250929,13,190,1,458,398,2025-09-25,2025-09-30,2025-09-29,2025-09-29 10:52:00,2025-10-02 07:22:43.606923
5183,20250524,20250530,9,66,1,71,61,2025-05-24,2025-05-30,2025-05-30,2025-05-30 16:07:00,2025-06-01 09:48:53.265713
5184,20250322,20250331,10,21,2,367,336,2025-03-22,2025-03-31,2025-03-31,2025-03-31 09:07:00,2025-04-02 21:20:45.527539
5185,20250305,20250315,2,126,1,267,230,2025-03-05,2025-03-15,2025-03-15,2025-03-15 14:50:00,2025-03-16 08:48:50.801813
5186,20250414,20250425,5,41,2,371,347,2025-04-14,2025-04-22,2025-04-25,2025-04-25 17:17:00,2025-04-26 19:18:04.230846
5187,20250122,20250131,5,198,2,87,75,2025-01-22,2025-02-01,2025-01-31,2025-01-31 10:04:00,2025-02-05 02:00:16.308123
5188,20250521,20250524,11,49,1,331,317,2025-05-21,2025-05-24,2025-05-24,2025-05-24 11:55:00,2025-05-24 17:05:26.606401
5189,20250429,20250507,4,79,2,358,351,2025-04-29,2025-05-07,2025-05-07,2025-05-07 17:11:00,2025-05-07 23:08:07.372235
5190,20250912,20250918,11,109,2,365,337,2025-09-12,2025-09-18,2025-09-18,2025-09-18 07:23:00,2025-09-20 01:25:22.527409
5191,20250302,20250310,5,119,2,278,264,2025-03-02,2025-03-11,2025-03-10,2025-03-10 12:35:00,2025-03-12 00:20:02.401712
5192,20250329,20250407,15,185,2,394,352,2025-03-29,2025-04-08,2025-04-07,2025-04-07 09:19:00,2025-04-09 03:41:08.958401
5193,20250306,20250309,12,112,2,304,289,2025-03-06,2025-03-09,2025-03-09,2025-03-09 17:22:00,2025-03-10 16:11:50.275185
5194,20251129,20251204,13,174,2,64,57,2025-11-29,2025-12-04,2025-12-04,2025-12-04 15:11:00,2025-12-05 22:37:34.566326
5195,20250428,20250505,14,198,2,313,299,2025-04-28,2025-05-05,2025-05-05,2025-05-05 15:22:00,2025-05-09 01:21:37.795904
5196,20250418,20250424,13,199,1,374,366,2025-04-18,2025-04-24,2025-04-24,2025-04-24 09:42:00,2025-04-26 02:43:36.875540
5197,20250526,20250607,14,1,2,166,161,2025-05-26,2025-06-05,2025-06-07,2025-06-07 15:54:00,2025-06-09 04:39:05.677499
5198,20250915,20250923,15,151,3,293,291,2025-09-15,2025-09-23,2025-09-23,2025-09-23 14:56:00,2025-09-29 17:32:11.823522
5199,20250227,20250309,5,2,1,449,388,2025-02-27,2025-03-09,2025-03-09,2025-03-09 13:17:00,2025-03-14 11:39:13.906426
5200,20250719,20250728,6,190,3,84,77,2025-07-19,2025-07-28,2025-07-28,2025-07-28 09:28:00,2025-07-30 16:48:25.086041
5201,20250820,20250825,2,68,2,377,343,2025-08-20,2025-08-25,2025-08-25,2025-08-25 15:10:00,2025-08-27 18:23:01.739865
5202,20250424,20250502,8,23,2,440,433,2025-04-24,2025-05-03,2025-05-02,2025-05-02 15:22:00,2025-05-04 17:40:46.734502
5203,20250324,20250329,4,184,1,226,203,2025-03-24,2025-03-29,2025-03-29,2025-03-29 09:03:00,2025-03-29 21:03:01.496048
5204,20251003,20251011,14,86,3,433,377,2025-10-03,2025-10-11,2025-10-11,2025-10-11 12:45:00,2025-10-17 12:09:26.253198
5205,20250414,20250424,15,46,1,284,254,2025-04-14,2025-04-24,2025-04-24,2025-04-24 10:01:00,2025-04-25 01:59:05.331702
5206,20250814,20250823,12,175,2,459,440,2025-08-14,2025-08-21,2025-08-23,2025-08-23 17:57:00,2025-08-31 03:00:05.157635
5207,20250728,20250805,1,90,1,430,414,2025-07-28,2025-08-05,2025-08-05,2025-08-05 09:40:00,2025-08-07 19:25:24.978379
5208,20250621,20250628,2,105,1,443,389,2025-06-21,2025-06-29,2025-06-28,2025-06-28 08:16:00,2025-07-01 04:43:02.407607
5209,20251020,20251022,10,24,1,310,277,2025-10-20,2025-10-23,2025-10-22,2025-10-22 09:24:00,2025-10-24 13:15:10.662621
5210,20251204,20251208,15,174,1,185,161,2025-12-04,2025-12-08,2025-12-08,2025-12-08 11:52:00,2025-12-11 07:04:51.029696
5211,20250619,20250625,4,8,1,340,305,2025-06-19,2025-06-25,2025-06-25,2025-06-25 08:44:00,2025-06-27 09:42:00.545770
5212,20250621,20250625,6,166,2,48,40,2025-06-21,2025-06-25,2025-06-25,2025-06-25 10:50:00,2025-06-29 04:40:56.910137
5213,20250901,20250911,14,137,1,267,254,2025-09-01,2025-09-11,2025-09-11,2025-09-11 10:30:00,2025-09-16 10:34:01.061894
5214,20250615,20250628,15,156,1,200,197,2025-06-15,2025-06-25,2025-06-28,2025-06-28 16:10:00,2025-06-30 03:36:55.617066
5215,20250407,20250413,2,84,1,52,49,2025-04-07,2025-04-13,2025-04-13,2025-04-13 10:35:00,2025-04-15 06:00:13.615583
5216,20250430,20250509,10,74,1,481,457,2025-04-30,2025-05-09,2025-05-09,2025-05-09 17:44:00,2025-05-12 14:33:54.178439
5217,20250816,20250823,11,93,3,330,288,2025-08-16,2025-08-24,2025-08-23,2025-08-23 14:07:00,2025-08-25 11:23:15.413540
5218,20250705,20250709,8,61,1,29,27,2025-07-05,2025-07-08,2025-07-09,2025-07-09 12:07:00,2025-07-12 19:01:17.536738
5219,20250808,20250817,4,161,1,493,463,2025-08-08,2025-08-17,2025-08-17,2025-08-17 15:22:00,2025-08-19 12:54:01.249119
5220,20250603,20250608,9,171,3,139,123,2025-06-03,2025-06-08,2025-06-08,2025-06-08 15:26:00,2025-06-10 01:47:55.175828
5221,20250716,20250721,6,160,1,167,154,2025-07-16,2025-07-21,2025-07-21,2025-07-21 08:42:00,2025-07-29 00:24:25.162540
5222,20250412,20250417,12,20,1,107,99,2025-04-12,2025-04-17,2025-04-17,2025-04-17 12:34:00,2025-04-19 23:06:11.721170
5223,20251112,20251115,9,146,3,410,372,2025-11-12,2025-11-15,2025-11-15,2025-11-15 17:23:00,2025-11-17 00:56:36.085732
5224,20251007,20251016,1,62,2,344,335,2025-10-07,2025-10-16,2025-10-16,2025-10-16 13:12:00,2025-10-22 02:41:13.009532
5225,20250916,20250923,9,14,1,371,353,2025-09-16,2025-09-23,2025-09-23,2025-09-23 11:01:00,2025-09-27 01:56:52.830708
5226,20251027,20251108,3,195,1,23,22,2025-10-27,2025-11-03,2025-11-08,2025-11-08 08:25:00,2025-11-11 06:34:39.596925
5227,20251126,20251203,5,153,1,93,81,2025-11-26,2025-12-03,2025-12-03,2025-12-03 10:57:00,2025-12-05 17:42:39.346772
5228,20250906,20250920,7,123,1,237,219,2025-09-06,2025-09-16,2025-09-20,2025-09-20 09:15:00,2025-09-22 01:40:09.397622
5229,20250925,20251002,3,107,1,250,242,2025-09-25,2025-10-02,2025-10-02,2025-10-02 12:33:00,2025-10-04 05:29:52.217878
5230,20250806,20250815,9,124,2,384,346,2025-08-06,2025-08-13,2025-08-15,2025-08-15 16:57:00,2025-08-18 08:45:16.758974
5231,20250106,20250115,10,17,2,195,174,2025-01-06,2025-01-16,2025-01-15,2025-01-15 14:38:00,2025-01-16 18:55:22.089730
5232,20250126,20250129,10,111,1,488,417,2025-01-26,2025-01-30,2025-01-29,2025-01-29 12:19:00,2025-01-31 13:19:06.740263
5233,20250712,20250722,2,97,1,48,46,2025-07-12,2025-07-22,2025-07-22,2025-07-22 17:31:00,2025-07-27 11:15:28.834358
5234,20250305,20250312,7,139,1,36,32,2025-03-05,2025-03-09,2025-03-12,2025-03-12 11:14:00,2025-03-14 10:33:03.220956
5235,20250122,20250130,14,105,2,269,247,2025-01-22,2025-01-30,2025-01-30,2025-01-30 08:56:00,2025-01-31 00:12:17.585166
5236,20251014,20251020,9,149,2,450,427,2025-10-14,2025-10-20,2025-10-20,2025-10-20 09:20:00,2025-10-21 14:00:16.433317
5237,20250723,20250801,11,17,1,157,155,2025-07-23,2025-08-02,2025-08-01,2025-08-01 17:00:00,2025-08-05 06:25:23.894769
5238,20251017,20251022,12,120,1,278,247,2025-10-17,2025-10-22,2025-10-22,2025-10-22 09:15:00,2025-10-24 00:58:46.961785
5239,20250123,20250131,9,73,1,335,295,2025-01-23,2025-02-01,2025-01-31,2025-01-31 17:53:00,2025-02-02 18:41:34.014443
5240,20250302,20250306,2,80,1,384,352,2025-03-02,2025-03-07,2025-03-06,2025-03-06 09:26:00,2025-03-08 01:18:33.077906
5241,20250207,20250213,8,39,2,141,129,2025-02-07,2025-02-14,2025-02-13,2025-02-13 14:21:00,2025-02-15 02:12:09.070934
5242,20250330,20250406,11,165,1,27,24,2025-03-30,2025-04-06,2025-04-06,2025-04-06 07:32:00,2025-04-06 15:35:27.503959
5243,20250226,20250305,13,172,3,87,83,2025-02-26,2025-03-05,2025-03-05,2025-03-05 07:12:00,2025-03-07 05:35:07.998382
5244,20250327,20250330,4,87,2,323,308,2025-03-27,2025-03-31,2025-03-30,2025-03-30 14:37:00,2025-04-02 10:51:03.878765
5245,20250420,20250427,15,160,1,407,397,2025-04-20,2025-04-27,2025-04-27,2025-04-27 14:12:00,2025-04-28 12:31:34.537986
5246,20250402,20250410,14,156,3,26,24,2025-04-02,2025-04-10,2025-04-10,2025-04-10 16:07:00,2025-04-11 20:17:03.797194
5247,20250831,20250905,15,172,2,72,64,2025-08-31,2025-09-04,2025-09-05,2025-09-05 12:34:00,2025-09-06 14:47:54.023266
5248,20251029,20251101,5,124,1,225,191,2025-10-29,2025-11-01,2025-11-01,2025-11-01 15:12:00,2025-11-06 06:27:53.043394
5249,20250216,20250223,7,38,1,25,22,2025-02-16,2025-02-19,2025-02-23,2025-02-23 09:46:00,2025-03-01 08:47:35.647765
5250,20250218,20250303,9,142,1,251,241,2025-02-18,2025-02-28,2025-03-03,2025-03-03 09:07:00,2025-03-05 15:04:55.317324
5251,20250718,20250721,11,52,2,145,130,2025-07-18,2025-07-21,2025-07-21,2025-07-21 14:53:00,2025-07-23 15:32:03.882522
5252,20250812,20250821,5,199,1,460,439,2025-08-12,2025-08-21,2025-08-21,2025-08-21 17:49:00,2025-08-24 12:59:55.935379
5253,20250628,20250710,5,134,1,143,134,2025-06-28,2025-07-08,2025-07-10,2025-07-10 10:58:00,2025-07-13 03:08:16.783024
5254,20251204,20251214,4,132,2,272,245,2025-12-04,2025-12-14,2025-12-14,2025-12-14 16:44:00,2025-12-17 05:52:42.602075
5255,20250706,20250712,8,3,1,157,138,2025-07-06,2025-07-12,2025-07-12,2025-07-12 11:47:00,2025-07-18 23:15:08.858261
5256,20250630,20250703,6,139,1,318,274,2025-06-30,2025-07-03,2025-07-03,2025-07-03 16:13:00,2025-07-06 17:17:13.727442
5257,20250403,20250406,13,56,1,390,387,2025-04-03,2025-04-06,2025-04-06,2025-04-06 09:52:00,2025-04-10 18:53:02.579278
5258,20250908,20250916,3,113,1,109,106,2025-09-08,2025-09-16,2025-09-16,2025-09-16 10:41:00,2025-09-18 23:10:29.270379
5259,20250507,20250511,2,32,1,439,427,2025-05-07,2025-05-11,2025-05-11,2025-05-11 14:06:00,2025-05-17 01:12:19.396143
5260,20250311,20250319,13,159,2,185,170,2025-03-11,2025-03-20,2025-03-19,2025-03-19 13:16:00,2025-04-01 11:28:23.458400
5261,20251115,20251124,14,128,1,55,53,2025-11-15,2025-11-24,2025-11-24,2025-11-24 16:15:00,2025-11-28 00:20:17.524349
5262,20250614,20250623,5,72,2,52,47,2025-06-14,2025-06-23,2025-06-23,2025-06-23 07:32:00,2025-06-25 13:07:07.248004
5263,20250406,20250415,8,29,2,474,447,2025-04-06,2025-04-15,2025-04-15,2025-04-15 15:06:00,2025-04-17 12:00:59.799145
5264,20250127,20250201,13,111,1,104,92,2025-01-27,2025-01-31,2025-02-01,2025-02-01 16:14:00,2025-02-05 06:56:47.372597
5265,20250930,20251011,7,84,3,178,158,2025-09-30,2025-10-07,2025-10-11,2025-10-11 17:09:00,2025-10-14 11:36:42.980036
5266,20251016,20251024,2,115,3,24,23,2025-10-16,2025-10-24,2025-10-24,2025-10-24 07:14:00,2025-10-26 02:36:29.556792
5267,20250923,20251003,11,4,1,490,455,2025-09-23,2025-09-29,2025-10-03,2025-10-03 14:27:00,2025-10-04 04:16:23.960229
5268,20250719,20250723,8,150,2,368,336,2025-07-19,2025-07-23,2025-07-23,2025-07-23 15:12:00,2025-07-26 21:07:59.573515
5269,20250328,20250404,13,140,3,147,138,2025-03-28,2025-04-04,2025-04-04,2025-04-04 16:04:00,2025-04-07 15:50:59.645209
5270,20250617,20250622,5,83,1,344,302,2025-06-17,2025-06-22,2025-06-22,2025-06-22 15:25:00,2025-06-23 04:41:56.754840
5271,20250813,20250825,3,198,1,168,147,2025-08-13,2025-08-21,2025-08-25,2025-08-25 17:22:00,2025-08-27 13:59:01.370869
5272,20250309,20250316,5,33,1,434,417,2025-03-09,2025-03-17,2025-03-16,2025-03-16 09:44:00,2025-03-18 10:22:29.141709
5273,20250118,20250126,7,60,3,234,211,2025-01-18,2025-01-27,2025-01-26,2025-01-26 11:32:00,2025-01-28 00:36:29.676734
5274,20250920,20250927,9,159,1,209,201,2025-09-20,2025-09-27,2025-09-27,2025-09-27 15:57:00,2025-09-30 02:05:09.094118
5275,20250806,20250814,9,36,2,130,112,2025-08-06,2025-08-14,2025-08-14,2025-08-14 16:06:00,2025-08-16 05:17:40.507636
5276,20250317,20250324,8,42,3,136,121,2025-03-17,2025-03-24,2025-03-24,2025-03-24 08:09:00,2025-03-27 17:39:08.622273
5277,20250905,20250915,14,157,1,221,219,2025-09-05,2025-09-14,2025-09-15,2025-09-15 14:55:00,2025-09-17 12:26:16.838295
5278,20250504,20250510,2,177,3,411,405,2025-05-04,2025-05-11,2025-05-10,2025-05-10 09:38:00,2025-05-11 22:38:58.151444
5279,20251105,20251112,5,168,2,280,269,2025-11-05,2025-11-12,2025-11-12,2025-11-12 10:34:00,2025-11-13 20:07:42.650119
5280,20250612,20250618,9,187,2,101,100,2025-06-12,2025-06-19,2025-06-18,2025-06-18 08:08:00,2025-06-25 19:38:00.805136
5281,20250203,20250209,13,58,1,140,139,2025-02-03,2025-02-09,2025-02-09,2025-02-09 15:39:00,2025-02-09 23:03:21.452465
5282,20250119,20250124,6,24,2,290,254,2025-01-19,2025-01-22,2025-01-24,2025-01-24 13:28:00,2025-01-26 11:27:37.462200
5283,20250217,20250224,13,189,1,324,304,2025-02-17,2025-02-22,2025-02-24,2025-02-24 11:46:00,2025-02-26 07:33:02.508031
5284,20250314,20250322,7,159,3,396,341,2025-03-14,2025-03-21,2025-03-22,2025-03-22 12:13:00,2025-03-24 13:50:09.389605
5285,20250822,20250903,15,192,1,355,309,2025-08-22,2025-08-30,2025-09-03,2025-09-03 10:45:00,2025-09-05 05:24:25.320328
5286,20250529,20250531,6,49,2,384,367,2025-05-29,2025-06-01,2025-05-31,2025-05-31 17:41:00,2025-06-01 20:31:46.699941
5287,20250419,20250427,2,105,2,66,64,2025-04-19,2025-04-28,2025-04-27,2025-04-27 14:46:00,2025-04-28 21:08:17.763385
5288,20250623,20250630,13,179,2,86,77,2025-06-23,2025-06-29,2025-06-30,2025-06-30 14:42:00,2025-07-04 18:25:50.905151
5289,20250301,20250304,3,185,2,381,328,2025-03-01,2025-03-04,2025-03-04,2025-03-04 15:53:00,2025-03-05 09:23:01.383885
5290,20251027,20251105,14,199,3,106,101,2025-10-27,2025-11-02,2025-11-05,2025-11-05 15:06:00,2025-11-06 21:27:47.081627
5291,20250213,20250221,15,131,1,362,313,2025-02-13,2025-02-16,2025-02-21,2025-02-21 09:16:00,2025-02-22 11:34:52.315848
5292,20250901,20250911,8,85,1,185,158,2025-09-01,2025-09-11,2025-09-11,2025-09-11 13:31:00,2025-09-12 22:04:08.617620
5293,20251105,20251108,15,134,1,288,278,2025-11-05,2025-11-09,2025-11-08,2025-11-08 15:18:00,2025-11-10 05:32:26.624491
5294,20250203,20250216,15,51,3,279,271,2025-02-03,2025-02-11,2025-02-16,2025-02-16 09:43:00,2025-02-18 10:01:38.883649
5295,20250226,20250301,14,149,1,131,119,2025-02-26,2025-03-01,2025-03-01,2025-03-01 16:43:00,2025-03-06 07:05:35.055765
5296,20250119,20250125,3,164,3,319,302,2025-01-19,2025-01-23,2025-01-25,2025-01-25 12:40:00,2025-01-26 10:19:42.153289
5297,20250105,20250114,1,81,3,462,395,2025-01-05,2025-01-14,2025-01-14,2025-01-14 13:23:00,2025-01-16 17:15:23.463091
5298,20250216,20250227,12,20,1,490,434,2025-02-16,2025-02-26,2025-02-27,2025-02-27 07:29:00,2025-02-27 11:22:27.694924
5299,20250110,20250120,12,24,2,355,344,2025-01-10,2025-01-20,2025-01-20,2025-01-20 13:24:00,2025-01-22 07:24:10.560426
5300,20250225,20250305,15,56,2,385,330,2025-02-25,2025-03-05,2025-03-05,2025-03-05 14:59:00,2025-03-11 03:29:58.051765
5301,20250220,20250227,6,102,1,315,293,2025-02-20,2025-02-27,2025-02-27,2025-02-27 09:26:00,2025-02-28 18:11:09.981765
5302,20250811,20250818,7,35,2,138,137,2025-08-11,2025-08-14,2025-08-18,2025-08-18 13:01:00,2025-08-19 04:13:23.752721
5303,20250411,20250415,2,85,3,236,214,2025-04-11,2025-04-15,2025-04-15,2025-04-15 08:18:00,2025-04-17 00:27:47.958689
5304,20250930,20251008,2,29,1,220,198,2025-09-30,2025-10-08,2025-10-08,2025-10-08 17:33:00,2025-10-12 08:07:17.700301
5305,20250727,20250806,5,175,1,268,259,2025-07-27,2025-08-06,2025-08-06,2025-08-06 09:13:00,2025-08-08 20:14:32.385156
5306,20250106,20250111,6,13,3,131,115,2025-01-06,2025-01-12,2025-01-11,2025-01-11 10:31:00,2025-01-21 08:26:54.994215
5307,20250418,20250423,12,94,1,380,332,2025-04-18,2025-04-21,2025-04-23,2025-04-23 14:27:00,2025-04-27 00:13:38.330989
5308,20250714,20250719,5,95,1,310,309,2025-07-14,2025-07-19,2025-07-19,2025-07-19 10:12:00,2025-07-21 09:56:41.669238
5309,20250504,20250513,14,55,2,359,309,2025-05-04,2025-05-10,2025-05-13,2025-05-13 13:57:00,2025-05-16 13:55:51.881175
5310,20250101,20250108,6,84,1,354,329,2025-01-01,2025-01-06,2025-01-08,2025-01-08 08:03:00,2025-01-14 14:28:24.881889
5311,20250209,20250215,7,49,2,240,225,2025-02-09,2025-02-15,2025-02-15,2025-02-15 15:29:00,2025-02-20 03:38:37.155696
5312,20250628,20250703,9,83,1,402,390,2025-06-28,2025-07-04,2025-07-03,2025-07-03 11:33:00,2025-07-11 22:17:27.433685
5313,20250219,20250223,1,89,3,122,117,2025-02-19,2025-02-23,2025-02-23,2025-02-23 11:11:00,2025-02-25 09:48:21.948400
5314,20250511,20250518,11,24,2,176,166,2025-05-11,2025-05-14,2025-05-18,2025-05-18 11:46:00,2025-05-22 15:53:25.657114
5315,20250601,20250607,12,9,2,369,367,2025-06-01,2025-06-07,2025-06-07,2025-06-07 16:08:00,2025-06-10 01:36:54.480087
5316,20250909,20250913,12,11,1,382,336,2025-09-09,2025-09-14,2025-09-13,2025-09-13 07:49:00,2025-09-14 05:17:51.631009
5317,20250410,20250414,2,157,3,342,304,2025-04-10,2025-04-14,2025-04-14,2025-04-14 12:24:00,2025-04-16 23:41:20.619161
5318,20250713,20250722,7,191,1,407,363,2025-07-13,2025-07-22,2025-07-22,2025-07-22 09:47:00,2025-07-26 06:49:30.112489
5319,20251115,20251122,3,116,3,279,240,2025-11-15,2025-11-22,2025-11-22,2025-11-22 14:04:00,2025-11-26 11:03:38.016429
5320,20250818,20250823,4,161,1,89,82,2025-08-18,2025-08-23,2025-08-23,2025-08-23 11:47:00,2025-08-24 21:09:00.998110
5321,20250607,20250618,1,115,1,64,54,2025-06-07,2025-06-16,2025-06-18,2025-06-18 16:53:00,2025-06-19 17:16:56.198043
5322,20250330,20250406,7,104,3,465,432,2025-03-30,2025-04-06,2025-04-06,2025-04-06 14:51:00,2025-04-08 11:33:02.876710
5323,20250122,20250127,9,131,2,240,205,2025-01-22,2025-01-27,2025-01-27,2025-01-27 15:07:00,2025-01-31 02:14:14.405591
5324,20250310,20250316,14,20,1,422,366,2025-03-10,2025-03-14,2025-03-16,2025-03-16 08:37:00,2025-03-17 04:24:29.173747
5325,20251017,20251021,11,87,1,337,310,2025-10-17,2025-10-22,2025-10-21,2025-10-21 17:31:00,2025-10-24 04:35:15.074340
5326,20251115,20251123,14,91,1,99,85,2025-11-15,2025-11-24,2025-11-23,2025-11-23 10:42:00,2025-11-24 23:12:59.081622
5327,20251016,20251030,10,113,1,168,166,2025-10-16,2025-10-25,2025-10-30,2025-10-30 13:28:00,2025-10-31 17:28:15.311130
5328,20251028,20251031,14,34,1,108,97,2025-10-28,2025-10-31,2025-10-31,2025-10-31 11:05:00,2025-11-03 02:52:17.767218
5329,20250524,20250603,8,112,1,323,298,2025-05-24,2025-06-03,2025-06-03,2025-06-03 17:22:00,2025-06-04 06:27:06.120948
5330,20250830,20250902,3,83,3,454,405,2025-08-30,2025-09-03,2025-09-02,2025-09-02 15:42:00,2025-09-05 11:45:46.966056
5331,20250509,20250518,8,178,2,467,425,2025-05-09,2025-05-18,2025-05-18,2025-05-18 11:46:00,2025-05-19 13:54:42.774821
5332,20250917,20250926,14,12,1,474,410,2025-09-17,2025-09-23,2025-09-26,2025-09-26 07:56:00,2025-09-28 05:57:52.910219
5333,20250620,20250629,4,102,1,471,445,2025-06-20,2025-06-29,2025-06-29,2025-06-29 14:56:00,2025-07-02 15:25:46.049888
5334,20251008,20251011,15,163,2,137,132,2025-10-08,2025-10-11,2025-10-11,2025-10-11 08:29:00,2025-10-16 01:37:48.753194
5335,20251129,20251206,5,44,1,76,73,2025-11-29,2025-12-06,2025-12-06,2025-12-06 07:37:00,2025-12-11 06:30:06.092268
5336,20250725,20250807,11,135,2,475,423,2025-07-25,2025-08-04,2025-08-07,2025-08-07 09:39:00,2025-08-08 23:20:43.430033
5337,20250221,20250302,9,58,3,479,441,2025-02-21,2025-03-02,2025-03-02,2025-03-02 13:56:00,2025-03-05 21:20:56.806169
5338,20250105,20250114,8,177,1,20,17,2025-01-05,2025-01-15,2025-01-14,2025-01-14 14:22:00,2025-01-15 08:08:50.612840
5339,20250917,20250925,8,22,2,264,243,2025-09-17,2025-09-25,2025-09-25,2025-09-25 07:35:00,2025-09-27 01:59:34.542307
5340,20250909,20250913,13,116,1,438,431,2025-09-09,2025-09-14,2025-09-13,2025-09-13 16:10:00,2025-09-14 06:12:51.947505
5341,20251130,20251206,2,191,2,296,285,2025-11-30,2025-12-06,2025-12-06,2025-12-06 16:35:00,2025-12-10 04:33:52.365603
5342,20250530,20250605,13,171,3,34,29,2025-05-30,2025-06-05,2025-06-05,2025-06-05 07:04:00,2025-06-05 11:10:03.874720
5343,20250306,20250316,9,5,1,298,266,2025-03-06,2025-03-14,2025-03-16,2025-03-16 16:12:00,2025-03-17 02:32:42.839671
5344,20250813,20250826,14,80,2,213,194,2025-08-13,2025-08-21,2025-08-26,2025-08-26 10:38:00,2025-08-30 08:51:30.469844
5345,20250829,20250908,1,106,1,109,96,2025-08-29,2025-09-08,2025-09-08,2025-09-08 12:42:00,2025-09-10 13:18:50.776967
5346,20250718,20250721,9,157,1,167,152,2025-07-18,2025-07-21,2025-07-21,2025-07-21 10:18:00,2025-07-22 13:10:16.283561
5347,20250806,20250819,4,45,1,127,111,2025-08-06,2025-08-16,2025-08-19,2025-08-19 08:11:00,2025-08-22 06:01:49.208777
5348,20250330,20250402,12,14,1,253,222,2025-03-30,2025-04-02,2025-04-02,2025-04-02 10:35:00,2025-04-05 10:48:02.893511
5349,20250703,20250712,1,25,3,320,315,2025-07-03,2025-07-12,2025-07-12,2025-07-12 12:15:00,2025-07-15 00:06:01.094177
5350,20250722,20250728,1,67,1,390,379,2025-07-22,2025-07-28,2025-07-28,2025-07-28 11:14:00,2025-07-29 18:42:55.433931
5351,20250117,20250124,12,27,1,291,278,2025-01-17,2025-01-24,2025-01-24,2025-01-24 10:11:00,2025-01-25 20:30:10.406827
5352,20250402,20250411,1,59,2,331,310,2025-04-02,2025-04-11,2025-04-11,2025-04-11 15:30:00,2025-04-11 20:39:27.838294
5353,20250928,20251001,13,131,1,133,116,2025-09-28,2025-10-01,2025-10-01,2025-10-01 14:06:00,2025-10-03 01:55:39.600555
5354,20250121,20250130,10,134,1,205,179,2025-01-21,2025-01-30,2025-01-30,2025-01-30 08:15:00,2025-02-04 04:03:01.156291
5355,20250807,20250811,6,83,3,174,163,2025-08-07,2025-08-11,2025-08-11,2025-08-11 07:16:00,2025-08-12 22:29:09.253607
5356,20250126,20250131,4,153,1,403,349,2025-01-26,2025-02-01,2025-01-31,2025-01-31 15:05:00,2025-02-01 05:04:07.872655
5357,20250701,20250705,11,139,2,247,211,2025-07-01,2025-07-05,2025-07-05,2025-07-05 15:22:00,2025-07-09 21:35:08.193390
5358,20250502,20250509,6,4,1,152,130,2025-05-02,2025-05-08,2025-05-09,2025-05-09 12:08:00,2025-05-11 07:07:24.180331
5359,20250318,20250330,5,139,2,65,57,2025-03-18,2025-03-28,2025-03-30,2025-03-30 13:41:00,2025-04-01 05:53:25.243272
5360,20250313,20250321,15,114,2,155,143,2025-03-13,2025-03-21,2025-03-21,2025-03-21 13:02:00,2025-03-25 23:51:55.957302
5361,20251019,20251023,6,30,1,228,209,2025-10-19,2025-10-23,2025-10-23,2025-10-23 17:35:00,2025-10-26 12:55:24.701002
5362,20250323,20250330,4,151,1,432,430,2025-03-23,2025-03-30,2025-03-30,2025-03-30 08:55:00,2025-03-30 22:12:42.928905
5363,20250601,20250604,13,166,1,419,408,2025-06-01,2025-06-04,2025-06-04,2025-06-04 12:27:00,2025-06-04 23:33:51.836673
5364,20250620,20250628,8,78,2,314,275,2025-06-20,2025-06-27,2025-06-28,2025-06-28 17:20:00,2025-07-01 16:01:45.148122
5365,20250628,20250703,1,25,2,90,78,2025-06-28,2025-07-03,2025-07-03,2025-07-03 09:52:00,2025-07-04 21:36:28.887966
5366,20250130,20250204,10,95,3,497,462,2025-01-30,2025-02-04,2025-02-04,2025-02-04 15:45:00,2025-02-06 09:37:15.145843
5367,20250522,20250524,8,91,1,474,425,2025-05-22,2025-05-25,2025-05-24,2025-05-24 15:03:00,2025-05-28 01:05:49.138322
5368,20250804,20250814,7,135,2,298,265,2025-08-04,2025-08-10,2025-08-14,2025-08-14 10:32:00,2025-08-15 15:10:37.337955
5369,20250111,20250120,15,74,1,317,295,2025-01-11,2025-01-16,2025-01-20,2025-01-20 16:36:00,2025-01-21 10:24:26.745601
5370,20251108,20251111,13,119,2,48,42,2025-11-08,2025-11-11,2025-11-11,2025-11-11 11:56:00,2025-11-14 08:56:04.344495
5371,20250929,20251001,7,30,1,254,217,2025-09-29,2025-10-02,2025-10-01,2025-10-01 10:32:00,2025-10-02 14:50:36.046288
5372,20250718,20250728,14,44,1,94,82,2025-07-18,2025-07-28,2025-07-28,2025-07-28 08:11:00,2025-07-31 08:40:39.683449
5373,20250820,20250825,2,124,2,110,104,2025-08-20,2025-08-25,2025-08-25,2025-08-25 07:12:00,2025-08-26 23:46:37.704054
5374,20251025,20251103,1,103,1,389,342,2025-10-25,2025-11-03,2025-11-03,2025-11-03 15:33:00,2025-11-03 23:31:47.095884
5375,20250404,20250407,4,124,3,474,414,2025-04-04,2025-04-08,2025-04-07,2025-04-07 12:31:00,2025-04-15 21:20:26.914313
5376,20250418,20250421,8,115,2,318,305,2025-04-18,2025-04-22,2025-04-21,2025-04-21 13:37:00,2025-04-21 18:42:51.124052
5377,20250521,20250528,6,13,2,409,406,2025-05-21,2025-05-28,2025-05-28,2025-05-28 16:05:00,2025-06-02 10:22:57.577541
5378,20250102,20250112,15,66,1,52,45,2025-01-02,2025-01-12,2025-01-12,2025-01-12 16:47:00,2025-01-12 22:05:30.850012
5379,20250206,20250212,14,51,2,280,244,2025-02-06,2025-02-12,2025-02-12,2025-02-12 12:23:00,2025-02-14 04:55:02.787513
5380,20250922,20250929,11,127,2,285,257,2025-09-22,2025-09-29,2025-09-29,2025-09-29 08:16:00,2025-10-03 07:00:26.406713
5381,20250117,20250127,4,19,2,482,465,2025-01-17,2025-01-27,2025-01-27,2025-01-27 07:53:00,2025-01-29 07:50:30.541544
5382,20250319,20250326,11,151,1,178,161,2025-03-19,2025-03-26,2025-03-26,2025-03-26 15:05:00,2025-03-28 16:42:45.785273
5383,20250217,20250224,10,127,3,412,396,2025-02-17,2025-02-24,2025-02-24,2025-02-24 16:27:00,2025-02-25 20:02:39.607177
5384,20250828,20250902,4,152,1,268,263,2025-08-28,2025-09-02,2025-09-02,2025-09-02 13:14:00,2025-09-05 19:50:54.104243
5385,20250706,20250716,9,71,3,236,228,2025-07-06,2025-07-16,2025-07-16,2025-07-16 09:55:00,2025-07-18 06:52:52.136720
5386,20251125,20251201,7,15,1,166,152,2025-11-25,2025-11-28,2025-12-01,2025-12-01 16:59:00,2025-12-03 09:11:55.496088
5387,20251024,20251031,13,183,1,146,134,2025-10-24,2025-10-31,2025-10-31,2025-10-31 10:47:00,2025-11-02 13:32:48.716708
5388,20251128,20251203,14,11,2,172,170,2025-11-28,2025-12-04,2025-12-03,2025-12-03 16:12:00,2025-12-04 03:31:20.821491
5389,20250729,20250804,15,141,3,64,63,2025-07-29,2025-08-04,2025-08-04,2025-08-04 13:59:00,2025-08-06 16:26:21.285203
5390,20250708,20250713,3,3,2,221,206,2025-07-08,2025-07-13,2025-07-13,2025-07-13 10:14:00,2025-07-16 06:27:25.597257
5391,20250310,20250315,2,68,2,448,405,2025-03-10,2025-03-16,2025-03-15,2025-03-15 09:38:00,2025-03-17 13:31:49.408442
5392,20250524,20250604,1,151,3,54,47,2025-05-24,2025-05-31,2025-06-04,2025-06-04 13:41:00,2025-06-06 13:37:53.008264
5393,20250913,20250916,2,27,2,449,419,2025-09-13,2025-09-16,2025-09-16,2025-09-16 11:34:00,2025-09-17 14:32:04.014243
5394,20251111,20251121,3,49,2,274,268,2025-11-11,2025-11-21,2025-11-21,2025-11-21 15:20:00,2025-11-25 19:59:50.383338
5395,20250616,20250626,6,148,1,47,42,2025-06-16,2025-06-26,2025-06-26,2025-06-26 14:40:00,2025-06-30 19:53:51.505331
5396,20250322,20250328,10,50,3,353,348,2025-03-22,2025-03-28,2025-03-28,2025-03-28 07:39:00,2025-03-29 14:08:14.979933
5397,20250212,20250227,6,101,3,120,119,2025-02-12,2025-02-22,2025-02-27,2025-02-27 16:05:00,2025-03-01 16:51:39.694265
5398,20250624,20250627,12,37,2,383,341,2025-06-24,2025-06-27,2025-06-27,2025-06-27 14:44:00,2025-06-30 17:39:44.052408
5399,20250721,20250725,12,129,3,313,278,2025-07-21,2025-07-25,2025-07-25,2025-07-25 13:55:00,2025-07-29 11:48:48.167933
5400,20251204,20251209,6,134,1,151,145,2025-12-04,2025-12-10,2025-12-09,2025-12-09 13:51:00,2025-12-12 06:29:45.294758
5401,20250917,20250928,11,163,1,195,168,2025-09-17,2025-09-23,2025-09-28,2025-09-28 09:26:00,2025-09-29 12:24:28.076499
5402,20250406,20250410,10,124,1,419,413,2025-04-06,2025-04-10,2025-04-10,2025-04-10 10:58:00,2025-04-12 21:56:31.782475
5403,20250123,20250127,2,48,3,478,452,2025-01-23,2025-01-27,2025-01-27,2025-01-27 10:23:00,2025-01-31 18:15:06.955155
5404,20250504,20250511,6,108,2,100,85,2025-05-04,2025-05-11,2025-05-11,2025-05-11 09:03:00,2025-05-18 17:17:47.867924
5405,20250924,20251003,5,41,3,448,388,2025-09-24,2025-10-03,2025-10-03,2025-10-03 14:46:00,2025-10-06 15:28:20.382642
5406,20251105,20251108,6,24,1,458,417,2025-11-05,2025-11-08,2025-11-08,2025-11-08 08:09:00,2025-11-10 14:49:40.992780
5407,20250511,20250518,12,5,3,263,257,2025-05-11,2025-05-18,2025-05-18,2025-05-18 09:48:00,2025-05-21 13:29:01.876542
5408,20250822,20250831,4,134,3,273,266,2025-08-22,2025-08-31,2025-08-31,2025-08-31 10:12:00,2025-09-03 06:51:12.199789
5409,20250414,20250423,13,18,3,419,407,2025-04-14,2025-04-23,2025-04-23,2025-04-23 17:46:00,2025-04-24 11:49:08.662002
5410,20251117,20251123,13,33,2,75,66,2025-11-17,2025-11-23,2025-11-23,2025-11-23 12:27:00,2025-11-24 14:49:18.506797
5411,20250514,20250523,10,89,1,98,83,2025-05-14,2025-05-23,2025-05-23,2025-05-23 15:58:00,2025-05-24 11:37:57.896662
5412,20250821,20250830,15,69,2,151,133,2025-08-21,2025-08-31,2025-08-30,2025-08-30 17:51:00,2025-09-01 11:20:13.632454
5413,20250428,20250507,14,63,1,91,78,2025-04-28,2025-05-07,2025-05-07,2025-05-07 16:21:00,2025-05-09 09:30:37.131158
5414,20250622,20250701,7,24,1,117,103,2025-06-22,2025-07-02,2025-07-01,2025-07-01 09:10:00,2025-07-08 20:52:23.744048
5415,20251015,20251018,3,25,1,351,346,2025-10-15,2025-10-18,2025-10-18,2025-10-18 07:23:00,2025-10-19 10:48:48.526580
5416,20250117,20250126,6,47,1,344,305,2025-01-17,2025-01-27,2025-01-26,2025-01-26 09:26:00,2025-01-28 22:30:20.521078
5417,20250726,20250804,10,64,3,272,247,2025-07-26,2025-08-04,2025-08-04,2025-08-04 09:15:00,2025-08-06 02:34:33.335342
5418,20250924,20251002,9,41,3,121,112,2025-09-24,2025-10-02,2025-10-02,2025-10-02 17:03:00,2025-10-04 18:47:49.121720
5419,20250923,20251002,10,78,1,104,102,2025-09-23,2025-10-02,2025-10-02,2025-10-02 08:18:00,2025-10-04 01:06:49.908573
5420,20250320,20250329,5,19,2,113,102,2025-03-20,2025-03-30,2025-03-29,2025-03-29 12:34:00,2025-04-03 08:29:47.574711
5421,20250403,20250408,10,182,1,77,70,2025-04-03,2025-04-08,2025-04-08,2025-04-08 12:55:00,2025-04-10 10:13:42.779854
5422,20250925,20251005,4,199,2,81,80,2025-09-25,2025-10-05,2025-10-05,2025-10-05 10:29:00,2025-10-07 15:22:13.914162
5423,20250113,20250121,2,142,2,314,308,2025-01-13,2025-01-22,2025-01-21,2025-01-21 08:42:00,2025-01-22 17:37:33.724499
5424,20250914,20250920,11,76,2,68,62,2025-09-14,2025-09-20,2025-09-20,2025-09-20 16:41:00,2025-09-24 04:32:23.870649
5425,20250818,20250822,5,20,1,20,17,2025-08-18,2025-08-23,2025-08-22,2025-08-22 07:29:00,2025-08-24 07:07:25.568574
5426,20250108,20250122,1,103,3,493,483,2025-01-08,2025-01-18,2025-01-22,2025-01-22 12:25:00,2025-01-24 16:30:40.746633
5427,20251018,20251028,12,4,1,391,365,2025-10-18,2025-10-28,2025-10-28,2025-10-28 15:07:00,2025-10-29 00:19:38.092057
5428,20250317,20250326,2,171,3,404,394,2025-03-17,2025-03-27,2025-03-26,2025-03-26 09:48:00,2025-03-28 02:18:20.348975
5429,20250211,20250215,8,137,3,324,321,2025-02-11,2025-02-15,2025-02-15,2025-02-15 10:35:00,2025-02-16 18:58:02.081532
5430,20251104,20251114,15,132,1,359,341,2025-11-04,2025-11-12,2025-11-14,2025-11-14 15:14:00,2025-11-15 15:31:33.812898
5431,20250416,20250423,9,131,1,240,229,2025-04-16,2025-04-23,2025-04-23,2025-04-23 17:18:00,2025-04-28 18:48:26.297858
5432,20250809,20250815,3,154,1,43,38,2025-08-09,2025-08-15,2025-08-15,2025-08-15 11:24:00,2025-08-18 18:43:28.949584
5433,20250503,20250512,6,135,2,404,351,2025-05-03,2025-05-12,2025-05-12,2025-05-12 14:43:00,2025-05-16 14:24:59.177005
5434,20250911,20250920,6,100,1,388,355,2025-09-11,2025-09-20,2025-09-20,2025-09-20 08:11:00,2025-09-21 00:22:09.879578
5435,20250313,20250323,12,183,1,439,383,2025-03-13,2025-03-23,2025-03-23,2025-03-23 13:02:00,2025-03-28 17:03:01.914026
5436,20250519,20250602,9,124,1,338,336,2025-05-19,2025-05-29,2025-06-02,2025-06-02 10:04:00,2025-06-05 23:13:04.818993
5437,20250215,20250224,4,165,3,351,301,2025-02-15,2025-02-24,2025-02-24,2025-02-24 09:16:00,2025-02-27 13:12:22.979642
5438,20250608,20250619,1,3,2,34,33,2025-06-08,2025-06-16,2025-06-19,2025-06-19 15:55:00,2025-06-19 23:09:38.585116
5439,20250212,20250221,7,22,1,351,340,2025-02-12,2025-02-16,2025-02-21,2025-02-21 12:35:00,2025-02-23 09:40:29.928472
5440,20251021,20251025,2,147,2,133,123,2025-10-21,2025-10-25,2025-10-25,2025-10-25 13:07:00,2025-10-27 06:59:02.760672
5441,20250709,20250718,14,61,2,318,312,2025-07-09,2025-07-18,2025-07-18,2025-07-18 15:26:00,2025-07-19 14:48:58.183826
5442,20250309,20250320,7,17,1,184,180,2025-03-09,2025-03-17,2025-03-20,2025-03-20 09:26:00,2025-03-23 22:10:10.076227
5443,20250503,20250510,6,21,1,485,418,2025-05-03,2025-05-09,2025-05-10,2025-05-10 10:44:00,2025-05-12 00:21:40.640377
5444,20250504,20250508,5,4,1,462,453,2025-05-04,2025-05-09,2025-05-08,2025-05-08 09:16:00,2025-05-11 00:02:30.739312
5445,20250902,20250913,3,52,1,196,194,2025-09-02,2025-09-08,2025-09-13,2025-09-13 10:49:00,2025-09-14 22:26:13.413371
5446,20250602,20250608,1,2,1,179,170,2025-06-02,2025-06-08,2025-06-08,2025-06-08 09:18:00,2025-06-11 21:49:34.094259
5447,20250726,20250807,7,132,1,154,153,2025-07-26,2025-08-04,2025-08-07,2025-08-07 12:59:00,2025-08-13 01:53:41.226091
5448,20251101,20251109,15,167,2,114,98,2025-11-01,2025-11-09,2025-11-09,2025-11-09 10:16:00,2025-11-11 07:51:03.383728
5449,20251024,20251031,12,50,3,488,428,2025-10-24,2025-10-31,2025-10-31,2025-10-31 15:07:00,2025-11-02 23:58:28.628389
5450,20250915,20250923,15,192,1,438,433,2025-09-15,2025-09-23,2025-09-23,2025-09-23 09:48:00,2025-09-24 18:59:10.842861
5451,20250629,20250706,8,66,2,73,64,2025-06-29,2025-07-06,2025-07-06,2025-07-06 14:46:00,2025-07-11 06:07:34.544239
5452,20250223,20250304,1,38,1,235,214,2025-02-23,2025-03-05,2025-03-04,2025-03-04 16:51:00,2025-03-05 06:59:52.556195
5453,20251202,20251209,3,141,2,356,327,2025-12-02,2025-12-10,2025-12-09,2025-12-09 09:47:00,2025-12-12 21:23:51.869576
5454,20250601,20250604,9,134,1,368,322,2025-06-01,2025-06-04,2025-06-04,2025-06-04 14:00:00,2025-06-08 23:41:58.807250
5455,20250317,20250327,15,151,1,464,432,2025-03-17,2025-03-27,2025-03-27,2025-03-27 10:15:00,2025-03-27 22:07:13.365867
5456,20250221,20250301,5,25,1,454,398,2025-02-21,2025-03-01,2025-03-01,2025-03-01 11:53:00,2025-03-04 13:03:41.901729
5457,20251006,20251011,13,17,2,92,84,2025-10-06,2025-10-11,2025-10-11,2025-10-11 09:04:00,2025-10-13 16:13:03.294700
5458,20251205,20251211,4,19,2,143,129,2025-12-05,2025-12-11,2025-12-11,2025-12-11 07:54:00,2025-12-12 04:58:49.796148
5459,20250205,20250209,2,16,2,20,19,2025-02-05,2025-02-09,2025-02-09,2025-02-09 10:32:00,2025-02-12 20:56:39.624788
5460,20250708,20250715,2,93,1,367,318,2025-07-08,2025-07-15,2025-07-15,2025-07-15 11:27:00,2025-07-17 01:46:55.205735
5461,20250822,20250826,7,49,3,469,399,2025-08-22,2025-08-26,2025-08-26,2025-08-26 11:16:00,2025-08-26 23:33:11.954791
5462,20250422,20250430,8,9,2,405,355,2025-04-22,2025-04-30,2025-04-30,2025-04-30 15:30:00,2025-05-01 05:30:19.158968
5463,20250214,20250216,13,41,1,412,365,2025-02-14,2025-02-17,2025-02-16,2025-02-16 14:47:00,2025-02-16 17:00:24.605041
5464,20250309,20250319,11,136,3,146,137,2025-03-09,2025-03-19,2025-03-19,2025-03-19 12:29:00,2025-03-20 09:31:47.537850
5465,20250328,20250405,5,104,2,176,168,2025-03-28,2025-04-01,2025-04-05,2025-04-05 07:26:00,2025-04-09 00:47:11.306519
5466,20250122,20250126,9,177,1,374,355,2025-01-22,2025-01-26,2025-01-26,2025-01-26 16:46:00,2025-01-29 00:52:20.347404
5467,20250525,20250531,4,26,1,208,180,2025-05-25,2025-05-31,2025-05-31,2025-05-31 07:52:00,2025-06-05 07:22:47.210913
5468,20251108,20251119,14,12,2,122,105,2025-11-08,2025-11-18,2025-11-19,2025-11-19 07:56:00,2025-11-20 18:37:38.092494
5469,20251004,20251012,8,63,3,118,108,2025-10-04,2025-10-12,2025-10-12,2025-10-12 09:08:00,2025-10-18 00:18:14.752278
5470,20250422,20250428,1,145,3,361,340,2025-04-22,2025-04-29,2025-04-28,2025-04-28 13:39:00,2025-05-01 00:48:25.353921
5471,20250316,20250320,10,41,2,37,36,2025-03-16,2025-03-20,2025-03-20,2025-03-20 13:36:00,2025-03-21 11:57:21.014160
5472,20250909,20250915,8,150,2,308,305,2025-09-09,2025-09-15,2025-09-15,2025-09-15 08:38:00,2025-09-17 03:28:29.177963
5473,20250223,20250302,9,67,1,32,31,2025-02-23,2025-03-02,2025-03-02,2025-03-02 10:22:00,2025-03-04 22:40:11.388794
5474,20250815,20250817,4,88,1,312,277,2025-08-15,2025-08-18,2025-08-17,2025-08-17 08:37:00,2025-08-18 10:03:18.735438
5475,20250216,20250222,10,146,2,485,458,2025-02-16,2025-02-22,2025-02-22,2025-02-22 11:51:00,2025-02-24 02:51:52.358865
5476,20250315,20250323,4,38,3,219,192,2025-03-15,2025-03-23,2025-03-23,2025-03-23 15:26:00,2025-03-25 02:29:53.608860
5477,20250915,20250924,2,140,1,303,298,2025-09-15,2025-09-25,2025-09-24,2025-09-24 11:10:00,2025-09-25 12:36:34.525224
5478,20250201,20250208,13,87,1,361,335,2025-02-01,2025-02-09,2025-02-08,2025-02-08 15:15:00,2025-02-10 02:47:58.211865
5479,20250410,20250423,10,79,1,334,286,2025-04-10,2025-04-19,2025-04-23,2025-04-23 13:51:00,2025-04-25 16:16:52.679980
5480,20250808,20250817,15,99,2,230,200,2025-08-08,2025-08-14,2025-08-17,2025-08-17 12:44:00,2025-08-18 21:24:30.442252
5481,20250930,20251003,6,107,2,35,33,2025-09-30,2025-10-03,2025-10-03,2025-10-03 16:52:00,2025-10-04 05:49:14.754119
5482,20250313,20250320,12,5,2,456,450,2025-03-13,2025-03-21,2025-03-20,2025-03-20 09:58:00,2025-03-29 00:12:34.568826
5483,20250107,20250114,9,24,1,419,357,2025-01-07,2025-01-15,2025-01-14,2025-01-14 16:52:00,2025-01-15 18:11:11.655218
5484,20250907,20250915,10,94,1,90,88,2025-09-07,2025-09-15,2025-09-15,2025-09-15 08:10:00,2025-09-16 21:10:52.171926
5485,20250508,20250518,13,14,1,321,296,2025-05-08,2025-05-18,2025-05-18,2025-05-18 12:36:00,2025-05-20 22:11:25.796916
5486,20250519,20250523,13,89,1,480,431,2025-05-19,2025-05-23,2025-05-23,2025-05-23 07:19:00,2025-05-29 06:28:28.194086
5487,20250619,20250628,3,137,1,432,369,2025-06-19,2025-06-28,2025-06-28,2025-06-28 17:19:00,2025-06-30 14:14:02.216400
5488,20250503,20250514,5,19,2,260,248,2025-05-03,2025-05-13,2025-05-14,2025-05-14 15:55:00,2025-05-17 02:36:05.666822
5489,20251127,20251202,5,107,2,300,275,2025-11-27,2025-12-02,2025-12-02,2025-12-02 11:07:00,2025-12-02 16:41:14.601044
5490,20250509,20250515,7,24,1,106,102,2025-05-09,2025-05-15,2025-05-15,2025-05-15 09:18:00,2025-05-18 14:39:45.178505
5491,20250226,20250309,14,147,2,320,301,2025-02-26,2025-03-07,2025-03-09,2025-03-09 11:29:00,2025-03-13 01:04:25.175596
5492,20250310,20250319,10,168,1,314,275,2025-03-10,2025-03-19,2025-03-19,2025-03-19 12:26:00,2025-03-20 22:32:10.312641
5493,20250122,20250130,5,12,2,264,258,2025-01-22,2025-01-30,2025-01-30,2025-01-30 09:35:00,2025-01-31 20:41:41.195943
5494,20251020,20251028,5,176,1,230,197,2025-10-20,2025-10-24,2025-10-28,2025-10-28 17:28:00,2025-10-29 03:33:38.247735
5495,20251012,20251023,11,191,1,165,158,2025-10-12,2025-10-20,2025-10-23,2025-10-23 12:39:00,2025-10-27 19:50:27.579957
5496,20250628,20250707,1,78,2,83,71,2025-06-28,2025-07-05,2025-07-07,2025-07-07 16:06:00,2025-07-09 13:46:41.145116
5497,20250213,20250220,3,10,1,364,354,2025-02-13,2025-02-17,2025-02-20,2025-02-20 15:47:00,2025-02-22 00:50:13.448689
5498,20250514,20250524,3,82,2,337,313,2025-05-14,2025-05-24,2025-05-24,2025-05-24 16:10:00,2025-05-27 17:42:19.266703
5499,20250211,20250215,5,35,1,113,109,2025-02-11,2025-02-16,2025-02-15,2025-02-15 10:45:00,2025-02-17 00:41:05.260813
5500,20250213,20250216,4,27,2,250,216,2025-02-13,2025-02-16,2025-02-16,2025-02-16 15:06:00,2025-02-19 20:20:29.312901
5501,20250812,20250814,5,68,2,117,101,2025-08-12,2025-08-15,2025-08-14,2025-08-14 14:12:00,2025-08-16 11:45:22.623139
5502,20250129,20250205,10,26,2,60,54,2025-01-29,2025-02-05,2025-02-05,2025-02-05 07:50:00,2025-02-06 08:59:03.548272
5503,20250821,20250829,12,47,1,377,333,2025-08-21,2025-08-30,2025-08-29,2025-08-29 17:27:00,2025-08-31 02:30:13.426758
5504,20251203,20251212,12,63,3,63,55,2025-12-03,2025-12-12,2025-12-12,2025-12-12 16:58:00,2025-12-15 11:25:01.536618
5505,20250727,20250807,3,158,2,58,57,2025-07-27,2025-08-04,2025-08-07,2025-08-07 07:55:00,2025-08-09 22:37:49.355341
5506,20250419,20250424,1,96,2,349,328,2025-04-19,2025-04-24,2025-04-24,2025-04-24 13:45:00,2025-04-27 17:39:26.961308
5507,20250421,20250501,6,138,2,342,316,2025-04-21,2025-05-01,2025-05-01,2025-05-01 16:27:00,2025-05-10 19:40:59.452903
5508,20250221,20250225,15,99,1,221,212,2025-02-21,2025-02-25,2025-02-25,2025-02-25 16:44:00,2025-02-27 07:39:52.936481
5509,20250816,20250821,7,69,1,134,125,2025-08-16,2025-08-21,2025-08-21,2025-08-21 07:38:00,2025-08-21 22:34:23.620419
5510,20250515,20250527,6,119,1,298,292,2025-05-15,2025-05-24,2025-05-27,2025-05-27 08:10:00,2025-05-28 23:37:16.040025
5511,20251016,20251026,8,126,2,78,68,2025-10-16,2025-10-26,2025-10-26,2025-10-26 07:06:00,2025-10-26 22:55:56.808457
5512,20250401,20250404,9,90,1,117,104,2025-04-01,2025-04-04,2025-04-04,2025-04-04 07:51:00,2025-04-04 20:26:08.052101
5513,20250221,20250225,6,89,1,434,390,2025-02-21,2025-02-26,2025-02-25,2025-02-25 07:13:00,2025-02-26 00:17:19.644246
5514,20250401,20250404,1,167,1,424,416,2025-04-01,2025-04-04,2025-04-04,2025-04-04 09:32:00,2025-04-09 12:36:13.990147
5515,20250530,20250609,2,121,2,74,64,2025-05-30,2025-06-09,2025-06-09,2025-06-09 09:08:00,2025-06-14 17:06:39.282491
5516,20250829,20250913,3,166,3,222,197,2025-08-29,2025-09-08,2025-09-13,2025-09-13 16:01:00,2025-09-14 12:35:16.457068
5517,20250122,20250125,13,171,2,188,176,2025-01-22,2025-01-26,2025-01-25,2025-01-25 10:04:00,2025-01-27 06:47:26.679536
5518,20251205,20251208,11,37,3,303,277,2025-12-05,2025-12-09,2025-12-08,2025-12-08 10:37:00,2025-12-09 01:32:38.662349
5519,20250724,20250730,3,63,2,94,91,2025-07-24,2025-07-31,2025-07-30,2025-07-30 17:33:00,2025-08-01 07:28:15.589249
5520,20250808,20250812,2,90,1,273,258,2025-08-08,2025-08-13,2025-08-12,2025-08-12 11:09:00,2025-08-14 08:39:49.878638
5521,20250314,20250322,12,177,1,332,288,2025-03-14,2025-03-18,2025-03-22,2025-03-22 07:46:00,2025-03-23 12:52:19.984564
5522,20250318,20250324,13,90,1,111,106,2025-03-18,2025-03-25,2025-03-24,2025-03-24 12:17:00,2025-03-28 01:12:43.941941
5523,20250810,20250815,2,67,3,109,97,2025-08-10,2025-08-16,2025-08-15,2025-08-15 11:33:00,2025-08-17 02:30:53.013748
5524,20251006,20251015,6,122,2,455,407,2025-10-06,2025-10-15,2025-10-15,2025-10-15 10:35:00,2025-10-17 01:04:52.941941
5525,20250501,20250507,2,195,1,159,151,2025-05-01,2025-05-07,2025-05-07,2025-05-07 10:02:00,2025-05-09 20:13:43.748316
5526,20250615,20250621,8,154,3,277,239,2025-06-15,2025-06-21,2025-06-21,2025-06-21 12:09:00,2025-06-22 19:13:53.501696
5527,20250312,20250315,2,128,3,470,431,2025-03-12,2025-03-15,2025-03-15,2025-03-15 13:39:00,2025-03-17 20:19:49.699977
5528,20251101,20251105,1,27,1,307,282,2025-11-01,2025-11-05,2025-11-05,2025-11-05 13:28:00,2025-11-07 15:32:37.650797
5529,20250209,20250216,7,179,1,89,82,2025-02-09,2025-02-16,2025-02-16,2025-02-16 15:23:00,2025-02-19 01:34:53.504601
5530,20250217,20250224,7,165,2,313,275,2025-02-17,2025-02-25,2025-02-24,2025-02-24 07:50:00,2025-03-01 05:49:06.236328
5531,20251015,20251027,8,167,1,392,344,2025-10-15,2025-10-24,2025-10-27,2025-10-27 08:06:00,2025-11-02 08:44:34.664728
5532,20250526,20250605,11,19,2,174,170,2025-05-26,2025-06-03,2025-06-05,2025-06-05 12:13:00,2025-06-06 00:04:20.095128
5533,20250214,20250224,8,23,1,266,253,2025-02-14,2025-02-24,2025-02-24,2025-02-24 14:35:00,2025-02-26 05:03:57.524266
5534,20251014,20251028,14,50,3,224,192,2025-10-14,2025-10-23,2025-10-28,2025-10-28 13:09:00,2025-10-30 22:04:47.298992
5535,20250824,20250829,12,110,1,355,327,2025-08-24,2025-08-30,2025-08-29,2025-08-29 11:45:00,2025-09-01 09:31:20.685229
5536,20251128,20251206,8,172,1,491,470,2025-11-28,2025-12-06,2025-12-06,2025-12-06 16:09:00,2025-12-08 03:55:38.540398
5537,20250613,20250623,9,180,3,177,174,2025-06-13,2025-06-23,2025-06-23,2025-06-23 09:31:00,2025-06-25 09:53:01.250866
5538,20250129,20250201,1,125,1,116,105,2025-01-29,2025-02-01,2025-02-01,2025-02-01 15:40:00,2025-02-02 11:01:40.232922
5539,20250215,20250225,10,140,2,130,118,2025-02-15,2025-02-25,2025-02-25,2025-02-25 13:36:00,2025-02-26 04:09:37.410949
5540,20250923,20250926,6,97,1,187,163,2025-09-23,2025-09-26,2025-09-26,2025-09-26 11:04:00,2025-09-28 10:52:08.617992
5541,20250824,20250829,3,93,1,38,34,2025-08-24,2025-08-29,2025-08-29,2025-08-29 16:01:00,2025-09-01 19:15:54.542942
5542,20251205,20251213,1,78,1,180,174,2025-12-05,2025-12-14,2025-12-13,2025-12-13 07:20:00,2025-12-15 01:07:47.532327
5543,20250524,20250529,10,62,3,164,146,2025-05-24,2025-05-29,2025-05-29,2025-05-29 15:42:00,2025-05-30 03:17:26.801112
5544,20250406,20250412,11,52,1,56,55,2025-04-06,2025-04-10,2025-04-12,2025-04-12 15:42:00,2025-04-17 00:13:39.335059
5545,20250218,20250226,11,91,1,120,109,2025-02-18,2025-02-21,2025-02-26,2025-02-26 16:07:00,2025-03-05 22:35:35.192169
5546,20251005,20251013,4,192,1,68,66,2025-10-05,2025-10-13,2025-10-13,2025-10-13 17:20:00,2025-10-17 16:58:27.369450
5547,20250609,20250616,12,168,2,473,446,2025-06-09,2025-06-16,2025-06-16,2025-06-16 12:39:00,2025-06-18 05:20:38.359451
5548,20251127,20251207,12,158,2,124,107,2025-11-27,2025-12-07,2025-12-07,2025-12-07 11:03:00,2025-12-08 07:32:49.969066
5549,20250117,20250123,5,18,2,144,131,2025-01-17,2025-01-23,2025-01-23,2025-01-23 08:59:00,2025-01-29 10:14:36.497317
5550,20251030,20251112,14,27,3,428,427,2025-10-30,2025-11-07,2025-11-12,2025-11-12 13:49:00,2025-11-17 13:01:08.209442
5551,20251009,20251019,13,102,3,491,438,2025-10-09,2025-10-19,2025-10-19,2025-10-19 08:11:00,2025-10-21 05:46:27.039911
5552,20250705,20250708,12,82,2,210,189,2025-07-05,2025-07-08,2025-07-08,2025-07-08 10:18:00,2025-07-08 13:23:02.512306
5553,20250405,20250412,3,131,3,203,193,2025-04-05,2025-04-12,2025-04-12,2025-04-12 16:27:00,2025-04-14 19:52:23.598665
5554,20251127,20251207,1,167,3,86,78,2025-11-27,2025-12-04,2025-12-07,2025-12-07 13:36:00,2025-12-07 21:33:26.564177
5555,20250216,20250219,1,1,1,162,139,2025-02-16,2025-02-20,2025-02-19,2025-02-19 12:47:00,2025-02-20 02:05:06.080718
5556,20250524,20250528,9,116,2,235,202,2025-05-24,2025-05-28,2025-05-28,2025-05-28 09:25:00,2025-06-04 19:13:37.174663
5557,20251017,20251019,6,76,3,471,438,2025-10-17,2025-10-20,2025-10-19,2025-10-19 16:55:00,2025-10-20 12:04:30.527928
5558,20250708,20250715,13,111,3,120,108,2025-07-08,2025-07-15,2025-07-15,2025-07-15 09:56:00,2025-07-15 21:23:44.140071
5559,20251205,20251210,1,44,1,117,115,2025-12-05,2025-12-10,2025-12-10,2025-12-10 11:16:00,2025-12-14 15:30:35.493858
5560,20250130,20250206,11,178,3,224,200,2025-01-30,2025-02-07,2025-02-06,2025-02-06 08:39:00,2025-02-06 21:50:50.751125
5561,20251009,20251012,9,178,1,66,63,2025-10-09,2025-10-12,2025-10-12,2025-10-12 14:04:00,2025-10-13 19:39:38.108256
5562,20250308,20250315,4,17,2,418,393,2025-03-08,2025-03-16,2025-03-15,2025-03-15 15:05:00,2025-03-16 06:34:39.940612
5563,20251023,20251030,15,121,3,481,452,2025-10-23,2025-10-31,2025-10-30,2025-10-30 11:21:00,2025-11-02 22:55:08.866798
5564,20250313,20250323,7,111,3,478,439,2025-03-13,2025-03-22,2025-03-23,2025-03-23 14:48:00,2025-03-29 07:35:48.299752
5565,20250408,20250421,15,172,1,407,366,2025-04-08,2025-04-16,2025-04-21,2025-04-21 07:51:00,2025-04-24 08:29:23.873333
5566,20250809,20250818,8,168,3,461,391,2025-08-09,2025-08-19,2025-08-18,2025-08-18 08:41:00,2025-08-20 00:36:19.490808
5567,20250525,20250529,8,45,1,125,124,2025-05-25,2025-05-29,2025-05-29,2025-05-29 12:19:00,2025-05-31 05:34:37.512749
5568,20250306,20250309,5,105,3,20,19,2025-03-06,2025-03-09,2025-03-09,2025-03-09 17:24:00,2025-03-10 05:52:48.812311
5569,20250505,20250520,14,153,3,311,286,2025-05-05,2025-05-15,2025-05-20,2025-05-20 14:24:00,2025-05-24 01:26:44.276456
5570,20250803,20250810,6,178,2,116,100,2025-08-03,2025-08-10,2025-08-10,2025-08-10 13:35:00,2025-08-13 18:09:07.558392
5571,20251001,20251008,7,35,2,157,142,2025-10-01,2025-10-09,2025-10-08,2025-10-08 10:15:00,2025-10-10 08:02:49.706861
5572,20250213,20250222,6,38,1,320,303,2025-02-13,2025-02-23,2025-02-22,2025-02-22 16:13:00,2025-03-04 11:10:38.056081
5573,20250524,20250602,14,10,1,397,386,2025-05-24,2025-06-03,2025-06-02,2025-06-02 14:00:00,2025-06-07 04:40:06.959155
5574,20250215,20250224,12,107,1,125,107,2025-02-15,2025-02-24,2025-02-24,2025-02-24 07:34:00,2025-02-25 22:09:26.127613
5575,20250416,20250421,10,174,1,444,437,2025-04-16,2025-04-21,2025-04-21,2025-04-21 13:55:00,2025-04-27 19:44:02.935626
5576,20250813,20250819,11,115,3,171,166,2025-08-13,2025-08-20,2025-08-19,2025-08-19 12:16:00,2025-08-22 12:59:43.191166
5577,20250905,20250915,4,89,1,143,140,2025-09-05,2025-09-15,2025-09-15,2025-09-15 15:19:00,2025-09-16 08:53:52.724010
5578,20250224,20250303,3,48,2,283,253,2025-02-24,2025-03-03,2025-03-03,2025-03-03 11:16:00,2025-03-04 07:53:01.154119
5579,20250222,20250303,4,134,1,123,111,2025-02-22,2025-03-02,2025-03-03,2025-03-03 14:24:00,2025-03-08 03:12:31.115579
5580,20250101,20250111,11,8,2,277,262,2025-01-01,2025-01-07,2025-01-11,2025-01-11 17:48:00,2025-01-11 21:20:40.360957
5581,20250712,20250717,2,158,1,377,353,2025-07-12,2025-07-17,2025-07-17,2025-07-17 16:50:00,2025-07-21 17:06:10.711223
5582,20250803,20250813,14,62,2,493,489,2025-08-03,2025-08-09,2025-08-13,2025-08-13 09:31:00,2025-08-14 14:03:53.031428
5583,20250405,20250410,4,3,1,270,268,2025-04-05,2025-04-11,2025-04-10,2025-04-10 17:16:00,2025-04-12 16:13:36.580111
5584,20250528,20250604,12,95,1,484,442,2025-05-28,2025-06-05,2025-06-04,2025-06-04 07:01:00,2025-06-10 15:55:34.009248
5585,20250924,20251001,3,37,2,176,163,2025-09-24,2025-09-29,2025-10-01,2025-10-01 12:40:00,2025-10-04 11:17:12.845654
5586,20250221,20250227,8,105,2,126,111,2025-02-21,2025-02-27,2025-02-27,2025-02-27 10:25:00,2025-03-01 10:28:05.786782
5587,20250910,20250917,13,78,1,207,190,2025-09-10,2025-09-18,2025-09-17,2025-09-17 12:22:00,2025-09-21 15:13:12.329303
5588,20250907,20250910,1,37,2,56,48,2025-09-07,2025-09-11,2025-09-10,2025-09-10 14:15:00,2025-09-12 19:30:20.067039
5589,20250525,20250528,4,126,2,37,35,2025-05-25,2025-05-28,2025-05-28,2025-05-28 17:10:00,2025-05-30 19:53:47.934262
5590,20250510,20250515,15,101,1,182,170,2025-05-10,2025-05-15,2025-05-15,2025-05-15 07:44:00,2025-05-19 16:14:31.968161
5591,20250521,20250528,7,85,2,261,225,2025-05-21,2025-05-29,2025-05-28,2025-05-28 10:42:00,2025-05-30 16:29:19.784613
5592,20250805,20250814,14,170,2,332,330,2025-08-05,2025-08-14,2025-08-14,2025-08-14 17:31:00,2025-08-15 00:48:12.816735
5593,20250225,20250306,15,7,1,444,424,2025-02-25,2025-03-02,2025-03-06,2025-03-06 11:03:00,2025-03-11 20:38:22.607783
5594,20250206,20250210,12,104,2,381,331,2025-02-06,2025-02-10,2025-02-10,2025-02-10 10:53:00,2025-02-10 15:41:27.713646
5595,20250705,20250707,11,9,2,237,211,2025-07-05,2025-07-08,2025-07-07,2025-07-07 12:39:00,2025-07-10 14:59:37.499354
5596,20250130,20250204,12,184,2,104,94,2025-01-30,2025-02-04,2025-02-04,2025-02-04 14:47:00,2025-02-04 23:32:43.208083
5597,20250627,20250702,11,56,2,415,410,2025-06-27,2025-07-01,2025-07-02,2025-07-02 15:08:00,2025-07-03 10:52:42.493725
5598,20250921,20250930,2,189,1,157,144,2025-09-21,2025-10-01,2025-09-30,2025-09-30 09:48:00,2025-10-01 23:50:38.098659
5599,20251112,20251119,15,27,2,377,357,2025-11-12,2025-11-19,2025-11-19,2025-11-19 14:41:00,2025-11-22 04:03:46.898712
5600,20251002,20251012,9,164,2,153,149,2025-10-02,2025-10-12,2025-10-12,2025-10-12 08:21:00,2025-10-13 07:02:25.187855
5601,20250612,20250622,11,65,3,429,406,2025-06-12,2025-06-20,2025-06-22,2025-06-22 17:52:00,2025-06-23 09:15:12.730941
5602,20250112,20250121,2,111,1,348,346,2025-01-12,2025-01-22,2025-01-21,2025-01-21 08:35:00,2025-01-22 13:05:30.931820
5603,20250208,20250210,10,71,3,439,423,2025-02-08,2025-02-11,2025-02-10,2025-02-10 13:35:00,2025-02-11 06:40:42.370798
5604,20251004,20251010,5,199,2,328,324,2025-10-04,2025-10-10,2025-10-10,2025-10-10 11:48:00,2025-10-12 11:54:42.939860
5605,20251202,20251205,13,75,1,217,213,2025-12-02,2025-12-06,2025-12-05,2025-12-05 15:05:00,2025-12-06 07:36:05.566950
5606,20251001,20251009,15,16,2,306,269,2025-10-01,2025-10-08,2025-10-09,2025-10-09 10:57:00,2025-10-10 17:30:06.045888
5607,20250131,20250207,1,19,2,45,38,2025-01-31,2025-02-08,2025-02-07,2025-02-07 11:09:00,2025-02-09 07:27:36.307523
5608,20250901,20250910,3,24,3,223,197,2025-09-01,2025-09-10,2025-09-10,2025-09-10 08:12:00,2025-09-12 04:48:34.175540
5609,20250209,20250215,12,141,3,30,27,2025-02-09,2025-02-15,2025-02-15,2025-02-15 11:31:00,2025-02-18 13:36:41.953773
5610,20250511,20250522,14,114,1,126,122,2025-05-11,2025-05-19,2025-05-22,2025-05-22 14:11:00,2025-05-27 10:22:44.141615
5611,20251202,20251207,6,121,2,271,255,2025-12-02,2025-12-07,2025-12-07,2025-12-07 09:50:00,2025-12-11 05:21:44.188058
5612,20250924,20250928,10,46,1,107,96,2025-09-24,2025-09-27,2025-09-28,2025-09-28 09:01:00,2025-10-01 21:12:01.473905
5613,20251007,20251011,10,101,3,463,449,2025-10-07,2025-10-11,2025-10-11,2025-10-11 07:53:00,2025-10-11 13:53:14.105768
5614,20251122,20251203,3,160,3,268,262,2025-11-22,2025-12-02,2025-12-03,2025-12-03 15:51:00,2025-12-05 04:04:28.260358
5615,20250601,20250606,5,159,1,300,296,2025-06-01,2025-06-06,2025-06-06,2025-06-06 15:07:00,2025-06-11 10:04:30.669587
5616,20250418,20250427,3,112,3,103,87,2025-04-18,2025-04-27,2025-04-27,2025-04-27 13:00:00,2025-04-27 19:03:51.108683
5617,20250420,20250425,15,184,3,74,70,2025-04-20,2025-04-25,2025-04-25,2025-04-25 13:15:00,2025-04-26 20:51:24.637739
5618,20250409,20250414,2,83,3,430,416,2025-04-09,2025-04-14,2025-04-14,2025-04-14 07:54:00,2025-04-22 03:45:00.384875
5619,20251125,20251127,11,121,1,182,177,2025-11-25,2025-11-28,2025-11-27,2025-11-27 14:59:00,2025-11-30 23:43:47.269157
5620,20250225,20250301,7,172,3,43,41,2025-02-25,2025-03-01,2025-03-01,2025-03-01 09:47:00,2025-03-03 16:48:22.389489
5621,20250503,20250512,12,154,1,285,280,2025-05-03,2025-05-13,2025-05-12,2025-05-12 17:17:00,2025-05-13 20:10:59.187471
5622,20250823,20250829,8,105,2,469,434,2025-08-23,2025-08-29,2025-08-29,2025-08-29 12:46:00,2025-08-31 11:16:49.887539
5623,20250822,20250826,10,68,1,418,358,2025-08-22,2025-08-26,2025-08-26,2025-08-26 13:48:00,2025-08-30 03:34:17.930921
5624,20250304,20250308,8,154,2,307,273,2025-03-04,2025-03-09,2025-03-08,2025-03-08 14:48:00,2025-03-10 18:59:01.727653
5625,20251111,20251115,3,58,2,129,126,2025-11-11,2025-11-16,2025-11-15,2025-11-15 09:10:00,2025-11-18 21:46:11.014493
5626,20250729,20250812,11,185,3,313,279,2025-07-29,2025-08-07,2025-08-12,2025-08-12 07:00:00,2025-08-16 23:10:08.675236
5627,20250624,20250629,14,54,2,174,161,2025-06-24,2025-06-29,2025-06-29,2025-06-29 09:23:00,2025-07-01 21:23:01.439474
5628,20250208,20250212,4,192,3,212,184,2025-02-08,2025-02-12,2025-02-12,2025-02-12 16:46:00,2025-02-18 12:33:57.872184
5629,20251006,20251011,9,175,1,314,311,2025-10-06,2025-10-12,2025-10-11,2025-10-11 09:03:00,2025-10-11 16:52:42.532682
5630,20250516,20250518,8,197,1,50,49,2025-05-16,2025-05-19,2025-05-18,2025-05-18 09:52:00,2025-05-20 05:15:42.188386
5631,20250710,20250720,12,7,2,335,318,2025-07-10,2025-07-20,2025-07-20,2025-07-20 11:06:00,2025-07-25 01:00:41.415010
5632,20250715,20250718,14,43,2,368,326,2025-07-15,2025-07-19,2025-07-18,2025-07-18 08:01:00,2025-07-22 20:15:15.824727
5633,20251206,20251212,8,166,1,81,69,2025-12-06,2025-12-12,2025-12-12,2025-12-12 16:51:00,2025-12-15 06:20:59.046989
5634,20250212,20250221,4,166,1,320,282,2025-02-12,2025-02-21,2025-02-21,2025-02-21 09:57:00,2025-02-23 23:14:41.493456
5635,20250603,20250606,9,102,2,31,29,2025-06-03,2025-06-06,2025-06-06,2025-06-06 17:25:00,2025-06-06 22:48:21.530480
5636,20250804,20250810,3,140,2,43,41,2025-08-04,2025-08-10,2025-08-10,2025-08-10 17:55:00,2025-08-14 05:40:08.116251
5637,20250713,20250719,2,16,2,124,112,2025-07-13,2025-07-19,2025-07-19,2025-07-19 15:37:00,2025-07-20 07:41:20.264635
5638,20251002,20251007,14,79,2,369,316,2025-10-02,2025-10-07,2025-10-07,2025-10-07 15:58:00,2025-10-12 07:50:00.107724
5639,20250319,20250329,9,141,3,412,410,2025-03-19,2025-03-29,2025-03-29,2025-03-29 08:04:00,2025-03-30 08:52:39.283419
5640,20250626,20250701,1,128,1,230,216,2025-06-26,2025-07-01,2025-07-01,2025-07-01 09:50:00,2025-07-02 14:23:16.612390
5641,20250605,20250610,2,161,1,297,253,2025-06-05,2025-06-11,2025-06-10,2025-06-10 11:33:00,2025-06-16 15:46:32.927982
5642,20250722,20250731,12,132,1,343,315,2025-07-22,2025-08-01,2025-07-31,2025-07-31 16:43:00,2025-08-05 19:12:57.204169
5643,20250430,20250506,3,12,1,196,175,2025-04-30,2025-05-06,2025-05-06,2025-05-06 10:01:00,2025-05-08 08:28:18.033413
5644,20250101,20250111,12,91,1,371,341,2025-01-01,2025-01-11,2025-01-11,2025-01-11 12:21:00,2025-01-12 01:28:20.959910
5645,20250410,20250417,3,173,2,191,172,2025-04-10,2025-04-15,2025-04-17,2025-04-17 10:00:00,2025-04-19 10:57:43.423889
5646,20251109,20251112,15,19,2,466,425,2025-11-09,2025-11-12,2025-11-12,2025-11-12 11:06:00,2025-11-14 06:29:22.341155
5647,20251010,20251014,11,14,1,287,280,2025-10-10,2025-10-14,2025-10-14,2025-10-14 17:08:00,2025-10-15 16:41:01.781745
5648,20250106,20250114,15,18,1,309,304,2025-01-06,2025-01-10,2025-01-14,2025-01-14 17:24:00,2025-01-15 06:34:52.246232
5649,20250821,20250903,10,43,1,92,82,2025-08-21,2025-08-29,2025-09-03,2025-09-03 16:38:00,2025-09-07 04:42:53.340075
5650,20250813,20250817,7,75,2,454,410,2025-08-13,2025-08-18,2025-08-17,2025-08-17 08:50:00,2025-08-20 07:22:26.444841
5651,20250807,20250814,3,151,1,393,334,2025-08-07,2025-08-12,2025-08-14,2025-08-14 13:02:00,2025-08-15 06:38:23.159671
5652,20250120,20250129,7,32,3,411,408,2025-01-20,2025-01-27,2025-01-29,2025-01-29 07:36:00,2025-02-02 09:12:52.528182
5653,20250505,20250512,5,191,1,367,328,2025-05-05,2025-05-12,2025-05-12,2025-05-12 13:24:00,2025-05-13 19:22:36.374228
5654,20251101,20251104,2,25,1,207,185,2025-11-01,2025-11-04,2025-11-04,2025-11-04 07:20:00,2025-11-07 21:08:54.666529
5655,20250421,20250504,11,87,1,68,63,2025-04-21,2025-04-29,2025-05-04,2025-05-04 07:10:00,2025-05-06 09:01:21.222148
5656,20250306,20250315,15,149,1,389,354,2025-03-06,2025-03-16,2025-03-15,2025-03-15 16:10:00,2025-03-16 04:08:30.715198
5657,20250708,20250710,7,156,1,56,55,2025-07-08,2025-07-11,2025-07-10,2025-07-10 07:33:00,2025-07-13 03:05:02.601707
5658,20250326,20250331,8,189,1,133,118,2025-03-26,2025-03-31,2025-03-31,2025-03-31 10:32:00,2025-04-02 06:48:09.989036
5659,20251020,20251024,13,126,1,160,155,2025-10-20,2025-10-24,2025-10-24,2025-10-24 08:00:00,2025-10-25 05:30:41.701381
5660,20250821,20250824,12,80,1,388,362,2025-08-21,2025-08-25,2025-08-24,2025-08-24 17:26:00,2025-08-25 15:59:36.084556
5661,20250702,20250705,1,99,2,198,170,2025-07-02,2025-07-06,2025-07-05,2025-07-05 13:23:00,2025-07-06 18:12:40.676147
5662,20250326,20250401,6,39,2,415,402,2025-03-26,2025-03-30,2025-04-01,2025-04-01 11:46:00,2025-04-02 06:39:57.047756
5663,20250711,20250719,13,52,2,421,407,2025-07-11,2025-07-20,2025-07-19,2025-07-19 17:54:00,2025-07-21 23:42:00.873856
5664,20250329,20250406,8,95,1,266,255,2025-03-29,2025-04-06,2025-04-06,2025-04-06 10:56:00,2025-04-12 18:11:11.354033
5665,20250430,20250503,10,153,2,314,293,2025-04-30,2025-05-03,2025-05-03,2025-05-03 13:24:00,2025-05-05 15:54:01.849130
5666,20250502,20250510,15,65,1,238,230,2025-05-02,2025-05-07,2025-05-10,2025-05-10 08:48:00,2025-05-16 14:50:01.683190
5667,20250107,20250111,2,162,2,246,245,2025-01-07,2025-01-11,2025-01-11,2025-01-11 16:10:00,2025-01-12 14:11:15.154973
5668,20250616,20250625,6,97,1,202,194,2025-06-16,2025-06-25,2025-06-25,2025-06-25 16:47:00,2025-06-28 13:58:32.653790
5669,20250605,20250608,14,143,1,461,413,2025-06-05,2025-06-08,2025-06-08,2025-06-08 17:45:00,2025-06-13 14:49:58.035844
5670,20250505,20250507,1,117,3,153,135,2025-05-05,2025-05-08,2025-05-07,2025-05-07 07:25:00,2025-05-09 05:20:35.228019
5671,20250705,20250712,14,23,1,129,114,2025-07-05,2025-07-08,2025-07-12,2025-07-12 11:42:00,2025-07-19 03:55:16.979133
5672,20250204,20250211,2,183,1,106,95,2025-02-04,2025-02-12,2025-02-11,2025-02-11 16:31:00,2025-02-12 18:57:18.601299
5673,20250419,20250423,5,131,3,207,186,2025-04-19,2025-04-22,2025-04-23,2025-04-23 10:51:00,2025-04-24 14:11:32.566912
5674,20251031,20251110,15,173,3,43,41,2025-10-31,2025-11-10,2025-11-10,2025-11-10 10:29:00,2025-11-10 22:24:34.496102
5675,20250719,20250726,13,135,2,283,259,2025-07-19,2025-07-26,2025-07-26,2025-07-26 07:41:00,2025-07-26 19:27:22.840110
5676,20251122,20251125,8,68,2,129,111,2025-11-22,2025-11-25,2025-11-25,2025-11-25 14:24:00,2025-11-30 20:27:57.411914
5677,20250328,20250410,5,18,1,239,218,2025-03-28,2025-04-05,2025-04-10,2025-04-10 14:04:00,2025-04-15 01:35:59.942045
5678,20250817,20250825,14,115,3,151,149,2025-08-17,2025-08-25,2025-08-25,2025-08-25 09:54:00,2025-08-27 12:53:07.281819
5679,20250102,20250109,10,200,2,454,431,2025-01-02,2025-01-09,2025-01-09,2025-01-09 12:58:00,2025-01-11 18:13:41.787132
5680,20250913,20250919,11,93,2,245,232,2025-09-13,2025-09-20,2025-09-19,2025-09-19 09:00:00,2025-09-21 20:16:54.633399
5681,20250325,20250401,1,18,2,259,246,2025-03-25,2025-04-01,2025-04-01,2025-04-01 07:35:00,2025-04-05 01:18:07.656672
5682,20250409,20250418,11,8,1,401,362,2025-04-09,2025-04-14,2025-04-18,2025-04-18 07:02:00,2025-04-19 05:49:01.673885
5683,20250710,20250719,6,142,1,245,210,2025-07-10,2025-07-17,2025-07-19,2025-07-19 17:13:00,2025-07-20 17:27:38.072967
5684,20251112,20251116,10,187,1,67,66,2025-11-12,2025-11-16,2025-11-16,2025-11-16 11:15:00,2025-11-20 23:03:12.762654
5685,20251007,20251017,4,105,3,319,288,2025-10-07,2025-10-17,2025-10-17,2025-10-17 15:02:00,2025-10-20 09:31:24.041279
5686,20250331,20250404,2,81,1,148,146,2025-03-31,2025-04-04,2025-04-04,2025-04-04 08:28:00,2025-04-04 18:44:20.403312
5687,20250115,20250120,11,198,1,450,426,2025-01-15,2025-01-20,2025-01-20,2025-01-20 17:12:00,2025-01-23 04:58:16.700837
5688,20250501,20250510,9,87,3,384,352,2025-05-01,2025-05-07,2025-05-10,2025-05-10 16:50:00,2025-05-10 22:46:35.203706
5689,20250624,20250703,8,191,2,476,418,2025-06-24,2025-07-03,2025-07-03,2025-07-03 12:03:00,2025-07-04 00:55:25.207814
5690,20250811,20250814,2,119,1,232,208,2025-08-11,2025-08-14,2025-08-14,2025-08-14 10:20:00,2025-08-15 15:20:00.644348
5691,20250529,20250607,14,37,2,108,104,2025-05-29,2025-06-03,2025-06-07,2025-06-07 16:53:00,2025-06-08 21:59:06.240758
5692,20250828,20250904,15,72,2,291,274,2025-08-28,2025-09-02,2025-09-04,2025-09-04 12:43:00,2025-09-10 20:04:40.985698
5693,20250307,20250312,13,132,1,24,23,2025-03-07,2025-03-12,2025-03-12,2025-03-12 12:50:00,2025-03-13 19:54:06.093651
5694,20250605,20250615,1,185,3,296,277,2025-06-05,2025-06-12,2025-06-15,2025-06-15 12:27:00,2025-06-17 01:28:15.029605
5695,20250717,20250720,4,113,2,458,400,2025-07-17,2025-07-20,2025-07-20,2025-07-20 14:06:00,2025-07-22 11:08:27.259129
5696,20250215,20250228,15,178,1,44,40,2025-02-15,2025-02-25,2025-02-28,2025-02-28 07:09:00,2025-03-04 08:59:21.396225
5697,20250124,20250201,2,115,1,22,21,2025-01-24,2025-02-01,2025-02-01,2025-02-01 11:31:00,2025-02-02 20:47:22.861963
5698,20250120,20250127,10,104,2,114,103,2025-01-20,2025-01-28,2025-01-27,2025-01-27 12:46:00,2025-01-29 03:47:54.465219
5699,20250728,20250802,12,119,2,249,242,2025-07-28,2025-08-02,2025-08-02,2025-08-02 13:27:00,2025-08-07 12:55:07.971238
5700,20250221,20250225,1,58,2,399,357,2025-02-21,2025-02-25,2025-02-25,2025-02-25 15:41:00,2025-02-26 22:39:24.567449
5701,20250623,20250629,12,123,1,171,163,2025-06-23,2025-06-29,2025-06-29,2025-06-29 16:31:00,2025-06-30 14:34:33.262909
5702,20251205,20251211,14,121,1,366,320,2025-12-05,2025-12-11,2025-12-11,2025-12-11 10:56:00,2025-12-12 15:42:08.763645
5703,20250903,20250909,13,161,3,57,49,2025-09-03,2025-09-09,2025-09-09,2025-09-09 15:35:00,2025-09-12 16:07:39.139347
5704,20251021,20251031,3,28,2,141,130,2025-10-21,2025-10-31,2025-10-31,2025-10-31 11:29:00,2025-11-01 23:37:49.396876
5705,20250417,20250427,14,174,1,104,95,2025-04-17,2025-04-27,2025-04-27,2025-04-27 14:09:00,2025-05-01 18:58:02.244879
5706,20250507,20250516,11,72,1,491,476,2025-05-07,2025-05-14,2025-05-16,2025-05-16 07:26:00,2025-05-20 13:05:36.966904
5707,20250511,20250517,4,72,1,216,199,2025-05-11,2025-05-18,2025-05-17,2025-05-17 14:34:00,2025-05-19 12:34:14.752964
5708,20250516,20250522,11,146,1,104,97,2025-05-16,2025-05-19,2025-05-22,2025-05-22 12:35:00,2025-05-27 06:43:09.074019
5709,20250708,20250712,11,52,3,470,444,2025-07-08,2025-07-12,2025-07-12,2025-07-12 17:07:00,2025-07-12 22:19:55.968146
5710,20250311,20250317,2,1,2,404,375,2025-03-11,2025-03-17,2025-03-17,2025-03-17 07:59:00,2025-03-18 19:36:12.980961
5711,20250809,20250817,12,77,1,467,435,2025-08-09,2025-08-17,2025-08-17,2025-08-17 09:57:00,2025-08-18 18:34:09.214459
5712,20250221,20250302,9,30,3,24,23,2025-02-21,2025-03-02,2025-03-02,2025-03-02 08:34:00,2025-03-04 04:19:45.480369
5713,20250920,20250925,10,109,1,280,266,2025-09-20,2025-09-25,2025-09-25,2025-09-25 08:11:00,2025-09-27 12:41:36.931611
5714,20250222,20250226,14,165,2,392,384,2025-02-22,2025-02-26,2025-02-26,2025-02-26 07:31:00,2025-02-28 04:32:45.294355
5715,20250205,20250214,15,38,2,130,117,2025-02-05,2025-02-14,2025-02-14,2025-02-14 13:31:00,2025-02-17 13:59:09.262841
5716,20251105,20251110,12,39,2,79,68,2025-11-05,2025-11-10,2025-11-10,2025-11-10 07:51:00,2025-11-11 01:18:09.724936
5717,20250325,20250328,1,19,3,253,216,2025-03-25,2025-03-29,2025-03-28,2025-03-28 17:11:00,2025-04-04 17:01:47.808350
5718,20250710,20250716,2,110,1,325,323,2025-07-10,2025-07-13,2025-07-16,2025-07-16 10:23:00,2025-07-26 08:17:01.634549
5719,20250728,20250731,12,122,2,154,144,2025-07-28,2025-07-31,2025-07-31,2025-07-31 11:01:00,2025-08-02 04:09:05.518386
5720,20250822,20250830,9,12,2,177,157,2025-08-22,2025-08-28,2025-08-30,2025-08-30 14:56:00,2025-08-30 17:04:50.398911
5721,20250408,20250411,10,78,2,328,286,2025-04-08,2025-04-11,2025-04-11,2025-04-11 08:49:00,2025-04-14 03:49:09.107750
5722,20251109,20251111,2,19,1,213,211,2025-11-09,2025-11-12,2025-11-11,2025-11-11 15:03:00,2025-11-13 00:11:04.123139
5723,20251021,20251024,11,130,1,197,169,2025-10-21,2025-10-24,2025-10-24,2025-10-24 17:26:00,2025-10-28 20:24:38.830998
5724,20251017,20251020,12,90,1,445,389,2025-10-17,2025-10-20,2025-10-20,2025-10-20 07:14:00,2025-10-21 18:01:11.654952
5725,20250407,20250410,5,52,1,38,33,2025-04-07,2025-04-10,2025-04-10,2025-04-10 12:09:00,2025-04-15 08:02:54.129914
5726,20250830,20250905,5,118,3,431,402,2025-08-30,2025-09-04,2025-09-05,2025-09-05 15:35:00,2025-09-06 23:11:41.107436
5727,20250630,20250704,5,139,1,496,427,2025-06-30,2025-07-04,2025-07-04,2025-07-04 17:25:00,2025-07-05 01:52:06.578815
5728,20250616,20250621,10,119,1,390,335,2025-06-16,2025-06-21,2025-06-21,2025-06-21 17:52:00,2025-06-25 04:01:38.458318
5729,20250115,20250128,15,114,2,239,219,2025-01-15,2025-01-24,2025-01-28,2025-01-28 08:18:00,2025-01-29 19:29:56.583108
5730,20250728,20250802,5,11,1,307,304,2025-07-28,2025-08-02,2025-08-02,2025-08-02 11:43:00,2025-08-04 10:01:10.185605
5731,20250320,20250328,4,169,2,454,429,2025-03-20,2025-03-28,2025-03-28,2025-03-28 17:43:00,2025-03-29 05:13:14.950329
5732,20250610,20250620,14,175,3,347,321,2025-06-10,2025-06-20,2025-06-20,2025-06-20 13:15:00,2025-06-22 16:11:20.801509
5733,20250728,20250805,5,150,1,251,225,2025-07-28,2025-08-03,2025-08-05,2025-08-05 10:33:00,2025-08-16 10:15:14.821970
5734,20250820,20250828,12,154,1,369,329,2025-08-20,2025-08-28,2025-08-28,2025-08-28 12:15:00,2025-09-02 18:27:15.055979
5735,20250623,20250701,1,177,1,259,243,2025-06-23,2025-06-27,2025-07-01,2025-07-01 11:17:00,2025-07-02 10:03:57.949967
5736,20250517,20250521,3,40,1,27,26,2025-05-17,2025-05-21,2025-05-21,2025-05-21 11:11:00,2025-05-22 07:03:52.484219
5737,20250818,20250826,13,197,1,35,34,2025-08-18,2025-08-26,2025-08-26,2025-08-26 10:49:00,2025-08-28 14:25:35.735113
5738,20250824,20250830,7,127,2,487,432,2025-08-24,2025-08-28,2025-08-30,2025-08-30 15:26:00,2025-08-31 16:36:52.026738
5739,20250218,20250228,2,102,1,271,261,2025-02-18,2025-02-28,2025-02-28,2025-02-28 17:13:00,2025-03-01 06:39:26.250071
5740,20250505,20250513,11,161,1,311,270,2025-05-05,2025-05-13,2025-05-13,2025-05-13 13:23:00,2025-05-20 20:16:37.407064
5741,20250420,20250422,8,110,1,486,414,2025-04-20,2025-04-23,2025-04-22,2025-04-22 09:06:00,2025-04-25 07:36:38.793074
5742,20250226,20250301,4,65,3,364,317,2025-02-26,2025-03-02,2025-03-01,2025-03-01 16:25:00,2025-03-06 06:05:35.652995
5743,20250320,20250331,3,77,2,115,99,2025-03-20,2025-03-30,2025-03-31,2025-03-31 07:30:00,2025-04-03 00:37:35.027867
5744,20250202,20250207,2,79,1,59,55,2025-02-02,2025-02-07,2025-02-07,2025-02-07 10:21:00,2025-02-08 20:23:31.510123
5745,20250206,20250210,4,35,1,409,350,2025-02-06,2025-02-11,2025-02-10,2025-02-10 12:09:00,2025-02-10 21:07:28.880886
5746,20250626,20250629,13,141,1,467,443,2025-06-26,2025-06-29,2025-06-29,2025-06-29 11:26:00,2025-06-30 07:42:20.447714
5747,20250827,20250906,5,166,2,20,18,2025-08-27,2025-09-03,2025-09-06,2025-09-06 10:18:00,2025-09-11 07:51:19.109933
5748,20250121,20250201,1,77,1,483,471,2025-01-21,2025-01-27,2025-02-01,2025-02-01 16:14:00,2025-02-02 19:44:23.990151
5749,20250206,20250209,11,166,2,444,428,2025-02-06,2025-02-09,2025-02-09,2025-02-09 09:20:00,2025-02-13 01:10:59.854713
5750,20250520,20250527,2,20,2,335,300,2025-05-20,2025-05-27,2025-05-27,2025-05-27 12:34:00,2025-05-29 08:51:39.030722
5751,20250519,20250527,10,138,2,293,272,2025-05-19,2025-05-27,2025-05-27,2025-05-27 13:16:00,2025-05-28 21:52:29.064405
5752,20251012,20251017,10,133,2,70,69,2025-10-12,2025-10-16,2025-10-17,2025-10-17 16:10:00,2025-10-18 16:33:06.633962
5753,20250203,20250213,13,191,2,244,230,2025-02-03,2025-02-13,2025-02-13,2025-02-13 12:05:00,2025-02-21 18:29:15.876213
5754,20250417,20250430,14,171,1,83,77,2025-04-17,2025-04-27,2025-04-30,2025-04-30 11:52:00,2025-05-02 21:54:47.124474
5755,20250404,20250408,9,6,1,401,352,2025-04-04,2025-04-09,2025-04-08,2025-04-08 10:27:00,2025-04-09 17:20:07.858423
5756,20250403,20250413,2,89,1,82,77,2025-04-03,2025-04-13,2025-04-13,2025-04-13 15:35:00,2025-04-14 08:33:49.483111
5757,20251004,20251010,13,42,1,474,405,2025-10-04,2025-10-11,2025-10-10,2025-10-10 16:16:00,2025-10-12 16:15:13.896901
5758,20250802,20250807,9,66,2,298,271,2025-08-02,2025-08-08,2025-08-07,2025-08-07 16:04:00,2025-08-07 19:24:00.289340
5759,20250217,20250224,11,74,2,149,131,2025-02-17,2025-02-24,2025-02-24,2025-02-24 15:47:00,2025-02-25 14:05:51.080575
5760,20250102,20250106,8,168,2,22,20,2025-01-02,2025-01-06,2025-01-06,2025-01-06 12:29:00,2025-01-07 11:08:24.741867
5761,20250314,20250318,7,108,1,294,282,2025-03-14,2025-03-19,2025-03-18,2025-03-18 11:59:00,2025-03-23 13:58:58.205608
5762,20250330,20250402,7,40,1,439,386,2025-03-30,2025-04-03,2025-04-02,2025-04-02 07:29:00,2025-04-03 15:26:33.559920
5763,20250916,20250926,5,11,1,259,251,2025-09-16,2025-09-25,2025-09-26,2025-09-26 11:25:00,2025-09-29 14:44:51.792172
5764,20251202,20251212,3,20,2,293,258,2025-12-02,2025-12-12,2025-12-12,2025-12-12 15:55:00,2025-12-13 03:25:14.748506
5765,20251121,20251130,2,23,3,309,266,2025-11-21,2025-12-01,2025-11-30,2025-11-30 15:50:00,2025-12-03 01:00:43.893341
5766,20251202,20251208,12,15,2,56,51,2025-12-02,2025-12-09,2025-12-08,2025-12-08 11:52:00,2025-12-15 10:18:10.552088
5767,20250130,20250207,15,114,3,495,450,2025-01-30,2025-02-07,2025-02-07,2025-02-07 10:46:00,2025-02-09 17:58:44.988707
5768,20250317,20250324,5,177,2,186,161,2025-03-17,2025-03-25,2025-03-24,2025-03-24 09:21:00,2025-03-26 21:53:14.004185
5769,20251001,20251010,8,54,2,251,214,2025-10-01,2025-10-10,2025-10-10,2025-10-10 09:14:00,2025-10-14 20:40:31.895097
5770,20251030,20251105,14,73,1,300,295,2025-10-30,2025-11-02,2025-11-05,2025-11-05 12:09:00,2025-11-06 03:52:03.467967
5771,20251112,20251117,7,154,2,70,66,2025-11-12,2025-11-16,2025-11-17,2025-11-17 14:02:00,2025-11-20 00:55:57.956699
5772,20251014,20251024,8,33,2,234,224,2025-10-14,2025-10-24,2025-10-24,2025-10-24 17:19:00,2025-10-24 23:45:14.362409
5773,20250713,20250718,14,13,2,476,430,2025-07-13,2025-07-18,2025-07-18,2025-07-18 12:08:00,2025-07-19 19:20:58.838575
5774,20250425,20250503,8,90,1,244,228,2025-04-25,2025-05-03,2025-05-03,2025-05-03 09:16:00,2025-05-04 19:53:24.022967
5775,20250428,20250501,2,121,2,224,210,2025-04-28,2025-05-01,2025-05-01,2025-05-01 16:02:00,2025-05-04 09:24:08.510303
5776,20250510,20250514,4,38,1,58,49,2025-05-10,2025-05-14,2025-05-14,2025-05-14 16:12:00,2025-05-18 00:29:29.536302
5777,20250506,20250509,2,60,1,333,283,2025-05-06,2025-05-10,2025-05-09,2025-05-09 10:08:00,2025-05-10 05:19:58.932139
5778,20250401,20250406,7,46,2,443,396,2025-04-01,2025-04-06,2025-04-06,2025-04-06 11:30:00,2025-04-10 03:19:43.537795
5779,20250901,20250908,9,163,1,350,306,2025-09-01,2025-09-08,2025-09-08,2025-09-08 16:47:00,2025-09-11 14:59:59.911531
5780,20250531,20250605,5,19,1,98,93,2025-05-31,2025-06-05,2025-06-05,2025-06-05 16:17:00,2025-06-06 07:31:52.166592
5781,20251019,20251022,8,23,1,391,342,2025-10-19,2025-10-22,2025-10-22,2025-10-22 14:10:00,2025-10-24 05:10:20.305779
5782,20251006,20251010,8,47,1,328,282,2025-10-06,2025-10-10,2025-10-10,2025-10-10 14:35:00,2025-10-14 04:08:08.086252
5783,20250605,20250612,13,167,1,118,117,2025-06-05,2025-06-12,2025-06-12,2025-06-12 12:00:00,2025-06-13 09:55:04.924427
5784,20251030,20251102,13,5,1,73,70,2025-10-30,2025-11-03,2025-11-02,2025-11-02 12:30:00,2025-11-06 05:45:40.924450
5785,20250909,20250913,12,188,3,309,266,2025-09-09,2025-09-13,2025-09-13,2025-09-13 13:59:00,2025-09-18 19:48:20.541619
5786,20250523,20250602,6,180,2,79,70,2025-05-23,2025-06-02,2025-06-02,2025-06-02 15:15:00,2025-06-05 06:29:59.366976
5787,20250619,20250623,3,146,3,254,240,2025-06-19,2025-06-24,2025-06-23,2025-06-23 09:39:00,2025-06-24 23:56:11.319360
5788,20250315,20250326,7,24,2,70,65,2025-03-15,2025-03-21,2025-03-26,2025-03-26 07:20:00,2025-03-28 10:51:11.632360
5789,20250621,20250625,11,163,1,278,256,2025-06-21,2025-06-25,2025-06-25,2025-06-25 07:23:00,2025-06-27 05:04:48.681044
5790,20250217,20250227,13,69,1,90,85,2025-02-17,2025-02-27,2025-02-27,2025-02-27 14:48:00,2025-03-03 14:20:53.730117
5791,20250510,20250516,1,49,1,273,240,2025-05-10,2025-05-16,2025-05-16,2025-05-16 13:06:00,2025-05-18 12:39:46.753476
5792,20251116,20251123,13,96,2,234,214,2025-11-16,2025-11-23,2025-11-23,2025-11-23 11:43:00,2025-11-24 17:24:45.060404
5793,20251111,20251120,3,122,1,350,323,2025-11-11,2025-11-21,2025-11-20,2025-11-20 17:13:00,2025-11-22 11:07:17.466419
5794,20250318,20250325,13,130,1,180,165,2025-03-18,2025-03-25,2025-03-25,2025-03-25 12:26:00,2025-03-26 03:47:25.548510
5795,20250212,20250220,9,53,3,71,62,2025-02-12,2025-02-19,2025-02-20,2025-02-20 09:58:00,2025-02-21 00:43:45.468898
5796,20250616,20250624,5,181,3,333,332,2025-06-16,2025-06-24,2025-06-24,2025-06-24 13:59:00,2025-06-25 01:01:33.542172
5797,20250502,20250504,13,84,2,43,37,2025-05-02,2025-05-05,2025-05-04,2025-05-04 10:19:00,2025-05-06 20:16:44.867021
5798,20250625,20250701,4,168,2,341,332,2025-06-25,2025-06-29,2025-07-01,2025-07-01 07:24:00,2025-07-04 19:38:00.257968
5799,20250319,20250328,15,110,3,30,27,2025-03-19,2025-03-25,2025-03-28,2025-03-28 09:04:00,2025-04-01 14:35:38.767587
5800,20250210,20250218,8,107,2,53,48,2025-02-10,2025-02-18,2025-02-18,2025-02-18 08:27:00,2025-02-19 22:56:39.515301
5801,20250615,20250621,14,162,1,295,259,2025-06-15,2025-06-22,2025-06-21,2025-06-21 11:03:00,2025-06-22 18:58:31.787195
5802,20250903,20250911,4,13,3,68,64,2025-09-03,2025-09-11,2025-09-11,2025-09-11 13:16:00,2025-09-13 04:02:23.010579
5803,20251009,20251015,2,102,3,83,71,2025-10-09,2025-10-15,2025-10-15,2025-10-15 15:14:00,2025-10-18 02:16:09.466819
5804,20250613,20250621,4,25,1,363,308,2025-06-13,2025-06-22,2025-06-21,2025-06-21 11:17:00,2025-06-24 11:48:09.324625
5805,20251002,20251005,14,103,1,123,121,2025-10-02,2025-10-05,2025-10-05,2025-10-05 14:13:00,2025-10-14 09:08:09.169167
5806,20250909,20250915,6,95,2,294,273,2025-09-09,2025-09-15,2025-09-15,2025-09-15 17:16:00,2025-09-18 19:36:47.349858
5807,20250804,20250811,13,185,2,93,89,2025-08-04,2025-08-11,2025-08-11,2025-08-11 16:06:00,2025-08-15 01:45:48.791713
5808,20250419,20250427,15,192,2,435,398,2025-04-19,2025-04-27,2025-04-27,2025-04-27 13:26:00,2025-04-28 07:48:13.206602
5809,20250718,20250724,8,169,3,32,29,2025-07-18,2025-07-24,2025-07-24,2025-07-24 14:45:00,2025-07-25 14:55:43.450978
5810,20250203,20250209,14,149,2,189,175,2025-02-03,2025-02-08,2025-02-09,2025-02-09 07:47:00,2025-02-09 15:10:19.991830
5811,20250516,20250525,5,90,2,95,88,2025-05-16,2025-05-25,2025-05-25,2025-05-25 17:01:00,2025-05-30 12:59:59.213690
5812,20250105,20250113,4,189,2,179,155,2025-01-05,2025-01-14,2025-01-13,2025-01-13 10:57:00,2025-01-15 11:37:37.602092
5813,20250704,20250715,5,22,3,132,125,2025-07-04,2025-07-10,2025-07-15,2025-07-15 07:06:00,2025-07-16 18:18:10.883944
5814,20250915,20250926,9,117,2,277,272,2025-09-15,2025-09-21,2025-09-26,2025-09-26 08:34:00,2025-09-27 06:35:57.913454
5815,20250906,20250913,8,30,2,345,341,2025-09-06,2025-09-13,2025-09-13,2025-09-13 07:27:00,2025-09-15 08:45:49.173183
5816,20250527,20250531,11,59,2,195,167,2025-05-27,2025-05-31,2025-05-31,2025-05-31 15:23:00,2025-06-01 17:58:10.893284
5817,20250712,20250719,8,130,3,242,207,2025-07-12,2025-07-18,2025-07-19,2025-07-19 07:36:00,2025-07-20 23:04:31.914044
5818,20250410,20250414,7,194,2,91,86,2025-04-10,2025-04-15,2025-04-14,2025-04-14 14:21:00,2025-04-21 21:01:50.742428
5819,20250625,20250629,2,69,2,238,230,2025-06-25,2025-06-29,2025-06-29,2025-06-29 15:04:00,2025-07-07 20:18:07.465498
5820,20250227,20250311,15,146,1,221,210,2025-02-27,2025-03-07,2025-03-11,2025-03-11 13:57:00,2025-03-12 23:07:07.382814
5821,20250211,20250221,1,179,3,127,123,2025-02-11,2025-02-21,2025-02-21,2025-02-21 10:56:00,2025-02-24 11:02:26.444997
5822,20250327,20250403,5,72,1,169,148,2025-03-27,2025-04-03,2025-04-03,2025-04-03 10:30:00,2025-04-11 00:21:23.359884
5823,20250925,20251005,14,104,1,466,428,2025-09-25,2025-10-01,2025-10-05,2025-10-05 07:21:00,2025-10-06 22:29:47.640959
5824,20250328,20250331,7,45,3,188,160,2025-03-28,2025-03-31,2025-03-31,2025-03-31 11:23:00,2025-04-02 21:13:31.887663
5825,20251116,20251125,4,83,3,488,470,2025-11-16,2025-11-25,2025-11-25,2025-11-25 08:35:00,2025-11-28 13:11:04.035095
5826,20251113,20251119,12,142,2,338,334,2025-11-13,2025-11-19,2025-11-19,2025-11-19 15:57:00,2025-11-24 06:04:33.057209
5827,20250111,20250121,6,138,2,281,252,2025-01-11,2025-01-20,2025-01-21,2025-01-21 11:29:00,2025-01-23 07:55:52.224086
5828,20250504,20250512,15,154,2,194,174,2025-05-04,2025-05-12,2025-05-12,2025-05-12 16:45:00,2025-05-15 02:40:45.568877
5829,20250920,20250928,3,102,2,168,163,2025-09-20,2025-09-28,2025-09-28,2025-09-28 07:54:00,2025-09-30 20:45:09.193958
5830,20250426,20250503,6,24,1,261,237,2025-04-26,2025-05-03,2025-05-03,2025-05-03 17:50:00,2025-05-07 16:40:43.290973
5831,20250811,20250813,12,105,1,213,205,2025-08-11,2025-08-14,2025-08-13,2025-08-13 13:27:00,2025-08-14 18:34:53.459299
5832,20251106,20251109,13,144,1,332,293,2025-11-06,2025-11-09,2025-11-09,2025-11-09 09:09:00,2025-11-13 15:08:42.844567
5833,20250502,20250505,12,102,1,498,459,2025-05-02,2025-05-05,2025-05-05,2025-05-05 16:33:00,2025-05-07 08:03:51.768718
5834,20250117,20250126,4,24,1,409,359,2025-01-17,2025-01-26,2025-01-26,2025-01-26 11:41:00,2025-01-30 01:42:36.133578
5835,20250601,20250606,6,24,1,407,355,2025-06-01,2025-06-04,2025-06-06,2025-06-06 17:51:00,2025-06-07 23:21:40.291288
5836,20250927,20250930,9,79,1,269,245,2025-09-27,2025-09-30,2025-09-30,2025-09-30 11:29:00,2025-09-30 21:41:57.242459
5837,20250724,20250806,6,40,1,446,395,2025-07-24,2025-08-03,2025-08-06,2025-08-06 11:06:00,2025-08-07 23:15:33.174795
5838,20250131,20250207,7,131,3,428,404,2025-01-31,2025-02-05,2025-02-07,2025-02-07 13:54:00,2025-02-11 12:32:00.049103
5839,20250321,20250327,1,95,1,29,28,2025-03-21,2025-03-27,2025-03-27,2025-03-27 09:33:00,2025-03-27 22:02:46.065058
5840,20250202,20250205,13,170,1,372,354,2025-02-02,2025-02-05,2025-02-05,2025-02-05 12:34:00,2025-02-11 05:01:53.878888
5841,20250701,20250704,10,56,1,99,91,2025-07-01,2025-07-04,2025-07-04,2025-07-04 07:29:00,2025-07-05 09:02:52.442063
5842,20250112,20250123,1,199,1,197,188,2025-01-12,2025-01-20,2025-01-23,2025-01-23 13:36:00,2025-01-29 23:14:58.180305
5843,20250714,20250724,13,161,1,124,119,2025-07-14,2025-07-24,2025-07-24,2025-07-24 08:33:00,2025-07-25 13:22:42.535536
5844,20250723,20250728,4,18,2,402,369,2025-07-23,2025-07-28,2025-07-28,2025-07-28 09:25:00,2025-07-31 09:59:39.791605
5845,20250924,20251004,9,108,3,201,189,2025-09-24,2025-10-04,2025-10-04,2025-10-04 15:57:00,2025-10-06 13:41:44.572937
5846,20250821,20250827,4,96,2,134,123,2025-08-21,2025-08-28,2025-08-27,2025-08-27 15:29:00,2025-09-02 00:53:59.407079
5847,20250416,20250420,12,86,3,142,141,2025-04-16,2025-04-20,2025-04-20,2025-04-20 11:57:00,2025-04-26 18:35:26.759368
5848,20250612,20250621,1,58,3,320,291,2025-06-12,2025-06-21,2025-06-21,2025-06-21 16:51:00,2025-06-30 12:01:03.643928
5849,20250203,20250210,14,129,1,292,250,2025-02-03,2025-02-08,2025-02-10,2025-02-10 11:57:00,2025-02-14 15:48:17.700942
5850,20250224,20250306,10,125,1,490,461,2025-02-24,2025-03-06,2025-03-06,2025-03-06 17:07:00,2025-03-07 23:36:55.201693
5851,20250817,20250821,13,176,2,256,228,2025-08-17,2025-08-21,2025-08-21,2025-08-21 16:33:00,2025-08-26 17:52:06.186307
5852,20251119,20251124,4,183,1,280,257,2025-11-19,2025-11-25,2025-11-24,2025-11-24 08:22:00,2025-11-27 18:46:15.532030
5853,20250305,20250308,8,120,1,26,24,2025-03-05,2025-03-08,2025-03-08,2025-03-08 08:53:00,2025-03-10 01:14:52.080551
5854,20251125,20251202,12,170,3,365,346,2025-11-25,2025-12-02,2025-12-02,2025-12-02 12:40:00,2025-12-03 22:12:42.655442
5855,20251115,20251120,2,169,1,402,347,2025-11-15,2025-11-20,2025-11-20,2025-11-20 15:37:00,2025-11-23 13:56:13.044901
5856,20250811,20250822,9,147,2,390,345,2025-08-11,2025-08-17,2025-08-22,2025-08-22 10:12:00,2025-08-24 07:07:05.887885
5857,20250213,20250217,12,2,2,92,79,2025-02-13,2025-02-17,2025-02-17,2025-02-17 14:19:00,2025-02-19 13:10:32.404727
5858,20250430,20250509,10,63,1,272,264,2025-04-30,2025-05-09,2025-05-09,2025-05-09 13:08:00,2025-05-13 13:15:54.811941
5859,20250310,20250318,5,160,2,29,28,2025-03-10,2025-03-17,2025-03-18,2025-03-18 08:25:00,2025-03-19 14:53:12.929684
5860,20251025,20251030,7,163,2,319,283,2025-10-25,2025-10-31,2025-10-30,2025-10-30 08:26:00,2025-10-31 20:10:31.494098
5861,20250605,20250608,11,168,3,20,17,2025-06-05,2025-06-08,2025-06-08,2025-06-08 12:28:00,2025-06-10 15:14:42.748605
5862,20250318,20250321,4,44,1,242,226,2025-03-18,2025-03-21,2025-03-21,2025-03-21 07:02:00,2025-03-25 15:01:08.985413
5863,20250610,20250617,6,160,2,349,336,2025-06-10,2025-06-18,2025-06-17,2025-06-17 15:49:00,2025-06-20 07:04:26.344027
5864,20250817,20250825,2,138,1,437,424,2025-08-17,2025-08-26,2025-08-25,2025-08-25 16:17:00,2025-08-27 18:30:18.283779
5865,20250714,20250717,1,63,1,167,143,2025-07-14,2025-07-17,2025-07-17,2025-07-17 15:47:00,2025-07-19 23:54:52.164078
5866,20251020,20251029,12,102,3,300,285,2025-10-20,2025-10-29,2025-10-29,2025-10-29 16:53:00,2025-10-30 04:37:38.304062
5867,20250830,20250907,1,33,3,100,95,2025-08-30,2025-09-05,2025-09-07,2025-09-07 11:06:00,2025-09-10 19:30:38.412354
5868,20250415,20250420,3,155,1,320,273,2025-04-15,2025-04-20,2025-04-20,2025-04-20 15:25:00,2025-04-21 13:24:35.684853
5869,20250216,20250225,10,104,1,60,53,2025-02-16,2025-02-25,2025-02-25,2025-02-25 13:33:00,2025-02-28 08:23:13.929040
5870,20250125,20250204,1,172,1,316,282,2025-01-25,2025-02-04,2025-02-04,2025-02-04 14:38:00,2025-02-08 06:03:59.677090
5871,20250924,20251002,1,186,2,376,346,2025-09-24,2025-10-02,2025-10-02,2025-10-02 09:34:00,2025-10-05 10:24:12.643402
5872,20250103,20250106,13,66,1,306,275,2025-01-03,2025-01-06,2025-01-06,2025-01-06 12:32:00,2025-01-07 15:50:06.059564
5873,20250322,20250326,8,27,1,427,403,2025-03-22,2025-03-26,2025-03-26,2025-03-26 15:07:00,2025-03-30 05:25:27.476335
5874,20250112,20250117,12,122,1,47,42,2025-01-12,2025-01-17,2025-01-17,2025-01-17 10:25:00,2025-01-19 05:54:19.627589
5875,20250110,20250120,4,34,1,345,343,2025-01-10,2025-01-20,2025-01-20,2025-01-20 08:09:00,2025-01-21 06:11:49.203739
5876,20250216,20250228,14,143,2,83,72,2025-02-16,2025-02-26,2025-02-28,2025-02-28 16:58:00,2025-03-03 11:40:44.227452
5877,20251125,20251202,2,63,1,101,94,2025-11-25,2025-12-03,2025-12-02,2025-12-02 17:54:00,2025-12-05 23:21:20.705723
5878,20250624,20250704,15,164,1,38,34,2025-06-24,2025-06-30,2025-07-04,2025-07-04 14:55:00,2025-07-05 04:25:39.606653
5879,20250516,20250526,3,113,3,286,260,2025-05-16,2025-05-26,2025-05-26,2025-05-26 12:10:00,2025-05-28 01:41:59.850140
5880,20250112,20250120,1,108,1,398,350,2025-01-12,2025-01-18,2025-01-20,2025-01-20 08:32:00,2025-01-30 07:22:18.013995
5881,20250716,20250724,4,34,2,24,21,2025-07-16,2025-07-24,2025-07-24,2025-07-24 09:41:00,2025-07-29 12:14:04.779720
5882,20250512,20250521,15,181,3,128,121,2025-05-12,2025-05-21,2025-05-21,2025-05-21 08:50:00,2025-05-26 06:34:37.212680
5883,20250901,20250906,14,146,3,81,77,2025-09-01,2025-09-06,2025-09-06,2025-09-06 11:34:00,2025-09-11 11:16:36.743871
5884,20250828,20250910,9,116,2,97,90,2025-08-28,2025-09-07,2025-09-10,2025-09-10 14:27:00,2025-09-12 05:19:39.119634
5885,20251030,20251108,8,135,1,112,95,2025-10-30,2025-11-08,2025-11-08,2025-11-08 14:22:00,2025-11-10 14:22:33.255481
5886,20250630,20250707,9,86,2,67,59,2025-06-30,2025-07-07,2025-07-07,2025-07-07 10:58:00,2025-07-11 18:54:41.203431
5887,20250416,20250421,9,84,2,286,266,2025-04-16,2025-04-21,2025-04-21,2025-04-21 08:08:00,2025-04-26 23:38:42.743083
5888,20250311,20250321,11,152,1,343,326,2025-03-11,2025-03-21,2025-03-21,2025-03-21 15:38:00,2025-03-22 11:04:48.413379
5889,20251024,20251030,8,81,2,388,334,2025-10-24,2025-10-30,2025-10-30,2025-10-30 17:51:00,2025-11-03 08:51:25.090399
5890,20250721,20250731,14,71,2,323,303,2025-07-21,2025-07-31,2025-07-31,2025-07-31 09:57:00,2025-08-03 08:41:33.411194
5891,20250910,20250916,13,10,2,412,389,2025-09-10,2025-09-17,2025-09-16,2025-09-16 08:43:00,2025-09-19 04:30:08.295687
5892,20250609,20250618,10,165,2,29,27,2025-06-09,2025-06-18,2025-06-18,2025-06-18 10:11:00,2025-06-20 13:21:04.276839
5893,20251101,20251112,15,167,2,102,95,2025-11-01,2025-11-07,2025-11-12,2025-11-12 11:20:00,2025-11-17 05:59:16.337160
5894,20250127,20250204,8,97,1,168,165,2025-01-27,2025-02-04,2025-02-04,2025-02-04 10:04:00,2025-02-09 04:24:46.472923
5895,20250805,20250807,14,175,2,379,350,2025-08-05,2025-08-08,2025-08-07,2025-08-07 07:38:00,2025-08-08 18:25:33.335273
5896,20250513,20250520,7,48,3,52,48,2025-05-13,2025-05-17,2025-05-20,2025-05-20 17:19:00,2025-05-21 09:44:37.989541
5897,20251204,20251207,1,81,3,91,80,2025-12-04,2025-12-08,2025-12-07,2025-12-07 13:42:00,2025-12-08 12:26:07.185719
5898,20250606,20250615,2,71,1,454,421,2025-06-06,2025-06-16,2025-06-15,2025-06-15 16:37:00,2025-06-16 08:05:17.672153
5899,20251001,20251004,14,147,3,24,21,2025-10-01,2025-10-05,2025-10-04,2025-10-04 14:05:00,2025-10-05 09:24:18.065736
5900,20250124,20250131,9,86,1,37,35,2025-01-24,2025-01-31,2025-01-31,2025-01-31 07:46:00,2025-02-03 13:51:10.835991
5901,20250803,20250812,8,97,2,439,433,2025-08-03,2025-08-13,2025-08-12,2025-08-12 15:19:00,2025-08-15 09:55:16.854758
5902,20251119,20251127,2,155,1,192,182,2025-11-19,2025-11-22,2025-11-27,2025-11-27 07:13:00,2025-11-28 18:20:57.896690
5903,20250122,20250127,3,136,3,317,293,2025-01-22,2025-01-27,2025-01-27,2025-01-27 12:25:00,2025-01-29 16:02:31.218334
5904,20250530,20250609,12,47,1,263,236,2025-05-30,2025-06-09,2025-06-09,2025-06-09 07:01:00,2025-06-11 14:37:10.839007
5905,20250131,20250209,3,148,1,376,365,2025-01-31,2025-02-04,2025-02-09,2025-02-09 07:21:00,2025-02-16 14:58:35.564541
5906,20250722,20250730,10,84,3,295,252,2025-07-22,2025-07-30,2025-07-30,2025-07-30 13:32:00,2025-07-31 08:12:53.448828
5907,20250505,20250509,2,143,1,84,83,2025-05-05,2025-05-10,2025-05-09,2025-05-09 08:50:00,2025-05-10 01:13:19.820995
5908,20251130,20251208,7,137,2,457,416,2025-11-30,2025-12-06,2025-12-08,2025-12-08 13:50:00,2025-12-11 08:02:30.090473
5909,20250521,20250527,15,194,1,412,395,2025-05-21,2025-05-26,2025-05-27,2025-05-27 15:54:00,2025-05-30 16:52:51.793484
5910,20250723,20250801,12,37,3,66,59,2025-07-23,2025-08-02,2025-08-01,2025-08-01 07:01:00,2025-08-02 11:41:53.229472
5911,20250514,20250518,2,153,2,91,87,2025-05-14,2025-05-18,2025-05-18,2025-05-18 08:15:00,2025-05-20 02:01:05.443868
5912,20250529,20250604,15,5,2,66,61,2025-05-29,2025-06-04,2025-06-04,2025-06-04 07:50:00,2025-06-06 02:35:39.357447
5913,20250414,20250418,3,128,2,454,435,2025-04-14,2025-04-18,2025-04-18,2025-04-18 07:44:00,2025-04-20 03:24:47.159881
5914,20250820,20250831,5,110,2,333,314,2025-08-20,2025-08-27,2025-08-31,2025-08-31 14:48:00,2025-09-02 06:33:02.322611
5915,20250404,20250412,15,95,1,465,427,2025-04-04,2025-04-13,2025-04-12,2025-04-12 08:09:00,2025-04-16 08:17:00.900636
5916,20250106,20250114,4,113,1,370,346,2025-01-06,2025-01-14,2025-01-14,2025-01-14 15:51:00,2025-01-15 20:58:42.763673
5917,20250407,20250412,8,126,2,105,96,2025-04-07,2025-04-12,2025-04-12,2025-04-12 08:49:00,2025-04-13 22:16:34.507892
5918,20250428,20250505,11,152,1,303,282,2025-04-28,2025-05-02,2025-05-05,2025-05-05 15:01:00,2025-05-06 13:39:59.821779
5919,20250225,20250307,11,13,1,58,54,2025-02-25,2025-03-07,2025-03-07,2025-03-07 13:13:00,2025-03-08 15:23:39.619038
5920,20250718,20250721,8,54,2,450,408,2025-07-18,2025-07-21,2025-07-21,2025-07-21 10:54:00,2025-07-25 10:34:04.589829
5921,20250621,20250629,7,151,3,145,123,2025-06-21,2025-06-24,2025-06-29,2025-06-29 08:14:00,2025-06-30 21:28:43.072392
5922,20251114,20251118,5,49,1,493,485,2025-11-14,2025-11-18,2025-11-18,2025-11-18 16:44:00,2025-11-19 08:11:59.115620
5923,20251106,20251114,6,183,2,120,112,2025-11-06,2025-11-15,2025-11-14,2025-11-14 13:42:00,2025-11-15 01:33:34.975284
5924,20250109,20250118,11,42,3,98,92,2025-01-09,2025-01-18,2025-01-18,2025-01-18 15:32:00,2025-01-25 21:12:29.007356
5925,20251119,20251121,1,92,3,190,161,2025-11-19,2025-11-22,2025-11-21,2025-11-21 15:13:00,2025-11-22 22:09:52.567671
5926,20250914,20250922,11,11,1,370,361,2025-09-14,2025-09-19,2025-09-22,2025-09-22 12:05:00,2025-09-25 18:30:16.209488
5927,20250120,20250124,10,7,3,406,352,2025-01-20,2025-01-24,2025-01-24,2025-01-24 17:51:00,2025-01-28 22:53:49.537148
5928,20251025,20251028,13,132,1,314,289,2025-10-25,2025-10-28,2025-10-28,2025-10-28 12:25:00,2025-10-29 16:17:51.220679
5929,20250309,20250313,3,39,1,261,226,2025-03-09,2025-03-13,2025-03-13,2025-03-13 17:09:00,2025-03-14 23:23:32.102872
5930,20250714,20250720,9,4,1,453,398,2025-07-14,2025-07-17,2025-07-20,2025-07-20 09:19:00,2025-07-20 21:21:50.120622
5931,20250219,20250227,12,192,1,479,435,2025-02-19,2025-02-27,2025-02-27,2025-02-27 07:32:00,2025-03-03 04:09:36.839067
5932,20251102,20251112,2,185,3,437,424,2025-11-02,2025-11-12,2025-11-12,2025-11-12 15:08:00,2025-11-15 19:40:31.427737
5933,20250816,20250825,3,113,2,402,374,2025-08-16,2025-08-24,2025-08-25,2025-08-25 17:41:00,2025-08-26 14:26:25.178520
5934,20250330,20250402,2,90,1,115,99,2025-03-30,2025-04-02,2025-04-02,2025-04-02 17:05:00,2025-04-03 12:38:11.059301
5935,20250109,20250116,9,16,1,430,386,2025-01-09,2025-01-16,2025-01-16,2025-01-16 15:30:00,2025-01-19 06:27:56.273254
5936,20251109,20251115,7,12,1,129,123,2025-11-09,2025-11-16,2025-11-15,2025-11-15 13:47:00,2025-11-18 21:29:26.931471
5937,20251104,20251112,15,11,1,372,322,2025-11-04,2025-11-08,2025-11-12,2025-11-12 11:08:00,2025-11-16 05:14:03.261868
5938,20250731,20250808,2,197,1,416,394,2025-07-31,2025-08-08,2025-08-08,2025-08-08 09:39:00,2025-08-09 00:29:03.461824
5939,20250728,20250804,3,132,1,301,266,2025-07-28,2025-08-01,2025-08-04,2025-08-04 15:18:00,2025-08-06 14:11:53.741030
5940,20250104,20250109,4,41,1,456,390,2025-01-04,2025-01-09,2025-01-09,2025-01-09 08:55:00,2025-01-11 20:50:51.055132
5941,20250627,20250708,11,187,3,343,334,2025-06-27,2025-07-06,2025-07-08,2025-07-08 17:53:00,2025-07-10 20:19:27.330413
5942,20250528,20250605,11,73,2,472,442,2025-05-28,2025-06-06,2025-06-05,2025-06-05 08:44:00,2025-06-08 12:22:59.218528
5943,20250813,20250819,7,77,1,195,181,2025-08-13,2025-08-19,2025-08-19,2025-08-19 08:50:00,2025-08-23 12:02:51.369570
5944,20250705,20250714,10,128,1,316,283,2025-07-05,2025-07-12,2025-07-14,2025-07-14 16:25:00,2025-07-22 08:05:44.468316
5945,20250725,20250730,6,43,2,225,193,2025-07-25,2025-07-29,2025-07-30,2025-07-30 07:30:00,2025-07-31 00:02:59.071283
5946,20250917,20250926,6,89,1,26,24,2025-09-17,2025-09-25,2025-09-26,2025-09-26 17:35:00,2025-09-29 13:06:20.323928
5947,20251021,20251029,8,81,3,316,289,2025-10-21,2025-10-29,2025-10-29,2025-10-29 12:53:00,2025-11-03 17:11:42.978548
5948,20250323,20250404,15,161,1,230,226,2025-03-23,2025-03-30,2025-04-04,2025-04-04 13:42:00,2025-04-07 02:23:45.197094
5949,20250820,20250829,5,41,2,307,303,2025-08-20,2025-08-29,2025-08-29,2025-08-29 16:07:00,2025-08-30 14:29:48.367375
5950,20250605,20250616,11,48,3,186,185,2025-06-05,2025-06-14,2025-06-16,2025-06-16 13:06:00,2025-06-17 20:56:50.157725
5951,20251105,20251109,8,154,3,99,86,2025-11-05,2025-11-09,2025-11-09,2025-11-09 17:08:00,2025-11-14 06:46:18.452108
5952,20250405,20250415,4,45,2,43,37,2025-04-05,2025-04-15,2025-04-15,2025-04-15 13:59:00,2025-04-16 18:22:41.317155
5953,20250904,20250909,14,72,1,167,160,2025-09-04,2025-09-09,2025-09-09,2025-09-09 11:59:00,2025-09-12 14:13:01.193789
5954,20250422,20250426,12,67,1,463,460,2025-04-22,2025-04-26,2025-04-26,2025-04-26 15:44:00,2025-04-27 23:08:09.856915
5955,20250831,20250907,12,72,1,83,71,2025-08-31,2025-09-07,2025-09-07,2025-09-07 08:05:00,2025-09-08 14:46:24.771271
5956,20250530,20250604,12,27,3,48,40,2025-05-30,2025-06-04,2025-06-04,2025-06-04 14:25:00,2025-06-06 06:52:19.748284
5957,20250509,20250515,15,28,1,322,289,2025-05-09,2025-05-15,2025-05-15,2025-05-15 11:06:00,2025-05-15 16:15:56.914398
5958,20250831,20250910,4,19,1,127,121,2025-08-31,2025-09-10,2025-09-10,2025-09-10 12:20:00,2025-09-10 21:59:05.737913
5959,20250612,20250614,3,116,2,100,88,2025-06-12,2025-06-15,2025-06-14,2025-06-14 11:17:00,2025-06-15 21:22:42.716063
5960,20250409,20250416,13,58,1,394,346,2025-04-09,2025-04-17,2025-04-16,2025-04-16 12:12:00,2025-04-18 00:07:58.681522
5961,20250626,20250704,13,17,3,34,29,2025-06-26,2025-07-04,2025-07-04,2025-07-04 10:29:00,2025-07-07 20:56:48.797831
5962,20250630,20250706,14,190,1,53,51,2025-06-30,2025-07-07,2025-07-06,2025-07-06 09:17:00,2025-07-09 16:57:42.551904
5963,20250710,20250713,10,166,3,108,92,2025-07-10,2025-07-13,2025-07-13,2025-07-13 17:48:00,2025-07-16 06:12:41.479127
5964,20250911,20250914,12,200,2,194,178,2025-09-11,2025-09-14,2025-09-14,2025-09-14 08:08:00,2025-09-14 20:05:45.050771
5965,20250405,20250409,6,183,3,87,86,2025-04-05,2025-04-09,2025-04-09,2025-04-09 14:37:00,2025-04-12 17:05:07.832951
5966,20250314,20250317,4,57,3,405,403,2025-03-14,2025-03-18,2025-03-17,2025-03-17 10:35:00,2025-03-17 16:28:50.345687
5967,20250104,20250112,1,97,2,447,391,2025-01-04,2025-01-12,2025-01-12,2025-01-12 14:29:00,2025-01-15 19:43:43.915628
5968,20250714,20250717,14,157,2,257,250,2025-07-14,2025-07-17,2025-07-17,2025-07-17 12:07:00,2025-07-19 05:33:38.184090
5969,20250303,20250312,3,151,1,358,312,2025-03-03,2025-03-07,2025-03-12,2025-03-12 15:34:00,2025-03-16 06:59:29.254091
5970,20250927,20251001,5,93,1,132,118,2025-09-27,2025-10-01,2025-10-01,2025-10-01 10:56:00,2025-10-02 07:32:47.054369
5971,20250309,20250314,3,100,1,220,199,2025-03-09,2025-03-15,2025-03-14,2025-03-14 14:01:00,2025-03-14 22:23:11.526935
5972,20250209,20250215,8,152,1,94,91,2025-02-09,2025-02-15,2025-02-15,2025-02-15 12:23:00,2025-02-16 16:36:06.502432
5973,20250716,20250723,2,81,3,102,89,2025-07-16,2025-07-23,2025-07-23,2025-07-23 07:02:00,2025-07-25 09:48:50.510858
5974,20250723,20250730,4,106,1,284,259,2025-07-23,2025-07-30,2025-07-30,2025-07-30 10:12:00,2025-08-01 05:45:23.659292
5975,20251103,20251112,6,126,3,58,54,2025-11-03,2025-11-11,2025-11-12,2025-11-12 15:35:00,2025-11-15 14:13:11.445534
5976,20250507,20250513,4,67,1,312,300,2025-05-07,2025-05-14,2025-05-13,2025-05-13 14:46:00,2025-05-18 08:24:15.133512
5977,20250716,20250726,1,57,1,359,319,2025-07-16,2025-07-24,2025-07-26,2025-07-26 07:22:00,2025-07-31 09:47:38.108881
5978,20250108,20250116,2,50,2,431,397,2025-01-08,2025-01-17,2025-01-16,2025-01-16 15:15:00,2025-01-19 17:06:51.962647
5979,20251012,20251019,5,149,1,264,252,2025-10-12,2025-10-17,2025-10-19,2025-10-19 17:44:00,2025-10-21 04:31:22.575896
5980,20250118,20250125,8,124,1,199,170,2025-01-18,2025-01-25,2025-01-25,2025-01-25 12:21:00,2025-01-26 01:56:22.871784
5981,20250514,20250522,13,106,1,275,274,2025-05-14,2025-05-22,2025-05-22,2025-05-22 11:49:00,2025-05-23 17:24:35.644855
5982,20250303,20250307,11,115,2,231,228,2025-03-03,2025-03-07,2025-03-07,2025-03-07 16:00:00,2025-03-09 22:54:33.165034
5983,20250510,20250515,5,178,3,473,410,2025-05-10,2025-05-13,2025-05-15,2025-05-15 14:30:00,2025-05-16 11:08:47.570090
5984,20250607,20250617,15,188,1,122,113,2025-06-07,2025-06-15,2025-06-17,2025-06-17 12:32:00,2025-06-19 06:39:16.949582
5985,20250303,20250310,6,163,1,206,187,2025-03-03,2025-03-10,2025-03-10,2025-03-10 08:37:00,2025-03-11 05:07:26.577759
5986,20250706,20250712,4,85,3,465,458,2025-07-06,2025-07-10,2025-07-12,2025-07-12 15:06:00,2025-07-15 01:58:31.045363
5987,20250928,20251006,15,36,2,423,370,2025-09-28,2025-10-07,2025-10-06,2025-10-06 14:42:00,2025-10-09 21:54:12.338219
5988,20250723,20250731,9,43,1,284,266,2025-07-23,2025-07-31,2025-07-31,2025-07-31 15:05:00,2025-08-01 08:45:16.837844
5989,20250806,20250811,9,79,3,72,61,2025-08-06,2025-08-11,2025-08-11,2025-08-11 16:45:00,2025-08-14 17:07:57.720841
5990,20250923,20250929,2,22,1,38,33,2025-09-23,2025-09-29,2025-09-29,2025-09-29 12:56:00,2025-10-01 10:14:56.049582
5991,20251017,20251022,4,105,2,301,285,2025-10-17,2025-10-22,2025-10-22,2025-10-22 12:18:00,2025-10-23 07:56:10.526949
5992,20250111,20250120,15,118,1,180,163,2025-01-11,2025-01-20,2025-01-20,2025-01-20 11:39:00,2025-01-29 18:14:39.301445
5993,20250330,20250403,3,71,1,195,189,2025-03-30,2025-04-03,2025-04-03,2025-04-03 09:41:00,2025-04-04 03:00:13.088663
5994,20250612,20250617,4,103,1,184,179,2025-06-12,2025-06-17,2025-06-17,2025-06-17 11:04:00,2025-06-19 09:14:13.740041
5995,20250609,20250616,9,142,2,292,266,2025-06-09,2025-06-17,2025-06-16,2025-06-16 08:25:00,2025-06-22 06:39:37.547244
5996,20250907,20250913,7,140,1,60,59,2025-09-07,2025-09-13,2025-09-13,2025-09-13 08:20:00,2025-09-15 11:42:56.981122
5997,20250521,20250602,7,43,2,454,401,2025-05-21,2025-05-30,2025-06-02,2025-06-02 15:04:00,2025-06-07 03:11:24.428938
5998,20250307,20250316,8,25,1,105,94,2025-03-07,2025-03-16,2025-03-16,2025-03-16 08:13:00,2025-03-17 23:41:35.679454
5999,20250708,20250715,5,117,3,392,386,2025-07-08,2025-07-15,2025-07-15,2025-07-15 07:15:00,2025-07-16 23:15:32.483830
6000,20251005,20251010,14,54,1,242,228,2025-10-05,2025-10-10,2025-10-10,2025-10-10 10:30:00,2025-10-13 08:47:39.251624
6001,20250919,20250927,2,97,3,282,246,2025-09-19,2025-09-27,2025-09-27,2025-09-27 16:21:00,2025-09-30 12:59:01.988297
6002,20250206,20250219,11,195,3,86,76,2025-02-06,2025-02-14,2025-02-19,2025-02-19 07:07:00,2025-02-25 20:39:22.195741
6003,20250408,20250411,4,11,2,132,124,2025-04-08,2025-04-11,2025-04-11,2025-04-11 13:30:00,2025-04-14 11:01:22.572277
6004,20251102,20251109,13,131,3,464,414,2025-11-02,2025-11-09,2025-11-09,2025-11-09 10:38:00,2025-11-11 02:41:11.678536
6005,20250829,20250901,10,156,1,335,285,2025-08-29,2025-09-02,2025-09-01,2025-09-01 10:53:00,2025-09-04 15:33:23.424508
6006,20251125,20251129,8,5,1,123,104,2025-11-25,2025-11-29,2025-11-29,2025-11-29 09:21:00,2025-12-04 16:02:28.840072
6007,20250807,20250812,1,200,1,184,164,2025-08-07,2025-08-12,2025-08-12,2025-08-12 17:34:00,2025-08-15 08:15:33.522786
6008,20250617,20250625,8,2,1,367,355,2025-06-17,2025-06-25,2025-06-25,2025-06-25 09:56:00,2025-06-28 09:33:41.946912
6009,20251010,20251014,5,59,1,38,37,2025-10-10,2025-10-14,2025-10-14,2025-10-14 16:55:00,2025-10-15 05:40:10.868547
6010,20250916,20250922,12,55,3,199,183,2025-09-16,2025-09-22,2025-09-22,2025-09-22 12:00:00,2025-09-25 12:07:18.140624
6011,20250917,20250921,7,110,3,116,105,2025-09-17,2025-09-21,2025-09-21,2025-09-21 08:06:00,2025-09-21 22:08:27.245252
6012,20250426,20250505,1,41,1,44,39,2025-04-26,2025-05-01,2025-05-05,2025-05-05 13:39:00,2025-05-06 18:35:42.989607
6013,20250524,20250605,10,141,1,433,374,2025-05-24,2025-05-31,2025-06-05,2025-06-05 16:55:00,2025-06-07 14:04:40.357015
6014,20250615,20250624,10,83,3,68,58,2025-06-15,2025-06-24,2025-06-24,2025-06-24 17:06:00,2025-06-29 22:05:38.503222
6015,20250622,20250629,2,74,2,212,204,2025-06-22,2025-06-26,2025-06-29,2025-06-29 14:46:00,2025-07-02 10:27:06.660418
6016,20250123,20250126,10,60,1,109,103,2025-01-23,2025-01-27,2025-01-26,2025-01-26 17:32:00,2025-01-29 10:27:23.126981
6017,20250220,20250223,14,150,1,256,244,2025-02-20,2025-02-23,2025-02-23,2025-02-23 08:54:00,2025-02-25 20:52:19.377957
6018,20250214,20250223,2,19,2,212,210,2025-02-14,2025-02-24,2025-02-23,2025-02-23 08:33:00,2025-02-24 00:32:20.119593
6019,20250423,20250427,10,161,2,367,366,2025-04-23,2025-04-27,2025-04-27,2025-04-27 08:49:00,2025-04-30 17:52:16.264963
6020,20250430,20250511,7,21,1,400,374,2025-04-30,2025-05-09,2025-05-11,2025-05-11 08:41:00,2025-05-14 06:47:08.917323
6021,20250520,20250527,7,90,2,77,71,2025-05-20,2025-05-27,2025-05-27,2025-05-27 13:59:00,2025-05-29 07:09:48.291289
6022,20250813,20250822,1,199,3,103,100,2025-08-13,2025-08-20,2025-08-22,2025-08-22 11:22:00,2025-08-23 10:39:55.950295
6023,20251030,20251106,11,129,1,34,30,2025-10-30,2025-11-04,2025-11-06,2025-11-06 17:23:00,2025-11-08 21:49:32.900095
6024,20250214,20250222,5,128,2,142,135,2025-02-14,2025-02-19,2025-02-22,2025-02-22 10:49:00,2025-02-27 02:29:01.853390
6025,20251124,20251128,9,7,3,493,475,2025-11-24,2025-11-28,2025-11-28,2025-11-28 09:01:00,2025-12-02 17:22:47.045341
6026,20250528,20250612,8,103,2,462,461,2025-05-28,2025-06-07,2025-06-12,2025-06-12 17:48:00,2025-06-19 01:02:16.741430
6027,20250314,20250323,5,192,3,434,395,2025-03-14,2025-03-23,2025-03-23,2025-03-23 15:02:00,2025-03-27 05:23:17.392500
6028,20250320,20250330,6,91,2,32,31,2025-03-20,2025-03-29,2025-03-30,2025-03-30 09:39:00,2025-04-02 00:53:56.194420
6029,20250220,20250228,8,102,2,292,248,2025-02-20,2025-03-01,2025-02-28,2025-02-28 10:15:00,2025-03-02 08:57:03.113168
6030,20251106,20251112,13,37,2,360,331,2025-11-06,2025-11-12,2025-11-12,2025-11-12 16:59:00,2025-11-13 22:28:38.987588
6031,20250512,20250520,9,155,1,474,455,2025-05-12,2025-05-19,2025-05-20,2025-05-20 08:02:00,2025-05-22 02:07:05.797783
6032,20250215,20250221,11,171,1,431,392,2025-02-15,2025-02-22,2025-02-21,2025-02-21 09:24:00,2025-02-22 14:53:55.812137
6033,20250103,20250109,9,149,2,331,329,2025-01-03,2025-01-09,2025-01-09,2025-01-09 09:31:00,2025-01-10 01:54:27.935187
6034,20250427,20250504,8,123,3,408,359,2025-04-27,2025-05-04,2025-05-04,2025-05-04 10:00:00,2025-05-05 01:47:19.983096
6035,20250302,20250305,12,26,2,373,350,2025-03-02,2025-03-06,2025-03-05,2025-03-05 10:57:00,2025-03-08 16:09:47.028110
6036,20251113,20251121,1,139,3,285,272,2025-11-13,2025-11-16,2025-11-21,2025-11-21 16:40:00,2025-11-29 05:11:47.797134
6037,20250517,20250524,15,64,1,39,37,2025-05-17,2025-05-23,2025-05-24,2025-05-24 09:50:00,2025-05-25 02:39:36.688827
6038,20250612,20250618,8,42,3,95,89,2025-06-12,2025-06-19,2025-06-18,2025-06-18 10:27:00,2025-06-19 18:55:45.311369
6039,20250621,20250630,15,73,1,363,360,2025-06-21,2025-06-26,2025-06-30,2025-06-30 13:22:00,2025-07-02 04:37:02.661262
6040,20250318,20250325,8,1,3,488,427,2025-03-18,2025-03-25,2025-03-25,2025-03-25 17:10:00,2025-03-29 12:03:29.853608
6041,20250124,20250127,3,70,2,372,348,2025-01-24,2025-01-27,2025-01-27,2025-01-27 07:03:00,2025-02-01 01:44:08.752441
6042,20250830,20250904,4,155,1,460,430,2025-08-30,2025-09-04,2025-09-04,2025-09-04 08:58:00,2025-09-07 11:30:16.933238
6043,20251002,20251009,10,151,3,137,130,2025-10-02,2025-10-09,2025-10-09,2025-10-09 09:50:00,2025-10-11 03:04:59.895075
6044,20250411,20250416,2,190,1,209,197,2025-04-11,2025-04-16,2025-04-16,2025-04-16 11:56:00,2025-04-17 12:46:15.626979
6045,20250518,20250528,10,73,2,324,323,2025-05-18,2025-05-28,2025-05-28,2025-05-28 16:14:00,2025-05-30 14:54:41.867384
6046,20250131,20250210,14,86,1,117,101,2025-01-31,2025-02-09,2025-02-10,2025-02-10 13:13:00,2025-02-18 06:54:26.540536
6047,20250729,20250808,15,43,1,206,193,2025-07-29,2025-08-08,2025-08-08,2025-08-08 12:27:00,2025-08-09 19:39:46.481783
6048,20250313,20250320,6,126,1,348,308,2025-03-13,2025-03-20,2025-03-20,2025-03-20 17:08:00,2025-03-23 11:33:17.808213
6049,20251101,20251107,4,49,2,248,229,2025-11-01,2025-11-08,2025-11-07,2025-11-07 15:43:00,2025-11-08 20:29:20.942036
6050,20250521,20250531,3,34,2,223,218,2025-05-21,2025-05-31,2025-05-31,2025-05-31 07:23:00,2025-06-01 12:26:37.585921
6051,20250204,20250219,5,150,1,70,63,2025-02-04,2025-02-14,2025-02-19,2025-02-19 17:14:00,2025-02-27 07:52:34.267877
6052,20250129,20250207,12,94,1,403,395,2025-01-29,2025-02-07,2025-02-07,2025-02-07 16:01:00,2025-02-11 00:26:45.774759
6053,20251024,20251030,6,70,2,204,184,2025-10-24,2025-10-30,2025-10-30,2025-10-30 17:19:00,2025-11-01 16:28:33.863052
6054,20250217,20250226,14,35,1,249,231,2025-02-17,2025-02-26,2025-02-26,2025-02-26 13:30:00,2025-02-27 20:40:23.594289
6055,20250316,20250325,15,136,1,163,147,2025-03-16,2025-03-25,2025-03-25,2025-03-25 08:44:00,2025-03-30 15:54:19.209471
6056,20251119,20251128,2,94,1,203,182,2025-11-19,2025-11-23,2025-11-28,2025-11-28 13:44:00,2025-12-02 19:47:44.483988
6057,20250821,20250903,5,25,2,418,411,2025-08-21,2025-08-29,2025-09-03,2025-09-03 13:18:00,2025-09-07 14:03:11.917402
6058,20250606,20250617,1,164,3,391,346,2025-06-06,2025-06-16,2025-06-17,2025-06-17 11:47:00,2025-06-18 21:36:47.744889
6059,20251006,20251012,14,177,3,52,46,2025-10-06,2025-10-10,2025-10-12,2025-10-12 10:55:00,2025-10-14 12:13:34.568546
6060,20251005,20251008,5,61,3,108,95,2025-10-05,2025-10-09,2025-10-08,2025-10-08 07:59:00,2025-10-09 06:32:35.474521
6061,20250708,20250711,6,34,1,338,307,2025-07-08,2025-07-12,2025-07-11,2025-07-11 08:08:00,2025-07-12 14:26:22.793922
6062,20250925,20250927,13,38,1,85,78,2025-09-25,2025-09-28,2025-09-27,2025-09-27 07:39:00,2025-09-28 07:17:55.796771
6063,20251027,20251106,13,59,2,425,422,2025-10-27,2025-11-06,2025-11-06,2025-11-06 09:29:00,2025-11-08 18:24:47.231201
6064,20250804,20250808,1,31,2,138,123,2025-08-04,2025-08-08,2025-08-08,2025-08-08 10:11:00,2025-08-11 09:37:40.923288
6065,20250423,20250430,3,92,2,432,416,2025-04-23,2025-04-30,2025-04-30,2025-04-30 07:49:00,2025-05-01 18:18:54.073291
6066,20250924,20250929,10,2,1,448,435,2025-09-24,2025-09-29,2025-09-29,2025-09-29 17:21:00,2025-09-30 03:13:45.295588
6067,20251016,20251021,7,180,1,125,120,2025-10-16,2025-10-21,2025-10-21,2025-10-21 12:52:00,2025-10-24 22:47:06.627220
6068,20250420,20250427,15,70,3,65,62,2025-04-20,2025-04-25,2025-04-27,2025-04-27 17:49:00,2025-05-02 05:49:08.913078
6069,20250126,20250204,1,141,1,438,377,2025-01-26,2025-02-04,2025-02-04,2025-02-04 17:21:00,2025-02-05 07:42:00.784150
6070,20250920,20250922,2,42,2,485,421,2025-09-20,2025-09-23,2025-09-22,2025-09-22 10:52:00,2025-09-23 19:21:12.909566
6071,20250814,20250822,8,165,1,99,86,2025-08-14,2025-08-22,2025-08-22,2025-08-22 08:16:00,2025-08-25 09:11:59.305080
6072,20250515,20250521,12,104,1,446,409,2025-05-15,2025-05-21,2025-05-21,2025-05-21 07:53:00,2025-05-22 03:53:35.588598
6073,20250718,20250725,15,80,1,333,326,2025-07-18,2025-07-25,2025-07-25,2025-07-25 07:14:00,2025-07-26 23:30:02.241161
6074,20250625,20250629,13,63,3,120,112,2025-06-25,2025-06-30,2025-06-29,2025-06-29 12:40:00,2025-07-01 09:56:47.202937
6075,20250601,20250615,7,164,3,59,54,2025-06-01,2025-06-10,2025-06-15,2025-06-15 09:37:00,2025-06-16 04:33:10.383645
6076,20251101,20251112,15,157,2,57,54,2025-11-01,2025-11-08,2025-11-12,2025-11-12 15:36:00,2025-11-17 01:54:05.833907
6077,20251012,20251024,5,149,3,487,445,2025-10-12,2025-10-22,2025-10-24,2025-10-24 07:41:00,2025-10-26 23:57:35.688024
6078,20250404,20250412,11,107,1,101,88,2025-04-04,2025-04-12,2025-04-12,2025-04-12 17:26:00,2025-04-13 20:20:27.365193
6079,20250510,20250523,11,148,1,303,278,2025-05-10,2025-05-19,2025-05-23,2025-05-23 17:52:00,2025-05-27 18:44:25.407194
6080,20250412,20250417,9,15,2,297,289,2025-04-12,2025-04-17,2025-04-17,2025-04-17 10:23:00,2025-04-23 00:35:03.895869
6081,20250210,20250217,9,37,3,360,334,2025-02-10,2025-02-18,2025-02-17,2025-02-17 12:56:00,2025-02-17 14:56:00.000000
6082,20251112,20251118,8,53,3,176,149,2025-11-12,2025-11-18,2025-11-18,2025-11-18 08:25:00,2025-11-19 09:52:35.322198
6083,20250224,20250304,9,41,3,196,191,2025-02-24,2025-03-04,2025-03-04,2025-03-04 16:14:00,2025-03-05 10:31:50.685523
6084,20251102,20251111,15,30,1,220,211,2025-11-02,2025-11-11,2025-11-11,2025-11-11 13:32:00,2025-11-14 22:44:34.113856
6085,20251002,20251011,2,84,1,163,148,2025-10-02,2025-10-11,2025-10-11,2025-10-11 13:40:00,2025-10-12 17:27:50.693385
6086,20250708,20250714,4,191,3,466,461,2025-07-08,2025-07-14,2025-07-14,2025-07-14 09:13:00,2025-07-23 04:18:34.749323
6087,20250812,20250818,12,21,3,311,308,2025-08-12,2025-08-18,2025-08-18,2025-08-18 08:01:00,2025-08-19 23:01:37.769047
6088,20251007,20251015,4,145,1,420,414,2025-10-07,2025-10-15,2025-10-15,2025-10-15 15:14:00,2025-10-18 02:48:28.370274
6089,20250620,20250623,1,110,2,338,316,2025-06-20,2025-06-23,2025-06-23,2025-06-23 15:32:00,2025-06-27 14:16:45.716930
6090,20250705,20250712,4,128,2,240,236,2025-07-05,2025-07-12,2025-07-12,2025-07-12 16:43:00,2025-07-16 00:26:44.086058
6091,20250210,20250218,13,170,2,422,399,2025-02-10,2025-02-19,2025-02-18,2025-02-18 15:48:00,2025-02-19 06:02:53.394465
6092,20250107,20250113,3,146,1,301,291,2025-01-07,2025-01-14,2025-01-13,2025-01-13 17:41:00,2025-01-14 00:01:30.205048
6093,20251019,20251022,7,109,1,442,376,2025-10-19,2025-10-22,2025-10-22,2025-10-22 15:13:00,2025-10-28 21:28:31.583777
6094,20250821,20250831,3,44,1,370,337,2025-08-21,2025-08-31,2025-08-31,2025-08-31 15:28:00,2025-09-04 09:51:38.058107
6095,20250124,20250205,5,26,3,110,108,2025-01-24,2025-02-01,2025-02-05,2025-02-05 16:18:00,2025-02-06 22:09:04.492835
6096,20250327,20250405,14,164,3,215,198,2025-03-27,2025-04-03,2025-04-05,2025-04-05 13:30:00,2025-04-06 22:43:51.131496
6097,20250115,20250127,7,56,2,142,134,2025-01-15,2025-01-23,2025-01-27,2025-01-27 09:29:00,2025-01-28 08:11:38.446850
6098,20250307,20250312,2,155,1,87,75,2025-03-07,2025-03-13,2025-03-12,2025-03-12 17:28:00,2025-03-17 10:37:05.613044
6099,20250802,20250814,5,104,1,305,262,2025-08-02,2025-08-11,2025-08-14,2025-08-14 15:48:00,2025-08-16 17:11:49.908476
6100,20250408,20250413,11,167,3,88,83,2025-04-08,2025-04-13,2025-04-13,2025-04-13 11:37:00,2025-04-22 04:33:05.043065
6101,20250424,20250501,6,148,2,24,23,2025-04-24,2025-05-01,2025-05-01,2025-05-01 11:40:00,2025-05-07 01:10:55.814504
6102,20250912,20250915,6,96,2,388,367,2025-09-12,2025-09-15,2025-09-15,2025-09-15 07:20:00,2025-09-16 13:22:21.171331
6103,20250420,20250428,6,179,1,191,185,2025-04-20,2025-04-23,2025-04-28,2025-04-28 16:30:00,2025-05-02 04:06:18.007626
6104,20250622,20250625,14,128,3,203,202,2025-06-22,2025-06-26,2025-06-25,2025-06-25 07:39:00,2025-06-28 16:19:12.676728
6105,20251205,20251219,11,127,3,252,249,2025-12-05,2025-12-14,2025-12-19,2025-12-19 16:42:00,2025-12-23 04:12:17.069153
6106,20251123,20251127,6,75,2,353,315,2025-11-23,2025-11-28,2025-11-27,2025-11-27 09:42:00,2025-11-30 01:21:50.610974
6107,20251026,20251103,13,168,1,212,186,2025-10-26,2025-11-03,2025-11-03,2025-11-03 11:42:00,2025-11-03 15:51:05.959516
6108,20250430,20250504,12,110,1,490,459,2025-04-30,2025-05-04,2025-05-04,2025-05-04 15:03:00,2025-05-04 22:51:30.705306
6109,20251103,20251111,9,88,1,427,386,2025-11-03,2025-11-09,2025-11-11,2025-11-11 12:04:00,2025-11-13 18:59:56.026974
6110,20250916,20250921,6,127,1,179,153,2025-09-16,2025-09-21,2025-09-21,2025-09-21 12:22:00,2025-09-23 23:19:35.355373
6111,20251012,20251023,13,88,1,188,174,2025-10-12,2025-10-21,2025-10-23,2025-10-23 11:39:00,2025-10-26 11:37:49.368425
6112,20250208,20250217,4,190,2,96,90,2025-02-08,2025-02-12,2025-02-17,2025-02-17 10:44:00,2025-02-24 15:24:26.877317
6113,20250518,20250524,6,141,2,358,336,2025-05-18,2025-05-24,2025-05-24,2025-05-24 11:03:00,2025-05-29 22:33:53.465858
6114,20250317,20250328,9,60,3,446,432,2025-03-17,2025-03-27,2025-03-28,2025-03-28 13:51:00,2025-03-31 06:56:08.755958
6115,20250421,20250430,6,3,2,239,227,2025-04-21,2025-05-01,2025-04-30,2025-04-30 15:34:00,2025-05-02 21:53:27.176186
6116,20250427,20250501,6,135,1,425,400,2025-04-27,2025-05-02,2025-05-01,2025-05-01 16:53:00,2025-05-04 10:02:27.615994
6117,20250125,20250203,12,121,1,363,325,2025-01-25,2025-02-03,2025-02-03,2025-02-03 08:00:00,2025-02-04 14:51:30.150957
6118,20250328,20250331,12,115,1,301,287,2025-03-28,2025-03-31,2025-03-31,2025-03-31 08:56:00,2025-03-31 22:15:48.900760
6119,20251129,20251206,3,77,3,110,105,2025-11-29,2025-12-06,2025-12-06,2025-12-06 12:57:00,2025-12-08 23:56:07.263093
6120,20250821,20250901,5,45,1,469,461,2025-08-21,2025-08-27,2025-09-01,2025-09-01 16:06:00,2025-09-04 13:34:30.542913
6121,20250515,20250519,1,159,3,44,40,2025-05-15,2025-05-19,2025-05-19,2025-05-19 12:34:00,2025-05-21 07:47:49.454934
6122,20250818,20250825,10,70,1,41,37,2025-08-18,2025-08-25,2025-08-25,2025-08-25 11:53:00,2025-08-26 08:03:06.133478
6123,20250425,20250429,4,106,2,204,187,2025-04-25,2025-04-30,2025-04-29,2025-04-29 16:03:00,2025-04-29 18:28:37.244926
6124,20250420,20250424,10,152,1,192,172,2025-04-20,2025-04-25,2025-04-24,2025-04-24 11:36:00,2025-04-27 11:48:15.489159
6125,20251101,20251104,7,159,1,479,477,2025-11-01,2025-11-04,2025-11-04,2025-11-04 08:34:00,2025-11-07 14:37:38.509748
6126,20250324,20250401,11,138,1,56,50,2025-03-24,2025-03-29,2025-04-01,2025-04-01 08:24:00,2025-04-02 09:16:11.467609
6127,20250514,20250523,9,1,1,363,343,2025-05-14,2025-05-24,2025-05-23,2025-05-23 13:08:00,2025-05-24 02:30:42.791515
6128,20250313,20250317,3,192,2,164,153,2025-03-13,2025-03-17,2025-03-17,2025-03-17 09:05:00,2025-03-20 17:17:26.024300
6129,20250321,20250329,15,99,1,322,301,2025-03-21,2025-03-29,2025-03-29,2025-03-29 08:43:00,2025-03-31 09:23:23.109137
6130,20251018,20251025,7,46,1,39,38,2025-10-18,2025-10-24,2025-10-25,2025-10-25 09:21:00,2025-10-28 20:57:52.338003
6131,20251110,20251117,4,162,2,368,338,2025-11-10,2025-11-17,2025-11-17,2025-11-17 07:37:00,2025-11-18 11:32:10.848945
6132,20251014,20251019,1,200,2,372,353,2025-10-14,2025-10-17,2025-10-19,2025-10-19 07:08:00,2025-10-20 04:37:22.932641
6133,20250615,20250624,7,50,1,251,233,2025-06-15,2025-06-24,2025-06-24,2025-06-24 14:54:00,2025-06-27 05:47:38.506981
6134,20251102,20251106,6,122,1,245,240,2025-11-02,2025-11-06,2025-11-06,2025-11-06 09:37:00,2025-11-07 02:19:37.239763
6135,20250114,20250123,8,25,1,107,102,2025-01-14,2025-01-23,2025-01-23,2025-01-23 14:45:00,2025-01-26 10:11:12.473055
6136,20250602,20250607,4,80,1,204,182,2025-06-02,2025-06-08,2025-06-07,2025-06-07 15:01:00,2025-06-08 19:15:33.140818
6137,20250614,20250623,5,119,1,120,112,2025-06-14,2025-06-23,2025-06-23,2025-06-23 14:54:00,2025-06-25 19:19:51.026312
6138,20251004,20251013,14,39,2,230,206,2025-10-04,2025-10-13,2025-10-13,2025-10-13 13:35:00,2025-10-15 19:12:01.554851
6139,20250716,20250721,4,80,3,179,154,2025-07-16,2025-07-21,2025-07-21,2025-07-21 10:41:00,2025-07-22 14:44:45.007529
6140,20250503,20250509,12,93,1,68,65,2025-05-03,2025-05-09,2025-05-09,2025-05-09 08:42:00,2025-05-11 18:56:59.310832
6141,20250218,20250223,10,80,2,302,283,2025-02-18,2025-02-23,2025-02-23,2025-02-23 11:10:00,2025-02-27 10:39:16.845539
6142,20250713,20250721,5,190,1,370,351,2025-07-13,2025-07-22,2025-07-21,2025-07-21 07:02:00,2025-08-03 16:33:50.602139
6143,20250725,20250802,15,142,2,414,405,2025-07-25,2025-08-03,2025-08-02,2025-08-02 16:03:00,2025-08-07 10:46:50.403960
6144,20251028,20251101,4,37,1,195,188,2025-10-28,2025-11-01,2025-11-01,2025-11-01 10:23:00,2025-11-01 23:46:14.571217
6145,20250910,20250912,9,135,1,199,181,2025-09-10,2025-09-13,2025-09-12,2025-09-12 09:12:00,2025-09-13 15:34:16.738078
6146,20251122,20251202,12,16,2,162,152,2025-11-22,2025-12-02,2025-12-02,2025-12-02 07:54:00,2025-12-04 16:52:39.097469
6147,20250907,20250914,4,148,1,86,81,2025-09-07,2025-09-13,2025-09-14,2025-09-14 14:09:00,2025-09-16 04:23:02.151934
6148,20250127,20250208,7,66,3,106,101,2025-01-27,2025-02-06,2025-02-08,2025-02-08 12:13:00,2025-02-08 21:57:30.164570
6149,20250705,20250713,9,114,2,323,321,2025-07-05,2025-07-14,2025-07-13,2025-07-13 10:27:00,2025-07-14 12:19:49.570262
6150,20250131,20250207,14,135,1,333,311,2025-01-31,2025-02-08,2025-02-07,2025-02-07 07:01:00,2025-02-10 22:07:39.707729
6151,20250106,20250109,2,46,1,453,439,2025-01-06,2025-01-09,2025-01-09,2025-01-09 07:53:00,2025-01-10 03:50:25.406573
6152,20251021,20251024,4,146,2,118,102,2025-10-21,2025-10-25,2025-10-24,2025-10-24 17:42:00,2025-10-28 17:58:47.056998
6153,20250519,20250529,1,138,2,377,334,2025-05-19,2025-05-25,2025-05-29,2025-05-29 15:08:00,2025-05-31 03:43:25.836395
6154,20250111,20250116,14,38,2,116,99,2025-01-11,2025-01-16,2025-01-16,2025-01-16 15:04:00,2025-01-18 06:31:06.740124
6155,20250623,20250703,11,57,1,445,426,2025-06-23,2025-07-03,2025-07-03,2025-07-03 10:35:00,2025-07-06 01:14:53.941226
6156,20250705,20250715,14,68,3,202,172,2025-07-05,2025-07-11,2025-07-15,2025-07-15 11:49:00,2025-07-20 06:41:20.921005
6157,20250428,20250503,14,97,1,194,190,2025-04-28,2025-05-03,2025-05-03,2025-05-03 08:15:00,2025-05-06 11:50:49.223898
6158,20250915,20250919,7,28,1,321,312,2025-09-15,2025-09-19,2025-09-19,2025-09-19 09:09:00,2025-09-20 15:54:12.455958
6159,20250313,20250323,3,61,2,338,293,2025-03-13,2025-03-23,2025-03-23,2025-03-23 09:48:00,2025-03-24 03:32:15.177059
6160,20250202,20250212,11,193,2,321,314,2025-02-02,2025-02-11,2025-02-12,2025-02-12 11:10:00,2025-02-14 20:56:02.924962
6161,20250226,20250301,11,28,1,211,190,2025-02-26,2025-03-02,2025-03-01,2025-03-01 07:01:00,2025-03-05 04:59:46.174088
6162,20251202,20251211,8,47,1,355,325,2025-12-02,2025-12-12,2025-12-11,2025-12-11 11:42:00,2025-12-14 21:03:33.462758
6163,20250830,20250904,7,77,2,356,339,2025-08-30,2025-09-04,2025-09-04,2025-09-04 13:46:00,2025-09-07 01:46:11.191838
6164,20250719,20250723,8,83,2,467,415,2025-07-19,2025-07-23,2025-07-23,2025-07-23 17:54:00,2025-07-26 12:30:29.054297
6165,20250219,20250301,7,11,2,482,460,2025-02-19,2025-02-24,2025-03-01,2025-03-01 15:28:00,2025-03-03 14:38:52.059180
6166,20250404,20250414,13,141,1,374,352,2025-04-04,2025-04-14,2025-04-14,2025-04-14 11:15:00,2025-04-17 02:25:29.232668
6167,20250814,20250825,1,148,1,463,451,2025-08-14,2025-08-23,2025-08-25,2025-08-25 12:16:00,2025-08-30 07:44:35.361629
6168,20250108,20250114,8,181,1,122,113,2025-01-08,2025-01-14,2025-01-14,2025-01-14 08:15:00,2025-01-14 17:05:10.216474
6169,20250813,20250821,9,170,2,370,365,2025-08-13,2025-08-22,2025-08-21,2025-08-21 14:08:00,2025-08-23 02:17:16.239282
6170,20250811,20250813,7,40,1,281,252,2025-08-11,2025-08-14,2025-08-13,2025-08-13 10:54:00,2025-08-14 13:16:40.336874
6171,20251108,20251115,14,14,2,406,395,2025-11-08,2025-11-11,2025-11-15,2025-11-15 11:13:00,2025-11-17 04:51:31.455848
6172,20250223,20250227,3,130,1,140,129,2025-02-23,2025-02-27,2025-02-27,2025-02-27 13:50:00,2025-03-01 03:32:31.275430
6173,20250705,20250709,6,153,1,275,272,2025-07-05,2025-07-09,2025-07-09,2025-07-09 10:28:00,2025-07-13 11:37:42.615641
6174,20250328,20250402,15,155,3,449,421,2025-03-28,2025-04-01,2025-04-02,2025-04-02 17:13:00,2025-04-05 20:25:19.220700
6175,20250126,20250204,4,122,2,195,178,2025-01-26,2025-02-04,2025-02-04,2025-02-04 16:34:00,2025-02-06 17:42:19.488640
6176,20250913,20250918,8,6,3,370,316,2025-09-13,2025-09-18,2025-09-18,2025-09-18 15:25:00,2025-09-20 16:17:40.370322
6177,20250506,20250510,6,106,1,399,386,2025-05-06,2025-05-11,2025-05-10,2025-05-10 13:18:00,2025-05-11 04:49:52.871594
6178,20250120,20250124,8,132,3,481,464,2025-01-20,2025-01-24,2025-01-24,2025-01-24 07:00:00,2025-01-26 12:18:08.701483
6179,20251128,20251205,7,115,1,441,394,2025-11-28,2025-12-04,2025-12-05,2025-12-05 13:39:00,2025-12-05 21:19:46.472334
6180,20250628,20250707,11,132,1,104,102,2025-06-28,2025-07-05,2025-07-07,2025-07-07 07:31:00,2025-07-09 03:12:45.893582
6181,20251108,20251112,10,147,2,131,115,2025-11-08,2025-11-12,2025-11-12,2025-11-12 15:18:00,2025-11-14 06:23:30.494153
6182,20250122,20250128,12,130,3,24,22,2025-01-22,2025-01-28,2025-01-28,2025-01-28 15:40:00,2025-01-31 06:45:00.108378
6183,20250313,20250319,2,34,2,56,50,2025-03-13,2025-03-19,2025-03-19,2025-03-19 11:34:00,2025-03-26 00:20:42.284663
6184,20250213,20250221,10,16,1,496,486,2025-02-13,2025-02-21,2025-02-21,2025-02-21 08:22:00,2025-02-25 22:06:19.032138
6185,20250416,20250424,5,119,2,442,430,2025-04-16,2025-04-21,2025-04-24,2025-04-24 14:28:00,2025-04-26 09:04:59.116462
6186,20250713,20250721,2,35,3,170,165,2025-07-13,2025-07-21,2025-07-21,2025-07-21 17:14:00,2025-07-25 13:45:50.203158
6187,20250530,20250612,1,114,1,387,341,2025-05-30,2025-06-09,2025-06-12,2025-06-12 10:10:00,2025-06-17 04:33:54.605959
6188,20250428,20250505,7,199,1,194,193,2025-04-28,2025-05-01,2025-05-05,2025-05-05 14:52:00,2025-05-10 03:06:48.995592
6189,20251125,20251202,1,105,3,349,332,2025-11-25,2025-12-02,2025-12-02,2025-12-02 13:10:00,2025-12-06 18:05:20.930809
6190,20251013,20251022,8,164,2,468,459,2025-10-13,2025-10-22,2025-10-22,2025-10-22 07:03:00,2025-10-23 13:23:36.191216
6191,20250219,20250227,11,66,2,495,449,2025-02-19,2025-02-28,2025-02-27,2025-02-27 13:40:00,2025-03-03 20:57:16.193842
6192,20250615,20250619,15,113,1,71,70,2025-06-15,2025-06-20,2025-06-19,2025-06-19 16:10:00,2025-06-21 02:31:27.506360
6193,20250704,20250707,13,162,1,495,457,2025-07-04,2025-07-07,2025-07-07,2025-07-07 12:14:00,2025-07-09 14:07:51.832154
6194,20250216,20250225,5,57,1,272,259,2025-02-16,2025-02-26,2025-02-25,2025-02-25 15:17:00,2025-03-08 12:58:19.891743
6195,20250509,20250512,6,146,1,314,268,2025-05-09,2025-05-13,2025-05-12,2025-05-12 08:23:00,2025-05-15 17:11:02.466979
6196,20251020,20251029,15,172,3,180,172,2025-10-20,2025-10-29,2025-10-29,2025-10-29 12:17:00,2025-11-05 16:26:01.358099
6197,20250228,20250310,12,112,1,425,387,2025-02-28,2025-03-10,2025-03-10,2025-03-10 09:55:00,2025-03-11 21:02:20.498718
6198,20250216,20250225,5,177,2,72,69,2025-02-16,2025-02-22,2025-02-25,2025-02-25 09:06:00,2025-02-27 12:03:13.768759
6199,20250706,20250711,13,115,1,394,341,2025-07-06,2025-07-11,2025-07-11,2025-07-11 07:02:00,2025-07-15 03:24:33.076161
6200,20250118,20250121,9,5,2,132,131,2025-01-18,2025-01-21,2025-01-21,2025-01-21 08:04:00,2025-01-26 05:56:50.961014
6201,20251005,20251008,2,92,2,98,94,2025-10-05,2025-10-08,2025-10-08,2025-10-08 15:00:00,2025-10-14 10:07:55.193412
6202,20250916,20250928,15,12,1,184,166,2025-09-16,2025-09-25,2025-09-28,2025-09-28 13:37:00,2025-10-01 16:24:45.831052
6203,20251006,20251009,5,122,2,65,55,2025-10-06,2025-10-09,2025-10-09,2025-10-09 14:43:00,2025-10-10 10:43:44.622501
6204,20250726,20250805,11,182,2,173,156,2025-07-26,2025-07-31,2025-08-05,2025-08-05 12:53:00,2025-08-07 09:22:03.580256
6205,20250609,20250614,10,114,2,334,288,2025-06-09,2025-06-14,2025-06-14,2025-06-14 13:01:00,2025-06-17 08:15:36.951055
6206,20250225,20250308,14,152,2,168,155,2025-02-25,2025-03-04,2025-03-08,2025-03-08 16:16:00,2025-03-10 13:25:02.137047
6207,20250704,20250707,10,125,2,446,396,2025-07-04,2025-07-07,2025-07-07,2025-07-07 09:59:00,2025-07-08 07:23:07.762902
6208,20250326,20250404,3,105,1,380,341,2025-03-26,2025-04-04,2025-04-04,2025-04-04 15:08:00,2025-04-07 06:29:19.504771
6209,20250922,20251003,7,25,1,259,245,2025-09-22,2025-10-02,2025-10-03,2025-10-03 12:27:00,2025-10-06 06:42:59.973659
6210,20251029,20251105,13,125,3,92,88,2025-10-29,2025-11-05,2025-11-05,2025-11-05 07:37:00,2025-11-05 15:28:13.441269
6211,20251015,20251021,2,122,1,319,310,2025-10-15,2025-10-22,2025-10-21,2025-10-21 13:22:00,2025-10-22 03:39:35.960276
6212,20251126,20251207,4,24,3,91,83,2025-11-26,2025-12-05,2025-12-07,2025-12-07 14:11:00,2025-12-08 07:52:41.966927
6213,20250823,20250827,7,55,2,327,299,2025-08-23,2025-08-28,2025-08-27,2025-08-27 09:20:00,2025-08-28 18:01:06.861142
6214,20250620,20250629,10,162,1,408,366,2025-06-20,2025-06-29,2025-06-29,2025-06-29 08:24:00,2025-07-02 18:45:15.684647
6215,20251029,20251102,12,181,3,215,212,2025-10-29,2025-11-03,2025-11-02,2025-11-02 09:40:00,2025-11-12 01:00:20.063662
6216,20250328,20250406,2,200,2,336,306,2025-03-28,2025-04-06,2025-04-06,2025-04-06 16:40:00,2025-04-10 03:35:18.939826
6217,20250823,20250827,12,93,2,479,447,2025-08-23,2025-08-27,2025-08-27,2025-08-27 07:00:00,2025-08-27 13:37:34.565770
6218,20251003,20251007,4,138,1,188,181,2025-10-03,2025-10-07,2025-10-07,2025-10-07 13:19:00,2025-10-08 14:27:39.743972
6219,20250415,20250418,2,61,3,120,111,2025-04-15,2025-04-19,2025-04-18,2025-04-18 15:26:00,2025-04-21 20:46:23.331009
6220,20250507,20250513,12,61,3,313,295,2025-05-07,2025-05-14,2025-05-13,2025-05-13 11:13:00,2025-05-18 16:52:34.583444
6221,20250731,20250804,3,55,3,98,92,2025-07-31,2025-08-04,2025-08-04,2025-08-04 16:30:00,2025-08-06 04:13:59.735723
6222,20250424,20250503,11,23,2,276,236,2025-04-24,2025-05-03,2025-05-03,2025-05-03 11:30:00,2025-05-09 02:07:19.766090
6223,20250729,20250807,11,50,1,401,388,2025-07-29,2025-08-07,2025-08-07,2025-08-07 12:04:00,2025-08-13 05:39:11.695624
6224,20251125,20251130,1,143,1,61,52,2025-11-25,2025-11-30,2025-11-30,2025-11-30 15:56:00,2025-12-03 13:45:34.785728
6225,20250306,20250317,6,16,1,349,347,2025-03-06,2025-03-12,2025-03-17,2025-03-17 09:03:00,2025-03-23 22:42:48.761967
6226,20250706,20250711,6,91,2,350,307,2025-07-06,2025-07-09,2025-07-11,2025-07-11 14:00:00,2025-07-13 02:43:26.429832
6227,20251007,20251016,1,156,3,490,465,2025-10-07,2025-10-16,2025-10-16,2025-10-16 15:20:00,2025-10-18 15:18:14.522037
6228,20251107,20251115,10,50,1,388,347,2025-11-07,2025-11-15,2025-11-15,2025-11-15 08:51:00,2025-11-17 20:57:50.369365
6229,20250412,20250416,4,96,2,142,123,2025-04-12,2025-04-17,2025-04-16,2025-04-16 09:52:00,2025-04-21 13:20:30.422859
6230,20250512,20250520,1,7,1,378,357,2025-05-12,2025-05-20,2025-05-20,2025-05-20 08:32:00,2025-05-23 11:40:11.781743
6231,20250608,20250623,5,135,1,467,462,2025-06-08,2025-06-18,2025-06-23,2025-06-23 14:33:00,2025-06-23 21:07:49.166163
6232,20250321,20250331,8,18,1,56,54,2025-03-21,2025-03-31,2025-03-31,2025-03-31 08:14:00,2025-04-07 02:33:12.676263
6233,20250728,20250806,11,147,1,243,220,2025-07-28,2025-08-06,2025-08-06,2025-08-06 11:57:00,2025-08-07 15:14:10.882640
6234,20250827,20250903,6,76,2,268,261,2025-08-27,2025-09-02,2025-09-03,2025-09-03 10:43:00,2025-09-08 14:24:40.706043
6235,20250215,20250224,15,82,1,409,356,2025-02-15,2025-02-24,2025-02-24,2025-02-24 08:34:00,2025-02-26 13:34:26.552138
6236,20250628,20250702,4,68,3,448,413,2025-06-28,2025-07-03,2025-07-02,2025-07-02 12:12:00,2025-07-03 09:38:06.677904
6237,20250523,20250527,13,41,1,470,447,2025-05-23,2025-05-27,2025-05-27,2025-05-27 16:34:00,2025-05-30 01:11:40.015595
6238,20251006,20251009,4,124,2,377,349,2025-10-06,2025-10-09,2025-10-09,2025-10-09 10:02:00,2025-10-13 23:12:33.409579
6239,20250322,20250326,8,3,3,311,267,2025-03-22,2025-03-26,2025-03-26,2025-03-26 13:36:00,2025-03-28 05:02:29.675405
6240,20251116,20251126,3,37,1,204,193,2025-11-16,2025-11-26,2025-11-26,2025-11-26 09:59:00,2025-11-27 22:24:01.684800
6241,20250622,20250625,2,62,2,335,286,2025-06-22,2025-06-25,2025-06-25,2025-06-25 08:18:00,2025-07-02 11:01:19.322549
6242,20250628,20250705,10,41,3,92,90,2025-06-28,2025-07-05,2025-07-05,2025-07-05 13:56:00,2025-07-06 08:51:57.282775
6243,20251012,20251022,4,103,1,98,84,2025-10-12,2025-10-22,2025-10-22,2025-10-22 12:23:00,2025-10-24 18:19:48.154923
6244,20251023,20251027,3,72,1,44,41,2025-10-23,2025-10-28,2025-10-27,2025-10-27 08:17:00,2025-10-29 11:33:49.570650
6245,20251111,20251115,8,134,2,98,83,2025-11-11,2025-11-15,2025-11-15,2025-11-15 13:09:00,2025-11-19 04:49:52.637933
6246,20251119,20251125,13,128,2,473,433,2025-11-19,2025-11-25,2025-11-25,2025-11-25 12:53:00,2025-11-26 03:49:26.515487
6247,20250928,20251003,11,186,1,91,85,2025-09-28,2025-10-02,2025-10-03,2025-10-03 07:02:00,2025-10-03 15:21:14.584513
6248,20250531,20250610,15,168,3,72,64,2025-05-31,2025-06-10,2025-06-10,2025-06-10 13:50:00,2025-06-11 14:05:13.363220
6249,20250804,20250812,8,155,2,202,179,2025-08-04,2025-08-12,2025-08-12,2025-08-12 07:16:00,2025-08-14 19:49:29.111251
6250,20250628,20250706,8,181,1,124,119,2025-06-28,2025-07-07,2025-07-06,2025-07-06 16:54:00,2025-07-13 04:29:41.078734
6251,20250906,20250916,9,199,1,44,40,2025-09-06,2025-09-16,2025-09-16,2025-09-16 10:37:00,2025-09-18 02:53:02.098056
6252,20250115,20250123,3,161,1,409,402,2025-01-15,2025-01-23,2025-01-23,2025-01-23 17:10:00,2025-01-25 12:55:12.029118
6253,20250424,20250501,9,157,1,437,413,2025-04-24,2025-05-01,2025-05-01,2025-05-01 08:50:00,2025-05-02 22:22:20.542795
6254,20251202,20251212,15,164,3,133,132,2025-12-02,2025-12-12,2025-12-12,2025-12-12 13:33:00,2025-12-13 14:05:54.019964
6255,20251018,20251021,1,31,1,476,418,2025-10-18,2025-10-22,2025-10-21,2025-10-21 12:25:00,2025-10-22 14:31:39.935680
6256,20250408,20250415,15,10,1,395,386,2025-04-08,2025-04-15,2025-04-15,2025-04-15 15:48:00,2025-04-17 14:55:31.841847
6257,20250228,20250306,10,149,3,273,245,2025-02-28,2025-03-06,2025-03-06,2025-03-06 11:36:00,2025-03-07 19:47:44.075675
6258,20251109,20251120,15,113,3,306,280,2025-11-09,2025-11-19,2025-11-20,2025-11-20 08:35:00,2025-11-22 21:38:37.949406
6259,20250322,20250331,6,193,2,282,256,2025-03-22,2025-03-29,2025-03-31,2025-03-31 12:01:00,2025-04-03 07:21:38.102950
6260,20250103,20250111,10,183,3,348,330,2025-01-03,2025-01-09,2025-01-11,2025-01-11 07:03:00,2025-01-11 21:05:41.397317
6261,20251118,20251124,11,54,1,385,354,2025-11-18,2025-11-22,2025-11-24,2025-11-24 10:33:00,2025-11-30 15:55:59.032816
6262,20251113,20251124,11,21,3,54,52,2025-11-13,2025-11-19,2025-11-24,2025-11-24 08:42:00,2025-11-26 09:37:26.738121
6263,20250906,20250910,2,5,2,66,65,2025-09-06,2025-09-10,2025-09-10,2025-09-10 09:42:00,2025-09-13 05:53:55.498797
6264,20250503,20250511,11,104,1,125,108,2025-05-03,2025-05-07,2025-05-11,2025-05-11 17:14:00,2025-05-12 06:37:46.602399
6265,20250812,20250825,1,45,1,228,203,2025-08-12,2025-08-22,2025-08-25,2025-08-25 16:46:00,2025-08-28 05:09:41.279151
6266,20250607,20250614,1,149,1,83,72,2025-06-07,2025-06-12,2025-06-14,2025-06-14 10:23:00,2025-06-19 18:49:51.990488
6267,20250207,20250211,12,167,1,489,450,2025-02-07,2025-02-11,2025-02-11,2025-02-11 09:20:00,2025-02-12 06:38:43.256404
6268,20250620,20250625,4,121,1,296,282,2025-06-20,2025-06-26,2025-06-25,2025-06-25 15:29:00,2025-06-27 04:43:42.002994
6269,20250520,20250527,8,161,2,271,242,2025-05-20,2025-05-27,2025-05-27,2025-05-27 09:20:00,2025-05-28 10:31:59.252989
6270,20251129,20251207,15,97,2,364,331,2025-11-29,2025-12-02,2025-12-07,2025-12-07 07:34:00,2025-12-17 06:51:26.899435
6271,20250831,20250903,13,146,1,375,324,2025-08-31,2025-09-04,2025-09-03,2025-09-03 16:04:00,2025-09-07 03:59:42.791198
6272,20250703,20250708,14,96,1,254,253,2025-07-03,2025-07-08,2025-07-08,2025-07-08 12:21:00,2025-07-09 07:27:42.598816
6273,20250705,20250709,8,182,2,299,292,2025-07-05,2025-07-09,2025-07-09,2025-07-09 09:16:00,2025-07-10 18:43:31.746527
6274,20250605,20250613,5,119,1,91,80,2025-06-05,2025-06-10,2025-06-13,2025-06-13 17:33:00,2025-06-15 14:51:44.270292
6275,20250312,20250320,8,65,2,295,268,2025-03-12,2025-03-20,2025-03-20,2025-03-20 17:05:00,2025-03-21 20:37:56.285273
6276,20250816,20250820,7,195,3,140,127,2025-08-16,2025-08-20,2025-08-20,2025-08-20 08:49:00,2025-08-23 11:56:20.538283
6277,20250525,20250529,12,193,1,188,160,2025-05-25,2025-05-29,2025-05-29,2025-05-29 08:07:00,2025-06-02 00:04:09.755685
6278,20250628,20250705,2,111,1,253,227,2025-06-28,2025-07-06,2025-07-05,2025-07-05 13:10:00,2025-07-06 16:56:53.266630
6279,20250418,20250426,13,51,2,257,229,2025-04-18,2025-04-26,2025-04-26,2025-04-26 16:29:00,2025-04-28 23:05:12.254927
6280,20251008,20251013,11,127,2,343,324,2025-10-08,2025-10-13,2025-10-13,2025-10-13 13:16:00,2025-10-16 19:24:46.662831
6281,20250407,20250415,11,95,2,488,461,2025-04-07,2025-04-14,2025-04-15,2025-04-15 12:14:00,2025-04-16 10:17:23.231456
6282,20250924,20250927,10,38,2,27,24,2025-09-24,2025-09-27,2025-09-27,2025-09-27 07:11:00,2025-09-29 15:43:53.054856
6283,20251011,20251017,9,28,1,191,185,2025-10-11,2025-10-17,2025-10-17,2025-10-17 07:52:00,2025-10-24 16:04:10.547669
6284,20250830,20250904,3,121,2,406,346,2025-08-30,2025-09-05,2025-09-04,2025-09-04 15:30:00,2025-09-16 04:42:41.322231
6285,20250720,20250729,13,27,2,97,84,2025-07-20,2025-07-29,2025-07-29,2025-07-29 11:41:00,2025-07-31 20:12:49.510766
6286,20250625,20250703,10,19,1,351,334,2025-06-25,2025-07-03,2025-07-03,2025-07-03 11:06:00,2025-07-04 04:56:16.555694
6287,20250203,20250213,4,99,3,34,29,2025-02-03,2025-02-09,2025-02-13,2025-02-13 17:27:00,2025-02-14 17:16:19.568250
6288,20250224,20250302,6,73,1,45,39,2025-02-24,2025-02-28,2025-03-02,2025-03-02 08:24:00,2025-03-03 11:45:21.877108
6289,20251202,20251206,4,47,1,114,109,2025-12-02,2025-12-06,2025-12-06,2025-12-06 13:33:00,2025-12-08 11:09:24.398795
6290,20250505,20250512,13,32,1,367,329,2025-05-05,2025-05-12,2025-05-12,2025-05-12 14:50:00,2025-05-24 01:19:17.608582
6291,20250208,20250220,5,68,1,223,220,2025-02-08,2025-02-17,2025-02-20,2025-02-20 15:03:00,2025-02-23 09:33:10.695922
6292,20250714,20250722,4,52,2,154,137,2025-07-14,2025-07-22,2025-07-22,2025-07-22 10:53:00,2025-07-28 20:47:02.200569
6293,20250212,20250218,5,189,1,22,20,2025-02-12,2025-02-18,2025-02-18,2025-02-18 08:20:00,2025-02-18 15:02:03.859034
6294,20250808,20250812,9,158,1,159,156,2025-08-08,2025-08-12,2025-08-12,2025-08-12 08:12:00,2025-08-13 09:38:49.051687
6295,20250919,20250926,6,136,3,344,303,2025-09-19,2025-09-25,2025-09-26,2025-09-26 11:54:00,2025-09-28 07:03:11.402782
6296,20250801,20250805,7,122,2,489,455,2025-08-01,2025-08-05,2025-08-05,2025-08-05 13:08:00,2025-08-05 16:26:27.376133
6297,20250404,20250410,12,14,1,48,42,2025-04-04,2025-04-11,2025-04-10,2025-04-10 09:59:00,2025-04-11 01:48:10.673745
6298,20250520,20250523,14,162,2,456,437,2025-05-20,2025-05-23,2025-05-23,2025-05-23 16:14:00,2025-05-25 20:03:01.503633
6299,20250302,20250313,13,170,3,422,398,2025-03-02,2025-03-09,2025-03-13,2025-03-13 12:42:00,2025-03-17 03:20:19.935345
6300,20250318,20250322,15,104,2,86,78,2025-03-18,2025-03-22,2025-03-22,2025-03-22 13:49:00,2025-03-22 21:40:38.743194
6301,20251201,20251206,3,140,1,457,443,2025-12-01,2025-12-06,2025-12-06,2025-12-06 11:50:00,2025-12-06 18:19:58.501497
6302,20250421,20250425,4,136,2,354,339,2025-04-21,2025-04-24,2025-04-25,2025-04-25 16:01:00,2025-04-26 00:55:56.509710
6303,20250228,20250314,7,2,1,442,404,2025-02-28,2025-03-10,2025-03-14,2025-03-14 07:46:00,2025-03-16 15:35:19.807533
6304,20250807,20250814,15,50,3,185,168,2025-08-07,2025-08-10,2025-08-14,2025-08-14 15:58:00,2025-08-18 08:02:20.385677
6305,20250729,20250804,14,138,1,352,343,2025-07-29,2025-08-04,2025-08-04,2025-08-04 10:46:00,2025-08-11 09:02:12.966021
6306,20251018,20251023,10,196,3,83,72,2025-10-18,2025-10-23,2025-10-23,2025-10-23 07:37:00,2025-10-26 18:42:02.838198
6307,20251105,20251112,7,117,2,436,374,2025-11-05,2025-11-10,2025-11-12,2025-11-12 07:36:00,2025-11-13 20:39:34.933747
6308,20250713,20250716,12,138,1,239,219,2025-07-13,2025-07-16,2025-07-16,2025-07-16 13:14:00,2025-07-17 21:59:27.779933
6309,20250919,20250926,13,145,2,254,253,2025-09-19,2025-09-26,2025-09-26,2025-09-26 12:43:00,2025-09-29 04:59:14.416636
6310,20250807,20250810,2,77,1,62,56,2025-08-07,2025-08-10,2025-08-10,2025-08-10 10:45:00,2025-08-12 01:10:47.335481
6311,20250416,20250425,14,25,2,222,204,2025-04-16,2025-04-25,2025-04-25,2025-04-25 13:54:00,2025-04-28 00:58:09.657404
6312,20250315,20250318,12,41,1,97,89,2025-03-15,2025-03-18,2025-03-18,2025-03-18 16:21:00,2025-03-20 09:07:00.286946
6313,20250905,20250911,9,28,2,77,69,2025-09-05,2025-09-11,2025-09-11,2025-09-11 14:40:00,2025-09-12 18:32:08.737449
6314,20250523,20250526,6,137,1,319,305,2025-05-23,2025-05-26,2025-05-26,2025-05-26 08:32:00,2025-05-27 23:49:25.765902
6315,20250605,20250610,9,74,1,395,365,2025-06-05,2025-06-10,2025-06-10,2025-06-10 07:37:00,2025-06-11 05:50:51.688013
6316,20250418,20250430,6,140,3,495,487,2025-04-18,2025-04-26,2025-04-30,2025-04-30 10:16:00,2025-05-01 09:43:44.222609
6317,20250312,20250325,9,123,1,451,439,2025-03-12,2025-03-22,2025-03-25,2025-03-25 09:45:00,2025-03-29 17:55:48.799848
6318,20251023,20251028,2,47,1,92,86,2025-10-23,2025-10-28,2025-10-28,2025-10-28 13:28:00,2025-11-01 04:03:26.646621
6319,20251010,20251016,11,147,1,357,348,2025-10-10,2025-10-15,2025-10-16,2025-10-16 17:44:00,2025-10-19 19:55:05.487832
6320,20250108,20250119,7,179,2,250,222,2025-01-08,2025-01-14,2025-01-19,2025-01-19 17:51:00,2025-01-23 05:58:06.596794
6321,20250723,20250727,3,80,2,447,399,2025-07-23,2025-07-28,2025-07-27,2025-07-27 12:23:00,2025-07-28 23:56:53.438301
6322,20250930,20251007,13,107,1,249,245,2025-09-30,2025-10-07,2025-10-07,2025-10-07 13:37:00,2025-10-08 02:25:38.939071
6323,20250422,20250428,4,155,1,288,250,2025-04-22,2025-04-28,2025-04-28,2025-04-28 14:33:00,2025-04-30 03:24:14.122907
6324,20250103,20250109,4,174,1,194,192,2025-01-03,2025-01-09,2025-01-09,2025-01-09 07:19:00,2025-01-14 06:07:14.521639
6325,20250630,20250703,1,75,1,397,369,2025-06-30,2025-07-03,2025-07-03,2025-07-03 12:27:00,2025-07-04 23:26:34.767536
6326,20250319,20250327,8,104,3,391,350,2025-03-19,2025-03-27,2025-03-27,2025-03-27 07:21:00,2025-03-29 03:51:02.484494
6327,20250528,20250603,8,195,1,156,149,2025-05-28,2025-06-04,2025-06-03,2025-06-03 15:23:00,2025-06-06 18:31:32.785647
6328,20250125,20250131,3,50,1,75,74,2025-01-25,2025-01-31,2025-01-31,2025-01-31 16:30:00,2025-02-01 19:45:14.818854
6329,20250409,20250415,7,157,1,109,94,2025-04-09,2025-04-15,2025-04-15,2025-04-15 11:53:00,2025-04-18 09:00:31.949463
6330,20250309,20250314,5,188,3,128,124,2025-03-09,2025-03-15,2025-03-14,2025-03-14 08:39:00,2025-03-17 01:46:25.366174
6331,20250126,20250129,1,47,2,485,476,2025-01-26,2025-01-29,2025-01-29,2025-01-29 09:06:00,2025-02-05 01:05:40.668015
6332,20250120,20250129,5,136,1,110,106,2025-01-20,2025-01-25,2025-01-29,2025-01-29 14:22:00,2025-02-01 08:35:01.803540
6333,20251112,20251120,9,51,1,382,378,2025-11-12,2025-11-20,2025-11-20,2025-11-20 10:57:00,2025-11-22 20:03:49.062878
6334,20250324,20250329,9,60,2,458,390,2025-03-24,2025-03-30,2025-03-29,2025-03-29 12:27:00,2025-03-30 23:34:43.196009
6335,20250124,20250129,13,89,3,155,139,2025-01-24,2025-01-27,2025-01-29,2025-01-29 12:20:00,2025-01-30 04:27:06.096559
6336,20250812,20250822,1,48,1,53,48,2025-08-12,2025-08-18,2025-08-22,2025-08-22 09:17:00,2025-08-22 15:11:29.406791
6337,20250404,20250412,9,136,3,380,342,2025-04-04,2025-04-13,2025-04-12,2025-04-12 07:20:00,2025-04-14 07:51:10.169202
6338,20250629,20250709,8,170,2,73,69,2025-06-29,2025-07-05,2025-07-09,2025-07-09 17:05:00,2025-07-12 08:26:04.331415
6339,20250807,20250810,1,198,3,179,165,2025-08-07,2025-08-10,2025-08-10,2025-08-10 10:51:00,2025-08-10 17:40:21.816831
6340,20250815,20250823,11,70,2,231,205,2025-08-15,2025-08-23,2025-08-23,2025-08-23 12:06:00,2025-08-27 02:39:05.892550
6341,20250312,20250319,14,72,1,194,170,2025-03-12,2025-03-20,2025-03-19,2025-03-19 17:52:00,2025-03-21 00:32:30.824855
6342,20251120,20251122,3,48,1,439,425,2025-11-20,2025-11-23,2025-11-22,2025-11-22 12:42:00,2025-11-23 08:20:01.504084
6343,20250220,20250301,6,73,3,233,215,2025-02-20,2025-03-01,2025-03-01,2025-03-01 12:29:00,2025-03-03 05:56:19.636566
6344,20250325,20250328,12,37,1,281,261,2025-03-25,2025-03-28,2025-03-28,2025-03-28 15:07:00,2025-04-01 19:08:03.934077
6345,20250331,20250403,11,121,3,138,118,2025-03-31,2025-04-03,2025-04-03,2025-04-03 09:23:00,2025-04-07 14:49:43.972558
6346,20251115,20251120,12,146,3,159,153,2025-11-15,2025-11-20,2025-11-20,2025-11-20 07:18:00,2025-11-23 21:20:04.492426
6347,20250512,20250517,7,45,1,60,57,2025-05-12,2025-05-16,2025-05-17,2025-05-17 07:59:00,2025-05-19 01:11:21.381877
6348,20250527,20250603,5,49,3,459,403,2025-05-27,2025-05-31,2025-06-03,2025-06-03 08:18:00,2025-06-06 06:16:02.863226
6349,20251102,20251109,6,96,3,390,336,2025-11-02,2025-11-05,2025-11-09,2025-11-09 07:59:00,2025-11-12 08:18:51.716312
6350,20250402,20250410,13,111,1,433,378,2025-04-02,2025-04-11,2025-04-10,2025-04-10 13:43:00,2025-04-11 12:00:41.660541
6351,20250329,20250401,14,189,1,32,30,2025-03-29,2025-04-02,2025-04-01,2025-04-01 12:08:00,2025-04-02 15:52:02.764364
6352,20250219,20250227,2,43,2,110,105,2025-02-19,2025-02-27,2025-02-27,2025-02-27 16:54:00,2025-03-04 22:07:31.676063
6353,20250827,20250910,10,133,2,461,403,2025-08-27,2025-09-06,2025-09-10,2025-09-10 08:17:00,2025-09-10 22:22:07.308233
6354,20251031,20251105,2,54,3,315,294,2025-10-31,2025-11-05,2025-11-05,2025-11-05 07:32:00,2025-11-07 12:39:23.584210
6355,20250122,20250202,3,69,2,99,88,2025-01-22,2025-01-30,2025-02-02,2025-02-02 17:20:00,2025-02-05 17:45:10.990535
6356,20250808,20250816,5,23,2,390,356,2025-08-08,2025-08-17,2025-08-16,2025-08-16 09:31:00,2025-08-17 16:50:07.606556
6357,20250930,20251010,12,127,3,455,400,2025-09-30,2025-10-10,2025-10-10,2025-10-10 11:21:00,2025-10-11 03:04:11.361224
6358,20250827,20250906,7,10,1,459,404,2025-08-27,2025-09-06,2025-09-06,2025-09-06 13:45:00,2025-09-09 13:32:16.313969
6359,20250618,20250626,11,135,1,457,388,2025-06-18,2025-06-26,2025-06-26,2025-06-26 08:34:00,2025-06-27 09:05:43.029283
6360,20250630,20250708,2,86,1,379,378,2025-06-30,2025-07-08,2025-07-08,2025-07-08 11:59:00,2025-07-11 11:46:34.955832
6361,20250206,20250217,3,93,1,47,41,2025-02-06,2025-02-13,2025-02-17,2025-02-17 14:14:00,2025-02-19 11:58:23.599645
6362,20251206,20251213,4,8,1,198,190,2025-12-06,2025-12-13,2025-12-13,2025-12-13 07:34:00,2025-12-16 13:32:09.746914
6363,20250710,20250712,10,182,1,224,194,2025-07-10,2025-07-13,2025-07-12,2025-07-12 14:03:00,2025-07-13 00:08:31.368071
6364,20250209,20250217,14,164,3,252,249,2025-02-09,2025-02-17,2025-02-17,2025-02-17 09:26:00,2025-02-18 17:56:40.854967
6365,20250117,20250125,7,164,1,425,379,2025-01-17,2025-01-25,2025-01-25,2025-01-25 13:31:00,2025-01-26 01:37:12.775645
6366,20250924,20250926,6,116,3,42,39,2025-09-24,2025-09-27,2025-09-26,2025-09-26 13:46:00,2025-09-27 14:20:46.846552
6367,20250721,20250723,14,174,3,154,131,2025-07-21,2025-07-24,2025-07-23,2025-07-23 17:11:00,2025-07-27 11:27:09.985212
6368,20250809,20250817,3,50,2,83,71,2025-08-09,2025-08-17,2025-08-17,2025-08-17 11:50:00,2025-08-20 15:25:27.617392
6369,20250515,20250523,1,40,1,374,318,2025-05-15,2025-05-23,2025-05-23,2025-05-23 08:55:00,2025-05-27 05:52:51.415157
6370,20251121,20251130,5,103,3,322,301,2025-11-21,2025-11-30,2025-11-30,2025-11-30 07:02:00,2025-12-03 16:09:54.030601
6371,20250307,20250316,13,173,1,357,308,2025-03-07,2025-03-16,2025-03-16,2025-03-16 15:05:00,2025-03-21 13:42:23.870978
6372,20250812,20250815,8,1,2,237,210,2025-08-12,2025-08-16,2025-08-15,2025-08-15 14:08:00,2025-08-22 03:20:59.575715
6373,20250118,20250130,6,102,1,171,163,2025-01-18,2025-01-25,2025-01-30,2025-01-30 09:50:00,2025-02-01 02:11:07.447104
6374,20251106,20251116,10,153,2,229,226,2025-11-06,2025-11-16,2025-11-16,2025-11-16 08:40:00,2025-11-17 14:38:44.548644
6375,20250512,20250518,1,9,2,308,279,2025-05-12,2025-05-18,2025-05-18,2025-05-18 12:38:00,2025-05-21 17:31:20.915088
6376,20250521,20250601,6,101,3,327,313,2025-05-21,2025-05-28,2025-06-01,2025-06-01 16:46:00,2025-06-03 06:30:39.237502
6377,20251119,20251121,4,36,3,86,82,2025-11-19,2025-11-22,2025-11-21,2025-11-21 11:09:00,2025-11-22 17:41:00.254466
6378,20250824,20250828,8,190,3,58,51,2025-08-24,2025-08-29,2025-08-28,2025-08-28 10:10:00,2025-08-28 19:12:48.516120
6379,20251109,20251124,12,86,2,317,290,2025-11-09,2025-11-19,2025-11-24,2025-11-24 12:00:00,2025-11-26 07:29:06.282252
6380,20251001,20251009,3,142,1,91,82,2025-10-01,2025-10-09,2025-10-09,2025-10-09 08:02:00,2025-10-12 15:06:17.759056
6381,20251005,20251015,14,8,1,441,431,2025-10-05,2025-10-15,2025-10-15,2025-10-15 15:31:00,2025-10-18 17:40:15.424590
6382,20250722,20250731,5,8,1,245,221,2025-07-22,2025-07-29,2025-07-31,2025-07-31 13:36:00,2025-08-02 10:42:30.447812
6383,20250411,20250420,8,54,1,454,441,2025-04-11,2025-04-21,2025-04-20,2025-04-20 16:15:00,2025-05-04 02:24:26.425146
6384,20250808,20250811,10,47,1,192,186,2025-08-08,2025-08-11,2025-08-11,2025-08-11 10:08:00,2025-08-16 21:24:00.693188
6385,20250620,20250627,3,31,1,236,218,2025-06-20,2025-06-28,2025-06-27,2025-06-27 15:06:00,2025-06-28 21:40:24.424567
6386,20250719,20250723,8,5,3,259,224,2025-07-19,2025-07-23,2025-07-23,2025-07-23 09:44:00,2025-07-23 22:29:41.798946
6387,20250323,20250330,14,159,1,131,125,2025-03-23,2025-03-31,2025-03-30,2025-03-30 10:57:00,2025-04-02 10:01:27.643292
6388,20250811,20250820,5,80,1,98,95,2025-08-11,2025-08-20,2025-08-20,2025-08-20 15:31:00,2025-08-21 17:55:06.953951
6389,20251014,20251018,2,93,2,31,28,2025-10-14,2025-10-19,2025-10-18,2025-10-18 14:18:00,2025-10-19 07:33:12.471637
6390,20250516,20250522,13,21,1,326,308,2025-05-16,2025-05-22,2025-05-22,2025-05-22 17:00:00,2025-05-24 03:59:20.494050
6391,20250912,20250918,5,170,1,358,321,2025-09-12,2025-09-18,2025-09-18,2025-09-18 14:21:00,2025-09-21 17:43:13.597328
6392,20251001,20251006,13,142,2,363,325,2025-10-01,2025-10-06,2025-10-06,2025-10-06 16:37:00,2025-10-09 00:21:10.829672
6393,20251028,20251102,7,72,3,319,316,2025-10-28,2025-11-03,2025-11-02,2025-11-02 16:16:00,2025-11-04 11:09:13.098940
6394,20251111,20251114,1,132,1,273,250,2025-11-11,2025-11-15,2025-11-14,2025-11-14 17:03:00,2025-11-17 23:52:41.356167
6395,20250710,20250721,7,33,1,50,49,2025-07-10,2025-07-17,2025-07-21,2025-07-21 12:25:00,2025-07-27 13:34:59.063824
6396,20250506,20250509,9,185,1,56,52,2025-05-06,2025-05-09,2025-05-09,2025-05-09 07:21:00,2025-05-11 04:16:36.366144
6397,20250504,20250513,4,25,1,151,137,2025-05-04,2025-05-13,2025-05-13,2025-05-13 17:32:00,2025-05-15 20:04:17.306498
6398,20250924,20250926,5,41,2,89,87,2025-09-24,2025-09-27,2025-09-26,2025-09-26 13:13:00,2025-09-28 21:48:14.366169
6399,20250918,20250926,1,135,1,234,220,2025-09-18,2025-09-21,2025-09-26,2025-09-26 12:34:00,2025-09-29 04:39:04.173012
6400,20250610,20250624,11,150,2,337,325,2025-06-10,2025-06-20,2025-06-24,2025-06-24 08:35:00,2025-07-02 03:07:03.439202
6401,20250908,20250913,14,43,2,75,66,2025-09-08,2025-09-13,2025-09-13,2025-09-13 08:42:00,2025-09-15 19:16:29.610302
6402,20250118,20250123,11,163,1,42,40,2025-01-18,2025-01-21,2025-01-23,2025-01-23 09:08:00,2025-01-24 04:16:40.353549
6403,20250628,20250704,14,12,2,302,280,2025-06-28,2025-07-04,2025-07-04,2025-07-04 17:58:00,2025-07-07 13:47:06.992404
6404,20250827,20250901,3,16,1,117,112,2025-08-27,2025-09-01,2025-09-01,2025-09-01 17:01:00,2025-09-03 17:10:55.083299
6405,20251010,20251020,5,10,2,378,323,2025-10-10,2025-10-20,2025-10-20,2025-10-20 12:21:00,2025-10-21 01:10:07.576554
6406,20250828,20250830,6,192,2,197,188,2025-08-28,2025-08-31,2025-08-30,2025-08-30 13:23:00,2025-09-03 04:46:25.953101
6407,20250619,20250627,15,121,1,215,190,2025-06-19,2025-06-27,2025-06-27,2025-06-27 13:43:00,2025-06-29 16:59:46.776851
6408,20250318,20250324,3,25,1,473,443,2025-03-18,2025-03-24,2025-03-24,2025-03-24 12:11:00,2025-03-25 14:15:14.106311
6409,20250831,20250909,3,108,2,159,158,2025-08-31,2025-09-09,2025-09-09,2025-09-09 09:42:00,2025-09-12 20:29:23.805171
6410,20250928,20251002,8,40,2,373,329,2025-09-28,2025-10-02,2025-10-02,2025-10-02 17:09:00,2025-10-03 06:52:56.989220
6411,20251108,20251116,7,61,2,363,326,2025-11-08,2025-11-14,2025-11-16,2025-11-16 07:10:00,2025-11-20 16:49:59.030564
6412,20250905,20250910,15,29,1,124,123,2025-09-05,2025-09-10,2025-09-10,2025-09-10 11:59:00,2025-09-11 15:24:36.539146
6413,20250125,20250201,7,165,1,185,179,2025-01-25,2025-02-01,2025-02-01,2025-02-01 17:53:00,2025-02-04 13:14:20.680463
6414,20250704,20250710,10,15,2,411,369,2025-07-04,2025-07-11,2025-07-10,2025-07-10 07:20:00,2025-07-12 02:11:23.013103
6415,20250423,20250429,13,173,2,422,391,2025-04-23,2025-04-30,2025-04-29,2025-04-29 17:53:00,2025-05-04 14:41:26.206960
6416,20250311,20250319,12,79,2,388,370,2025-03-11,2025-03-19,2025-03-19,2025-03-19 12:36:00,2025-03-20 11:49:00.601530
6417,20250105,20250110,9,175,3,432,376,2025-01-05,2025-01-10,2025-01-10,2025-01-10 16:47:00,2025-01-13 15:50:45.741487
6418,20250721,20250727,5,79,3,429,365,2025-07-21,2025-07-24,2025-07-27,2025-07-27 15:16:00,2025-07-30 11:19:34.466640
6419,20250519,20250526,10,134,2,81,75,2025-05-19,2025-05-23,2025-05-26,2025-05-26 17:53:00,2025-05-28 02:12:08.785825
6420,20250707,20250715,8,5,1,267,235,2025-07-07,2025-07-15,2025-07-15,2025-07-15 07:03:00,2025-07-16 17:04:45.506649
6421,20250312,20250322,5,5,1,159,152,2025-03-12,2025-03-22,2025-03-22,2025-03-22 15:53:00,2025-03-30 02:04:37.145603
6422,20250716,20250723,5,156,1,459,393,2025-07-16,2025-07-24,2025-07-23,2025-07-23 14:22:00,2025-07-26 22:20:32.253751
6423,20250521,20250526,2,42,3,399,370,2025-05-21,2025-05-26,2025-05-26,2025-05-26 10:34:00,2025-05-28 15:22:26.322096
6424,20250629,20250706,2,33,2,34,31,2025-06-29,2025-07-06,2025-07-06,2025-07-06 10:29:00,2025-07-07 09:28:53.865733
6425,20250721,20250726,3,55,1,94,79,2025-07-21,2025-07-26,2025-07-26,2025-07-26 13:45:00,2025-07-29 06:17:25.824426
6426,20250522,20250528,1,163,1,449,434,2025-05-22,2025-05-28,2025-05-28,2025-05-28 09:34:00,2025-05-30 11:40:01.759841
6427,20250302,20250311,2,185,1,336,294,2025-03-02,2025-03-12,2025-03-11,2025-03-11 15:32:00,2025-03-14 13:42:20.834025
6428,20250521,20250527,2,90,1,204,197,2025-05-21,2025-05-27,2025-05-27,2025-05-27 10:55:00,2025-05-28 03:04:45.489442
6429,20250517,20250519,1,14,1,52,49,2025-05-17,2025-05-20,2025-05-19,2025-05-19 17:08:00,2025-05-21 12:34:27.042826
6430,20251108,20251112,9,113,1,309,276,2025-11-08,2025-11-12,2025-11-12,2025-11-12 11:57:00,2025-11-13 08:18:17.720058
6431,20250828,20250901,7,170,1,312,287,2025-08-28,2025-09-01,2025-09-01,2025-09-01 13:03:00,2025-09-05 12:34:32.567325
6432,20251029,20251103,3,152,2,21,20,2025-10-29,2025-11-03,2025-11-03,2025-11-03 08:50:00,2025-11-05 13:54:52.579936
6433,20250427,20250507,7,3,1,325,321,2025-04-27,2025-05-07,2025-05-07,2025-05-07 08:19:00,2025-05-08 05:47:07.590175
6434,20250909,20250918,13,123,2,226,210,2025-09-09,2025-09-18,2025-09-18,2025-09-18 14:43:00,2025-09-19 02:22:19.360376
6435,20250904,20250914,8,26,2,191,174,2025-09-04,2025-09-14,2025-09-14,2025-09-14 11:19:00,2025-09-19 02:16:33.191397
6436,20250316,20250325,5,43,1,157,144,2025-03-16,2025-03-26,2025-03-25,2025-03-25 15:11:00,2025-03-29 22:09:18.872594
6437,20250422,20250430,12,142,1,279,256,2025-04-22,2025-04-30,2025-04-30,2025-04-30 15:54:00,2025-05-01 01:52:07.550353
6438,20250414,20250421,5,187,1,412,355,2025-04-14,2025-04-21,2025-04-21,2025-04-21 14:58:00,2025-04-25 17:30:31.689160
6439,20251124,20251128,3,39,1,86,79,2025-11-24,2025-11-28,2025-11-28,2025-11-28 14:49:00,2025-12-01 01:20:42.756252
6440,20250613,20250625,7,20,1,34,29,2025-06-13,2025-06-23,2025-06-25,2025-06-25 07:19:00,2025-06-25 23:18:52.352623
6441,20250404,20250413,1,98,1,433,388,2025-04-04,2025-04-13,2025-04-13,2025-04-13 14:38:00,2025-04-15 05:22:53.538507
6442,20250225,20250302,4,199,2,492,451,2025-02-25,2025-03-03,2025-03-02,2025-03-02 15:10:00,2025-03-06 02:56:59.644525
6443,20251029,20251103,1,107,2,331,330,2025-10-29,2025-11-04,2025-11-03,2025-11-03 16:48:00,2025-11-04 12:42:07.535585
6444,20250829,20250903,11,8,2,297,266,2025-08-29,2025-09-03,2025-09-03,2025-09-03 14:17:00,2025-09-03 22:10:08.170146
6445,20250303,20250309,4,100,2,348,298,2025-03-03,2025-03-09,2025-03-09,2025-03-09 09:50:00,2025-03-10 01:46:06.182334
6446,20250709,20250714,2,65,1,161,151,2025-07-09,2025-07-14,2025-07-14,2025-07-14 16:33:00,2025-07-18 11:26:06.426464
6447,20250718,20250729,11,147,2,173,160,2025-07-18,2025-07-28,2025-07-29,2025-07-29 12:51:00,2025-07-30 19:44:55.685002
6448,20250805,20250811,4,78,2,422,421,2025-08-05,2025-08-10,2025-08-11,2025-08-11 11:38:00,2025-08-15 15:12:20.874693
6449,20250414,20250420,5,21,1,99,90,2025-04-14,2025-04-21,2025-04-20,2025-04-20 08:39:00,2025-04-23 01:25:24.468921
6450,20250210,20250219,8,39,2,451,436,2025-02-10,2025-02-19,2025-02-19,2025-02-19 08:05:00,2025-02-20 22:03:45.791358
6451,20250826,20250908,11,7,2,487,424,2025-08-26,2025-09-03,2025-09-08,2025-09-08 09:32:00,2025-09-11 03:22:09.788780
6452,20250212,20250220,9,40,2,335,307,2025-02-12,2025-02-20,2025-02-20,2025-02-20 14:34:00,2025-02-21 12:05:53.571817
6453,20250627,20250703,12,25,3,490,418,2025-06-27,2025-07-01,2025-07-03,2025-07-03 14:19:00,2025-07-08 08:29:25.638836
6454,20250327,20250330,3,24,1,440,405,2025-03-27,2025-03-30,2025-03-30,2025-03-30 17:49:00,2025-04-02 04:42:15.504046
6455,20250519,20250524,13,10,1,354,342,2025-05-19,2025-05-25,2025-05-24,2025-05-24 07:51:00,2025-05-28 23:19:23.487071
6456,20250310,20250314,2,165,1,180,156,2025-03-10,2025-03-15,2025-03-14,2025-03-14 15:16:00,2025-03-18 08:12:23.604298
6457,20250209,20250212,1,106,2,134,132,2025-02-09,2025-02-13,2025-02-12,2025-02-12 16:51:00,2025-02-14 10:45:12.839501
6458,20251106,20251114,10,54,1,153,144,2025-11-06,2025-11-14,2025-11-14,2025-11-14 16:15:00,2025-11-16 02:17:00.516123
6459,20250704,20250714,9,146,2,234,225,2025-07-04,2025-07-14,2025-07-14,2025-07-14 11:55:00,2025-07-15 18:42:49.370190
6460,20250508,20250518,1,112,1,492,427,2025-05-08,2025-05-16,2025-05-18,2025-05-18 14:41:00,2025-05-19 16:44:08.019997
6461,20250926,20251002,14,186,2,465,431,2025-09-26,2025-10-02,2025-10-02,2025-10-02 13:16:00,2025-10-03 23:03:41.470237
6462,20250611,20250616,5,128,3,463,418,2025-06-11,2025-06-17,2025-06-16,2025-06-16 14:51:00,2025-06-21 00:06:13.270331
6463,20250524,20250602,2,59,1,457,400,2025-05-24,2025-06-02,2025-06-02,2025-06-02 12:22:00,2025-06-03 23:18:00.330649
6464,20250304,20250314,1,1,3,193,174,2025-03-04,2025-03-09,2025-03-14,2025-03-14 16:19:00,2025-03-19 22:59:13.738807
6465,20250226,20250304,6,146,1,161,154,2025-02-26,2025-03-03,2025-03-04,2025-03-04 16:28:00,2025-03-07 01:27:10.405904
6466,20251006,20251012,6,131,1,146,144,2025-10-06,2025-10-12,2025-10-12,2025-10-12 17:18:00,2025-10-15 23:57:37.212798
6467,20250519,20250526,10,75,1,252,235,2025-05-19,2025-05-25,2025-05-26,2025-05-26 11:35:00,2025-05-26 17:56:00.067890
6468,20250330,20250412,5,19,1,122,117,2025-03-30,2025-04-09,2025-04-12,2025-04-12 07:58:00,2025-04-14 02:19:22.598651
6469,20250714,20250720,3,82,1,107,98,2025-07-14,2025-07-20,2025-07-20,2025-07-20 15:16:00,2025-07-22 15:08:51.371591
6470,20250923,20250929,6,82,3,231,212,2025-09-23,2025-09-27,2025-09-29,2025-09-29 08:53:00,2025-09-30 01:25:40.738932
6471,20250815,20250818,12,155,1,186,168,2025-08-15,2025-08-18,2025-08-18,2025-08-18 16:39:00,2025-08-19 01:09:55.990713
6472,20250615,20250620,11,100,1,21,20,2025-06-15,2025-06-20,2025-06-20,2025-06-20 08:48:00,2025-06-21 23:51:57.025780
6473,20250904,20250908,13,28,2,243,237,2025-09-04,2025-09-08,2025-09-08,2025-09-08 13:58:00,2025-09-15 22:28:11.400896
6474,20251009,20251012,12,175,2,213,193,2025-10-09,2025-10-12,2025-10-12,2025-10-12 16:57:00,2025-10-14 17:57:03.374697
6475,20250425,20250501,11,179,1,235,199,2025-04-25,2025-04-30,2025-05-01,2025-05-01 17:41:00,2025-05-03 02:22:48.599381
6476,20250820,20250828,6,165,1,372,325,2025-08-20,2025-08-29,2025-08-28,2025-08-28 16:56:00,2025-08-31 05:54:43.464107
6477,20250428,20250430,10,79,2,118,117,2025-04-28,2025-05-01,2025-04-30,2025-04-30 08:49:00,2025-05-02 05:26:48.176615
6478,20250122,20250124,5,71,3,69,63,2025-01-22,2025-01-25,2025-01-24,2025-01-24 17:44:00,2025-01-28 00:59:04.367979
6479,20250802,20250806,2,67,1,197,181,2025-08-02,2025-08-06,2025-08-06,2025-08-06 09:19:00,2025-08-09 22:35:54.157171
6480,20251014,20251022,15,170,3,238,237,2025-10-14,2025-10-22,2025-10-22,2025-10-22 17:56:00,2025-10-26 12:13:49.060546
6481,20250101,20250108,6,178,1,125,107,2025-01-01,2025-01-08,2025-01-08,2025-01-08 08:47:00,2025-01-09 11:51:40.313386
6482,20250102,20250109,13,17,3,289,268,2025-01-02,2025-01-09,2025-01-09,2025-01-09 12:44:00,2025-01-10 13:36:43.162709
6483,20250328,20250402,14,118,1,327,304,2025-03-28,2025-04-02,2025-04-02,2025-04-02 12:47:00,2025-04-05 23:38:00.677847
6484,20251008,20251011,14,159,1,305,264,2025-10-08,2025-10-11,2025-10-11,2025-10-11 11:26:00,2025-10-12 07:49:56.000788
6485,20250613,20250623,6,101,2,177,167,2025-06-13,2025-06-23,2025-06-23,2025-06-23 13:52:00,2025-06-24 07:10:27.747433
6486,20250722,20250801,1,171,1,208,179,2025-07-22,2025-08-01,2025-08-01,2025-08-01 11:33:00,2025-08-06 06:50:13.499400
6487,20251020,20251030,14,158,3,383,375,2025-10-20,2025-10-30,2025-10-30,2025-10-30 17:03:00,2025-11-02 06:25:36.919390
6488,20250523,20250531,12,18,3,330,291,2025-05-23,2025-05-31,2025-05-31,2025-05-31 07:02:00,2025-05-31 23:13:45.210028
6489,20250408,20250416,3,3,2,450,435,2025-04-08,2025-04-16,2025-04-16,2025-04-16 11:00:00,2025-04-20 02:17:51.763475
6490,20250427,20250506,14,70,2,266,265,2025-04-27,2025-05-05,2025-05-06,2025-05-06 12:42:00,2025-05-09 19:06:38.332646
6491,20250726,20250729,15,108,3,312,306,2025-07-26,2025-07-30,2025-07-29,2025-07-29 15:47:00,2025-07-30 05:34:51.255448
6492,20251102,20251105,2,48,3,192,186,2025-11-02,2025-11-05,2025-11-05,2025-11-05 12:56:00,2025-11-10 21:59:41.567792
6493,20250714,20250717,4,16,1,447,401,2025-07-14,2025-07-17,2025-07-17,2025-07-17 10:36:00,2025-07-18 00:28:42.185923
6494,20251012,20251019,6,19,1,344,296,2025-10-12,2025-10-20,2025-10-19,2025-10-19 10:29:00,2025-10-19 22:00:10.824923
6495,20251003,20251013,11,176,3,417,392,2025-10-03,2025-10-13,2025-10-13,2025-10-13 08:14:00,2025-10-14 00:59:02.669283
6496,20250818,20250826,11,40,2,34,32,2025-08-18,2025-08-27,2025-08-26,2025-08-26 07:08:00,2025-08-26 16:26:13.405104
6497,20250105,20250111,9,50,3,489,417,2025-01-05,2025-01-12,2025-01-11,2025-01-11 11:31:00,2025-01-16 08:30:57.569951
6498,20251127,20251130,9,92,3,352,351,2025-11-27,2025-12-01,2025-11-30,2025-11-30 12:49:00,2025-12-01 11:01:55.895777
6499,20250422,20250429,14,25,3,407,373,2025-04-22,2025-04-25,2025-04-29,2025-04-29 12:10:00,2025-05-02 08:01:13.160188
6500,20250503,20250513,5,7,2,21,18,2025-05-03,2025-05-10,2025-05-13,2025-05-13 07:35:00,2025-05-18 22:41:09.463689
6501,20250401,20250408,14,13,2,395,390,2025-04-01,2025-04-08,2025-04-08,2025-04-08 16:44:00,2025-04-10 07:51:03.319587
6502,20250109,20250114,13,88,3,26,22,2025-01-09,2025-01-14,2025-01-14,2025-01-14 15:10:00,2025-01-17 13:53:00.513597
6503,20250202,20250209,8,17,3,217,192,2025-02-02,2025-02-09,2025-02-09,2025-02-09 08:46:00,2025-02-10 00:03:10.155602
6504,20250414,20250417,5,164,1,197,172,2025-04-14,2025-04-18,2025-04-17,2025-04-17 12:20:00,2025-04-20 14:08:17.694322
6505,20250804,20250811,14,140,1,479,469,2025-08-04,2025-08-10,2025-08-11,2025-08-11 12:46:00,2025-08-11 23:49:05.136946
6506,20251105,20251113,15,163,1,63,53,2025-11-05,2025-11-11,2025-11-13,2025-11-13 08:53:00,2025-11-14 16:00:13.474818
6507,20250224,20250302,11,44,2,165,150,2025-02-24,2025-03-02,2025-03-02,2025-03-02 07:59:00,2025-03-02 23:18:32.926841
6508,20250428,20250503,3,19,1,467,408,2025-04-28,2025-05-03,2025-05-03,2025-05-03 08:40:00,2025-05-05 15:22:59.316919
6509,20250626,20250702,13,60,3,36,33,2025-06-26,2025-07-02,2025-07-02,2025-07-02 14:02:00,2025-07-03 16:06:45.596203
6510,20250211,20250220,10,83,1,386,382,2025-02-11,2025-02-20,2025-02-20,2025-02-20 17:35:00,2025-02-22 15:07:22.925133
6511,20250713,20250722,4,7,1,361,359,2025-07-13,2025-07-22,2025-07-22,2025-07-22 11:46:00,2025-07-24 03:10:54.913504
6512,20250305,20250309,8,165,1,442,407,2025-03-05,2025-03-09,2025-03-09,2025-03-09 15:54:00,2025-03-10 18:33:08.689135
6513,20250611,20250618,4,8,2,303,285,2025-06-11,2025-06-16,2025-06-18,2025-06-18 10:15:00,2025-06-21 23:19:52.719054
6514,20251102,20251108,5,171,1,333,315,2025-11-02,2025-11-08,2025-11-08,2025-11-08 07:48:00,2025-11-09 02:16:12.919769
6515,20250526,20250605,4,112,3,279,277,2025-05-26,2025-06-05,2025-06-05,2025-06-05 10:49:00,2025-06-06 16:57:00.860424
6516,20250311,20250321,14,88,2,214,196,2025-03-11,2025-03-21,2025-03-21,2025-03-21 12:02:00,2025-03-24 17:59:52.482943
6517,20250828,20250831,7,9,1,362,315,2025-08-28,2025-08-31,2025-08-31,2025-08-31 07:08:00,2025-09-04 12:28:55.978569
6518,20251001,20251010,15,164,1,167,153,2025-10-01,2025-10-05,2025-10-10,2025-10-10 08:49:00,2025-10-12 01:36:42.630628
6519,20250405,20250412,12,13,1,246,225,2025-04-05,2025-04-12,2025-04-12,2025-04-12 09:59:00,2025-04-13 03:43:16.601609
6520,20250724,20250801,6,183,2,215,200,2025-07-24,2025-08-01,2025-08-01,2025-08-01 12:49:00,2025-08-02 05:03:53.154989
6521,20250822,20250901,3,167,3,324,307,2025-08-22,2025-09-01,2025-09-01,2025-09-01 11:29:00,2025-09-02 11:21:52.974405
6522,20251005,20251015,9,51,3,303,281,2025-10-05,2025-10-10,2025-10-15,2025-10-15 14:49:00,2025-10-16 12:17:22.873272
6523,20250108,20250118,5,138,2,493,476,2025-01-08,2025-01-18,2025-01-18,2025-01-18 15:27:00,2025-01-21 19:51:20.359528
6524,20250826,20250830,12,136,3,21,19,2025-08-26,2025-08-31,2025-08-30,2025-08-30 11:59:00,2025-09-03 10:21:55.993621
6525,20250701,20250706,1,58,1,23,20,2025-07-01,2025-07-04,2025-07-06,2025-07-06 07:29:00,2025-07-10 07:25:09.746459
6526,20250420,20250430,9,6,2,460,428,2025-04-20,2025-04-30,2025-04-30,2025-04-30 13:41:00,2025-05-02 08:17:28.024478
6527,20250724,20250727,3,164,1,316,302,2025-07-24,2025-07-27,2025-07-27,2025-07-27 08:51:00,2025-07-29 08:32:16.668473
6528,20250409,20250421,13,8,2,309,296,2025-04-09,2025-04-19,2025-04-21,2025-04-21 16:41:00,2025-04-28 06:44:24.057879
6529,20250324,20250401,14,97,3,357,331,2025-03-24,2025-04-01,2025-04-01,2025-04-01 15:46:00,2025-04-02 18:16:06.575146
6530,20250619,20250626,9,126,2,407,400,2025-06-19,2025-06-26,2025-06-26,2025-06-26 15:33:00,2025-06-27 18:50:01.252101
6531,20250608,20250618,9,192,1,265,260,2025-06-08,2025-06-18,2025-06-18,2025-06-18 12:51:00,2025-06-23 12:02:17.466745
6532,20250303,20250307,1,123,3,91,79,2025-03-03,2025-03-06,2025-03-07,2025-03-07 12:26:00,2025-03-10 03:40:40.202305
6533,20250503,20250509,3,121,3,342,323,2025-05-03,2025-05-09,2025-05-09,2025-05-09 08:34:00,2025-05-11 18:06:40.474503
6534,20250308,20250313,8,133,1,339,317,2025-03-08,2025-03-13,2025-03-13,2025-03-13 17:50:00,2025-03-16 00:26:46.599791
6535,20250621,20250628,5,66,1,393,371,2025-06-21,2025-06-28,2025-06-28,2025-06-28 13:33:00,2025-06-30 12:46:42.989999
6536,20250714,20250725,5,115,3,162,157,2025-07-14,2025-07-23,2025-07-25,2025-07-25 17:08:00,2025-07-28 15:47:53.440646
6537,20250130,20250202,5,16,2,447,446,2025-01-30,2025-02-02,2025-02-02,2025-02-02 11:40:00,2025-02-04 20:49:21.957527
6538,20250523,20250604,7,182,3,272,259,2025-05-23,2025-05-31,2025-06-04,2025-06-04 09:08:00,2025-06-05 07:33:40.316452
6539,20250723,20250801,11,77,3,175,157,2025-07-23,2025-07-28,2025-08-01,2025-08-01 08:01:00,2025-08-02 05:34:14.621947
6540,20250217,20250226,14,29,1,412,398,2025-02-17,2025-02-21,2025-02-26,2025-02-26 13:09:00,2025-02-28 04:45:00.721965
6541,20250220,20250223,5,5,2,111,105,2025-02-20,2025-02-24,2025-02-23,2025-02-23 07:56:00,2025-02-24 04:24:15.398156
6542,20250309,20250311,9,57,1,442,380,2025-03-09,2025-03-12,2025-03-11,2025-03-11 07:39:00,2025-03-12 03:27:37.064431
6543,20250803,20250809,5,173,3,205,196,2025-08-03,2025-08-09,2025-08-09,2025-08-09 10:21:00,2025-08-10 16:22:27.001417
6544,20250407,20250411,6,81,1,481,454,2025-04-07,2025-04-10,2025-04-11,2025-04-11 15:43:00,2025-04-17 15:52:31.783862
6545,20250721,20250724,14,170,2,270,237,2025-07-21,2025-07-24,2025-07-24,2025-07-24 15:44:00,2025-07-25 22:21:37.368850
6546,20250814,20250820,5,22,1,460,445,2025-08-14,2025-08-21,2025-08-20,2025-08-20 12:15:00,2025-08-23 05:19:32.869183
6547,20250814,20250819,14,182,1,404,395,2025-08-14,2025-08-19,2025-08-19,2025-08-19 16:24:00,2025-08-20 03:35:13.671520
6548,20250416,20250426,4,181,2,255,233,2025-04-16,2025-04-26,2025-04-26,2025-04-26 13:56:00,2025-05-01 02:46:23.924472
6549,20250917,20250927,14,19,2,195,172,2025-09-17,2025-09-26,2025-09-27,2025-09-27 12:26:00,2025-09-29 13:32:31.913086
6550,20250815,20250825,10,143,1,254,217,2025-08-15,2025-08-25,2025-08-25,2025-08-25 17:10:00,2025-08-26 00:21:46.189839
6551,20250523,20250527,12,59,1,428,365,2025-05-23,2025-05-27,2025-05-27,2025-05-27 07:09:00,2025-05-28 00:20:01.777841
6552,20251206,20251213,9,50,2,250,245,2025-12-06,2025-12-13,2025-12-13,2025-12-13 17:10:00,2025-12-14 17:11:47.482813
6553,20251127,20251207,5,162,1,296,277,2025-11-27,2025-12-06,2025-12-07,2025-12-07 16:56:00,2025-12-12 13:50:59.768132
6554,20250802,20250810,9,28,3,106,92,2025-08-02,2025-08-11,2025-08-10,2025-08-10 15:20:00,2025-08-12 13:11:27.797392
6555,20250414,20250419,10,186,2,178,176,2025-04-14,2025-04-20,2025-04-19,2025-04-19 15:43:00,2025-04-21 05:55:03.499288
6556,20250712,20250721,13,148,1,30,25,2025-07-12,2025-07-21,2025-07-21,2025-07-21 16:47:00,2025-07-24 02:47:55.406269
6557,20250228,20250307,2,21,2,374,335,2025-02-28,2025-03-07,2025-03-07,2025-03-07 09:57:00,2025-03-12 09:51:38.787484
6558,20251024,20251028,8,163,2,165,142,2025-10-24,2025-10-29,2025-10-28,2025-10-28 08:30:00,2025-10-30 06:54:41.097354
6559,20250710,20250720,2,28,1,425,361,2025-07-10,2025-07-15,2025-07-20,2025-07-20 14:52:00,2025-07-29 05:48:29.274664
6560,20250303,20250315,1,46,3,488,443,2025-03-03,2025-03-13,2025-03-15,2025-03-15 14:20:00,2025-03-18 04:30:29.858727
6561,20250316,20250319,13,107,1,476,417,2025-03-16,2025-03-19,2025-03-19,2025-03-19 12:09:00,2025-03-22 07:29:14.883218
6562,20250204,20250209,14,174,2,457,397,2025-02-04,2025-02-10,2025-02-09,2025-02-09 12:56:00,2025-02-12 14:32:10.761211
6563,20250107,20250112,15,1,1,264,246,2025-01-07,2025-01-13,2025-01-12,2025-01-12 11:17:00,2025-01-14 00:34:49.981516
6564,20250829,20250903,6,140,1,264,245,2025-08-29,2025-09-03,2025-09-03,2025-09-03 10:13:00,2025-09-04 07:11:52.436522
6565,20250910,20250920,15,85,2,289,256,2025-09-10,2025-09-19,2025-09-20,2025-09-20 12:05:00,2025-09-24 15:55:16.956652
6566,20250809,20250818,13,96,3,425,375,2025-08-09,2025-08-19,2025-08-18,2025-08-18 15:35:00,2025-08-23 20:19:13.657773
6567,20250610,20250620,14,128,1,458,411,2025-06-10,2025-06-20,2025-06-20,2025-06-20 08:23:00,2025-06-23 16:04:59.938222
6568,20250531,20250611,4,189,1,444,438,2025-05-31,2025-06-10,2025-06-11,2025-06-11 14:32:00,2025-06-12 13:51:52.480912
6569,20250721,20250723,7,17,2,462,421,2025-07-21,2025-07-24,2025-07-23,2025-07-23 17:23:00,2025-07-25 06:17:05.790641
6570,20250328,20250403,11,199,3,310,267,2025-03-28,2025-04-03,2025-04-03,2025-04-03 10:14:00,2025-04-08 12:13:59.206070
6571,20250513,20250525,9,1,1,299,277,2025-05-13,2025-05-20,2025-05-25,2025-05-25 10:11:00,2025-05-25 19:47:23.766714
6572,20250525,20250603,15,24,1,460,457,2025-05-25,2025-05-31,2025-06-03,2025-06-03 16:43:00,2025-06-04 04:32:36.012158
6573,20250811,20250821,1,129,1,340,294,2025-08-11,2025-08-18,2025-08-21,2025-08-21 09:16:00,2025-08-25 20:52:34.465632
6574,20250721,20250724,12,84,1,244,217,2025-07-21,2025-07-24,2025-07-24,2025-07-24 17:21:00,2025-07-26 18:08:37.815214
6575,20250504,20250512,2,117,2,394,359,2025-05-04,2025-05-12,2025-05-12,2025-05-12 16:45:00,2025-05-13 14:34:13.375351
6576,20250121,20250131,8,140,1,293,280,2025-01-21,2025-01-31,2025-01-31,2025-01-31 11:46:00,2025-01-31 21:48:24.769563
6577,20250710,20250718,13,172,1,155,135,2025-07-10,2025-07-13,2025-07-18,2025-07-18 13:53:00,2025-07-20 01:53:32.752784
6578,20250925,20251006,6,71,1,60,58,2025-09-25,2025-10-01,2025-10-06,2025-10-06 17:41:00,2025-10-07 16:55:09.702115
6579,20250520,20250524,8,27,1,320,306,2025-05-20,2025-05-24,2025-05-24,2025-05-24 16:34:00,2025-05-25 18:16:22.227797
6580,20250630,20250706,15,196,1,429,415,2025-06-30,2025-07-06,2025-07-06,2025-07-06 10:43:00,2025-07-09 17:43:32.201931
6581,20250520,20250529,13,1,1,196,177,2025-05-20,2025-05-30,2025-05-29,2025-05-29 07:15:00,2025-06-05 12:11:46.559357
6582,20250818,20250827,5,72,1,445,442,2025-08-18,2025-08-28,2025-08-27,2025-08-27 09:55:00,2025-08-28 03:14:34.546058
6583,20250812,20250821,3,140,1,307,277,2025-08-12,2025-08-21,2025-08-21,2025-08-21 15:43:00,2025-08-23 06:29:21.389938
6584,20250630,20250704,2,118,2,212,200,2025-06-30,2025-07-04,2025-07-04,2025-07-04 11:57:00,2025-07-09 18:10:31.588688
6585,20250306,20250316,5,158,1,429,382,2025-03-06,2025-03-16,2025-03-16,2025-03-16 10:13:00,2025-03-20 16:04:03.622636
6586,20250830,20250907,12,142,2,224,210,2025-08-30,2025-09-07,2025-09-07,2025-09-07 07:00:00,2025-09-08 08:22:11.976836
6587,20250307,20250312,14,13,1,417,393,2025-03-07,2025-03-13,2025-03-12,2025-03-12 09:27:00,2025-03-14 04:54:29.648856
6588,20251023,20251027,8,169,3,370,366,2025-10-23,2025-10-27,2025-10-27,2025-10-27 12:38:00,2025-10-29 00:17:14.371671
6589,20250928,20251007,13,158,1,361,319,2025-09-28,2025-10-08,2025-10-07,2025-10-07 14:29:00,2025-10-11 13:59:54.142468
6590,20251114,20251125,4,124,1,324,287,2025-11-14,2025-11-21,2025-11-25,2025-11-25 08:28:00,2025-11-28 00:23:38.654559
6591,20251206,20251215,12,113,1,55,46,2025-12-06,2025-12-15,2025-12-15,2025-12-15 16:58:00,2025-12-16 22:58:49.112142
6592,20250203,20250212,1,16,1,297,276,2025-02-03,2025-02-12,2025-02-12,2025-02-12 13:35:00,2025-02-13 18:08:57.301934
6593,20251111,20251116,14,95,2,233,201,2025-11-11,2025-11-16,2025-11-16,2025-11-16 08:18:00,2025-11-17 08:42:15.647675
6594,20250514,20250520,15,65,1,434,427,2025-05-14,2025-05-20,2025-05-20,2025-05-20 13:33:00,2025-05-27 03:44:35.512050
6595,20250418,20250428,9,58,1,20,19,2025-04-18,2025-04-28,2025-04-28,2025-04-28 15:43:00,2025-05-04 14:43:00.822194
6596,20250524,20250528,12,127,1,484,436,2025-05-24,2025-05-28,2025-05-28,2025-05-28 13:37:00,2025-05-31 18:18:16.081798
6597,20250101,20250107,6,7,2,474,459,2025-01-01,2025-01-07,2025-01-07,2025-01-07 17:42:00,2025-01-15 00:52:27.984664
6598,20251018,20251027,4,116,2,226,193,2025-10-18,2025-10-27,2025-10-27,2025-10-27 17:48:00,2025-10-28 15:13:13.712121
6599,20251006,20251012,7,70,3,86,84,2025-10-06,2025-10-12,2025-10-12,2025-10-12 10:24:00,2025-10-13 11:40:57.499277
6600,20250318,20250327,5,11,2,379,334,2025-03-18,2025-03-24,2025-03-27,2025-03-27 13:46:00,2025-04-01 19:59:24.716854
6601,20250527,20250602,3,61,3,471,458,2025-05-27,2025-06-02,2025-06-02,2025-06-02 11:13:00,2025-06-08 15:53:15.185501
6602,20250303,20250308,5,182,1,158,148,2025-03-03,2025-03-08,2025-03-08,2025-03-08 07:39:00,2025-03-08 20:55:05.313299
6603,20250606,20250614,12,90,3,59,53,2025-06-06,2025-06-15,2025-06-14,2025-06-14 15:20:00,2025-06-16 02:59:35.797576
6604,20250203,20250207,14,161,2,157,143,2025-02-03,2025-02-07,2025-02-07,2025-02-07 17:36:00,2025-02-09 02:14:49.890463
6605,20251203,20251211,1,134,1,456,402,2025-12-03,2025-12-11,2025-12-11,2025-12-11 10:34:00,2025-12-12 02:12:20.635215
6606,20250529,20250603,14,159,1,459,406,2025-05-29,2025-06-02,2025-06-03,2025-06-03 09:53:00,2025-06-07 05:39:19.260307
6607,20251028,20251103,2,55,2,315,302,2025-10-28,2025-11-03,2025-11-03,2025-11-03 12:25:00,2025-11-06 03:14:24.411435
6608,20250221,20250228,1,125,3,30,26,2025-02-21,2025-02-28,2025-02-28,2025-02-28 15:54:00,2025-03-01 06:59:19.416332
6609,20250503,20250514,5,61,3,87,83,2025-05-03,2025-05-11,2025-05-14,2025-05-14 07:25:00,2025-05-16 07:51:31.881517
6610,20251007,20251015,14,3,2,143,128,2025-10-07,2025-10-16,2025-10-15,2025-10-15 10:50:00,2025-10-19 07:54:29.228531
6611,20250526,20250604,7,134,2,86,81,2025-05-26,2025-06-04,2025-06-04,2025-06-04 15:04:00,2025-06-06 00:36:57.823015
6612,20250420,20250427,5,12,2,340,299,2025-04-20,2025-04-27,2025-04-27,2025-04-27 10:06:00,2025-04-28 23:32:56.868073
6613,20251014,20251023,1,64,1,119,111,2025-10-14,2025-10-24,2025-10-23,2025-10-23 12:50:00,2025-10-29 17:38:33.648314
6614,20251015,20251025,4,1,1,376,348,2025-10-15,2025-10-25,2025-10-25,2025-10-25 17:21:00,2025-10-28 01:13:52.383719
6615,20250227,20250307,3,115,1,192,169,2025-02-27,2025-03-07,2025-03-07,2025-03-07 16:35:00,2025-03-09 11:03:28.054200
6616,20250315,20250324,15,21,1,278,263,2025-03-15,2025-03-22,2025-03-24,2025-03-24 15:40:00,2025-03-24 19:25:08.111281
6617,20250124,20250129,12,16,1,21,20,2025-01-24,2025-01-29,2025-01-29,2025-01-29 14:20:00,2025-01-31 02:56:37.681521
6618,20251006,20251013,10,83,1,76,68,2025-10-06,2025-10-13,2025-10-13,2025-10-13 10:33:00,2025-10-14 21:47:17.921026
6619,20250918,20250924,6,185,2,32,28,2025-09-18,2025-09-24,2025-09-24,2025-09-24 16:19:00,2025-09-27 08:32:09.439741
6620,20250821,20250831,15,35,2,264,245,2025-08-21,2025-08-26,2025-08-31,2025-08-31 09:18:00,2025-09-04 09:19:57.218267
6621,20250606,20250611,5,134,1,68,64,2025-06-06,2025-06-12,2025-06-11,2025-06-11 14:31:00,2025-06-15 07:10:21.254935
6622,20250918,20251001,6,33,3,404,348,2025-09-18,2025-09-27,2025-10-01,2025-10-01 08:34:00,2025-10-01 12:49:31.300837
6623,20250227,20250309,9,116,1,429,380,2025-02-27,2025-03-09,2025-03-09,2025-03-09 10:07:00,2025-03-14 02:06:38.452565
6624,20251030,20251102,2,63,1,171,160,2025-10-30,2025-11-02,2025-11-02,2025-11-02 09:20:00,2025-11-05 19:35:27.850729
6625,20250407,20250416,1,84,1,88,75,2025-04-07,2025-04-16,2025-04-16,2025-04-16 12:21:00,2025-04-17 17:05:00.601133
6626,20250122,20250205,14,72,3,313,286,2025-01-22,2025-02-01,2025-02-05,2025-02-05 12:32:00,2025-02-07 19:10:33.180074
6627,20250708,20250711,12,10,2,305,265,2025-07-08,2025-07-11,2025-07-11,2025-07-11 09:08:00,2025-07-12 12:34:05.501229
6628,20250817,20250827,9,71,2,479,468,2025-08-17,2025-08-27,2025-08-27,2025-08-27 13:53:00,2025-08-29 23:32:33.117692
6629,20250330,20250411,11,107,3,215,208,2025-03-30,2025-04-06,2025-04-11,2025-04-11 07:19:00,2025-04-13 04:52:42.524787
6630,20251026,20251102,7,26,1,258,234,2025-10-26,2025-11-02,2025-11-02,2025-11-02 08:03:00,2025-11-04 01:16:31.113203
6631,20250624,20250701,5,130,1,410,363,2025-06-24,2025-07-01,2025-07-01,2025-07-01 14:18:00,2025-07-05 23:11:15.929623
6632,20250711,20250718,2,1,1,182,175,2025-07-11,2025-07-18,2025-07-18,2025-07-18 09:58:00,2025-07-18 20:12:37.896817
6633,20250615,20250618,14,7,1,338,331,2025-06-15,2025-06-18,2025-06-18,2025-06-18 10:50:00,2025-06-24 03:47:13.777501
6634,20251010,20251014,13,147,3,313,274,2025-10-10,2025-10-14,2025-10-14,2025-10-14 07:05:00,2025-10-15 13:38:01.572859
6635,20250325,20250402,4,88,1,419,415,2025-03-25,2025-04-03,2025-04-02,2025-04-02 09:42:00,2025-04-05 18:37:05.913182
6636,20250910,20250913,3,99,3,29,26,2025-09-10,2025-09-13,2025-09-13,2025-09-13 16:38:00,2025-09-14 17:32:33.884243
6637,20250416,20250424,13,114,2,454,408,2025-04-16,2025-04-24,2025-04-24,2025-04-24 16:28:00,2025-04-28 21:40:57.923648
6638,20250222,20250301,1,71,1,305,284,2025-02-22,2025-03-02,2025-03-01,2025-03-01 09:16:00,2025-03-05 10:16:28.305689
6639,20250908,20250915,4,195,1,471,437,2025-09-08,2025-09-15,2025-09-15,2025-09-15 09:41:00,2025-09-20 06:39:31.102585
6640,20250510,20250518,2,194,3,76,64,2025-05-10,2025-05-18,2025-05-18,2025-05-18 11:08:00,2025-05-22 07:48:43.925618
6641,20250516,20250524,1,158,3,318,313,2025-05-16,2025-05-24,2025-05-24,2025-05-24 10:53:00,2025-05-26 13:42:06.369017
6642,20250316,20250327,11,59,1,160,141,2025-03-16,2025-03-22,2025-03-27,2025-03-27 08:48:00,2025-03-28 13:06:59.998510
6643,20250511,20250518,3,69,1,201,175,2025-05-11,2025-05-18,2025-05-18,2025-05-18 16:45:00,2025-05-19 07:54:07.197562
6644,20250728,20250807,4,185,1,318,274,2025-07-28,2025-08-05,2025-08-07,2025-08-07 08:36:00,2025-08-07 15:41:26.435902
6645,20250421,20250428,11,126,3,496,428,2025-04-21,2025-04-28,2025-04-28,2025-04-28 11:32:00,2025-04-29 06:55:25.892371
6646,20250214,20250219,4,163,1,494,488,2025-02-14,2025-02-20,2025-02-19,2025-02-19 14:35:00,2025-02-22 05:01:14.915903
6647,20250519,20250528,5,75,1,442,407,2025-05-19,2025-05-29,2025-05-28,2025-05-28 09:36:00,2025-05-31 14:47:23.739513
6648,20251008,20251013,13,54,3,400,377,2025-10-08,2025-10-13,2025-10-13,2025-10-13 10:26:00,2025-10-14 21:12:12.150605
6649,20250918,20250925,2,174,3,48,47,2025-09-18,2025-09-25,2025-09-25,2025-09-25 17:01:00,2025-09-26 19:16:46.785401
6650,20251108,20251117,12,101,3,285,280,2025-11-08,2025-11-18,2025-11-17,2025-11-17 12:32:00,2025-11-19 05:43:12.774693
6651,20250225,20250301,1,48,1,481,432,2025-02-25,2025-03-01,2025-03-01,2025-03-01 16:44:00,2025-03-03 17:57:54.665033
6652,20251004,20251007,9,123,3,62,60,2025-10-04,2025-10-07,2025-10-07,2025-10-07 11:34:00,2025-10-10 05:35:54.396313
6653,20250817,20250826,10,113,2,363,340,2025-08-17,2025-08-27,2025-08-26,2025-08-26 11:57:00,2025-08-28 09:43:58.905336
6654,20250301,20250310,6,30,2,479,417,2025-03-01,2025-03-09,2025-03-10,2025-03-10 13:32:00,2025-03-13 02:24:09.821116
6655,20251003,20251008,5,151,1,185,160,2025-10-03,2025-10-08,2025-10-08,2025-10-08 15:47:00,2025-10-09 19:23:47.700606
6656,20251201,20251209,8,150,2,70,59,2025-12-01,2025-12-09,2025-12-09,2025-12-09 11:52:00,2025-12-12 02:46:45.208854
6657,20250719,20250729,3,8,3,246,218,2025-07-19,2025-07-29,2025-07-29,2025-07-29 10:22:00,2025-07-29 12:22:00.000000
6658,20250415,20250425,8,20,1,244,208,2025-04-15,2025-04-25,2025-04-25,2025-04-25 11:41:00,2025-04-26 06:57:48.969131
6659,20250622,20250625,5,51,1,424,402,2025-06-22,2025-06-25,2025-06-25,2025-06-25 17:35:00,2025-06-27 05:37:38.810481
6660,20250308,20250316,6,187,1,288,279,2025-03-08,2025-03-14,2025-03-16,2025-03-16 10:21:00,2025-03-18 10:22:57.646873
6661,20250410,20250416,10,123,1,418,394,2025-04-10,2025-04-16,2025-04-16,2025-04-16 11:25:00,2025-04-18 09:19:14.379098
6662,20250310,20250313,8,199,3,410,399,2025-03-10,2025-03-13,2025-03-13,2025-03-13 11:48:00,2025-03-15 02:48:57.098277
6663,20251031,20251108,10,40,1,182,173,2025-10-31,2025-11-09,2025-11-08,2025-11-08 15:07:00,2025-11-09 19:06:42.992450
6664,20250228,20250303,12,153,1,351,320,2025-02-28,2025-03-04,2025-03-03,2025-03-03 15:28:00,2025-03-10 23:58:52.523310
6665,20250222,20250301,12,82,1,200,189,2025-02-22,2025-03-01,2025-03-01,2025-03-01 16:27:00,2025-03-02 03:46:37.634064
6666,20250116,20250122,3,122,1,461,403,2025-01-16,2025-01-22,2025-01-22,2025-01-22 15:30:00,2025-01-24 12:40:30.864344
6667,20250530,20250606,9,115,2,41,39,2025-05-30,2025-06-06,2025-06-06,2025-06-06 10:11:00,2025-06-07 16:58:05.076561
6668,20250319,20250322,6,34,1,138,124,2025-03-19,2025-03-22,2025-03-22,2025-03-22 15:25:00,2025-03-25 23:11:56.697112
6669,20250124,20250131,9,22,2,280,261,2025-01-24,2025-01-30,2025-01-31,2025-01-31 07:59:00,2025-01-31 15:51:08.970296
6670,20250621,20250627,3,42,1,137,132,2025-06-21,2025-06-27,2025-06-27,2025-06-27 10:31:00,2025-07-01 12:52:58.727632
6671,20250122,20250201,1,121,1,27,23,2025-01-22,2025-02-01,2025-02-01,2025-02-01 08:47:00,2025-02-05 07:55:47.987548
6672,20251124,20251206,5,165,3,198,185,2025-11-24,2025-12-04,2025-12-06,2025-12-06 17:03:00,2025-12-07 20:25:34.352622
6673,20251014,20251024,14,41,1,197,175,2025-10-14,2025-10-20,2025-10-24,2025-10-24 11:07:00,2025-10-25 04:30:30.297717
6674,20250702,20250707,4,1,1,106,104,2025-07-02,2025-07-05,2025-07-07,2025-07-07 12:57:00,2025-07-12 16:44:15.816352
6675,20250716,20250720,3,80,1,63,62,2025-07-16,2025-07-20,2025-07-20,2025-07-20 07:31:00,2025-07-23 17:08:36.687170
6676,20250812,20250816,6,86,1,390,335,2025-08-12,2025-08-16,2025-08-16,2025-08-16 08:08:00,2025-08-19 20:20:35.178441
6677,20250626,20250704,12,98,2,186,176,2025-06-26,2025-06-29,2025-07-04,2025-07-04 17:43:00,2025-07-06 19:35:10.019401
6678,20250316,20250320,13,8,3,178,170,2025-03-16,2025-03-20,2025-03-20,2025-03-20 14:50:00,2025-03-22 15:53:50.303481
6679,20251111,20251120,7,81,1,422,364,2025-11-11,2025-11-20,2025-11-20,2025-11-20 14:23:00,2025-11-25 14:24:59.128683
6680,20251104,20251109,9,82,2,45,40,2025-11-04,2025-11-09,2025-11-09,2025-11-09 16:57:00,2025-11-12 17:58:15.202163
6681,20250501,20250508,3,115,2,266,237,2025-05-01,2025-05-08,2025-05-08,2025-05-08 11:56:00,2025-05-09 14:33:21.459763
6682,20250209,20250211,14,186,3,162,150,2025-02-09,2025-02-12,2025-02-11,2025-02-11 10:01:00,2025-02-13 12:42:43.861510
6683,20251118,20251121,13,131,2,140,135,2025-11-18,2025-11-21,2025-11-21,2025-11-21 08:03:00,2025-11-27 06:32:39.078934
6684,20250303,20250310,7,60,1,65,62,2025-03-03,2025-03-10,2025-03-10,2025-03-10 14:56:00,2025-03-13 10:32:46.186446
6685,20251025,20251108,7,106,2,463,451,2025-10-25,2025-11-04,2025-11-08,2025-11-08 17:12:00,2025-11-11 04:45:47.358189
6686,20250116,20250128,15,182,2,267,227,2025-01-16,2025-01-25,2025-01-28,2025-01-28 13:30:00,2025-01-31 07:06:35.669366
6687,20250108,20250111,2,43,1,29,28,2025-01-08,2025-01-11,2025-01-11,2025-01-11 11:33:00,2025-01-12 19:03:53.756564
6688,20250525,20250604,2,190,3,93,92,2025-05-25,2025-06-04,2025-06-04,2025-06-04 08:35:00,2025-06-04 14:23:28.779477
6689,20251004,20251011,1,191,1,49,42,2025-10-04,2025-10-12,2025-10-11,2025-10-11 14:37:00,2025-10-12 09:52:56.676316
6690,20250806,20250815,13,178,1,412,407,2025-08-06,2025-08-15,2025-08-15,2025-08-15 14:06:00,2025-08-16 22:21:23.307029
6691,20250327,20250404,14,9,3,315,269,2025-03-27,2025-04-04,2025-04-04,2025-04-04 15:00:00,2025-04-14 10:31:04.536244
6692,20251129,20251202,11,41,1,143,122,2025-11-29,2025-12-02,2025-12-02,2025-12-02 17:35:00,2025-12-03 19:07:07.603663
6693,20250621,20250630,15,30,2,196,186,2025-06-21,2025-06-30,2025-06-30,2025-06-30 16:44:00,2025-06-30 21:37:50.953005
6694,20251110,20251114,4,119,2,199,182,2025-11-10,2025-11-14,2025-11-14,2025-11-14 11:17:00,2025-11-14 22:45:12.366847
6695,20250918,20250925,10,62,2,144,135,2025-09-18,2025-09-25,2025-09-25,2025-09-25 16:59:00,2025-09-26 02:49:56.895434
6696,20250201,20250204,12,192,1,332,302,2025-02-01,2025-02-05,2025-02-04,2025-02-04 15:56:00,2025-02-10 06:27:19.618299
6697,20250904,20250911,5,28,2,148,142,2025-09-04,2025-09-11,2025-09-11,2025-09-11 10:38:00,2025-09-16 10:42:06.896389
6698,20251125,20251204,8,47,2,81,75,2025-11-25,2025-12-04,2025-12-04,2025-12-04 14:29:00,2025-12-04 22:10:09.186126
6699,20250426,20250501,4,186,1,386,330,2025-04-26,2025-05-02,2025-05-01,2025-05-01 10:41:00,2025-05-03 07:29:00.746690
6700,20250305,20250313,15,60,3,68,58,2025-03-05,2025-03-09,2025-03-13,2025-03-13 13:38:00,2025-03-15 20:23:46.957031
6701,20251110,20251120,9,142,1,236,200,2025-11-10,2025-11-16,2025-11-20,2025-11-20 10:24:00,2025-11-21 15:11:15.929804
6702,20251122,20251126,13,11,1,462,409,2025-11-22,2025-11-26,2025-11-26,2025-11-26 11:06:00,2025-11-30 18:56:24.700910
6703,20250321,20250330,7,120,3,395,387,2025-03-21,2025-03-30,2025-03-30,2025-03-30 12:11:00,2025-04-02 06:01:36.697335
6704,20250831,20250902,1,17,1,253,245,2025-08-31,2025-09-03,2025-09-02,2025-09-02 07:20:00,2025-09-10 14:54:54.116837
6705,20250407,20250412,1,34,3,249,228,2025-04-07,2025-04-12,2025-04-12,2025-04-12 07:33:00,2025-04-15 09:12:12.660839
6706,20250119,20250129,15,94,1,319,271,2025-01-19,2025-01-29,2025-01-29,2025-01-29 09:23:00,2025-01-31 03:05:08.861834
6707,20250212,20250218,8,65,1,107,93,2025-02-12,2025-02-19,2025-02-18,2025-02-18 10:01:00,2025-02-23 05:42:22.090684
6708,20250601,20250605,1,6,3,277,250,2025-06-01,2025-06-06,2025-06-05,2025-06-05 10:50:00,2025-06-06 17:51:13.671019
6709,20250410,20250417,8,167,3,204,199,2025-04-10,2025-04-17,2025-04-17,2025-04-17 07:18:00,2025-04-18 04:33:53.619163
6710,20251007,20251013,9,58,2,145,125,2025-10-07,2025-10-13,2025-10-13,2025-10-13 14:19:00,2025-10-14 14:18:52.086957
6711,20250629,20250706,8,196,3,172,163,2025-06-29,2025-07-06,2025-07-06,2025-07-06 14:50:00,2025-07-07 04:08:28.421013
6712,20250225,20250228,11,115,1,171,161,2025-02-25,2025-02-28,2025-02-28,2025-02-28 07:10:00,2025-03-02 03:54:50.190149
6713,20250628,20250704,11,111,2,374,370,2025-06-28,2025-07-04,2025-07-04,2025-07-04 14:39:00,2025-07-06 20:42:51.195756
6714,20250521,20250527,14,195,1,479,420,2025-05-21,2025-05-27,2025-05-27,2025-05-27 09:16:00,2025-06-03 01:27:49.097191
6715,20250704,20250718,10,149,3,260,228,2025-07-04,2025-07-13,2025-07-18,2025-07-18 10:18:00,2025-07-20 13:37:17.623455
6716,20250224,20250303,11,139,1,179,153,2025-02-24,2025-02-28,2025-03-03,2025-03-03 10:26:00,2025-03-08 01:36:06.981883
6717,20250602,20250611,10,110,1,243,242,2025-06-02,2025-06-11,2025-06-11,2025-06-11 15:50:00,2025-06-12 09:39:05.928652
6718,20250923,20251006,5,30,2,163,151,2025-09-23,2025-10-01,2025-10-06,2025-10-06 07:07:00,2025-10-07 11:23:33.986820
6719,20250320,20250323,10,87,1,69,62,2025-03-20,2025-03-24,2025-03-23,2025-03-23 08:56:00,2025-03-23 10:56:00.000000
6720,20250912,20250918,14,14,1,50,43,2025-09-12,2025-09-18,2025-09-18,2025-09-18 08:30:00,2025-09-20 19:37:12.583880
6721,20250716,20250723,7,1,1,340,299,2025-07-16,2025-07-23,2025-07-23,2025-07-23 15:21:00,2025-07-25 16:38:38.711074
6722,20250629,20250706,11,77,2,389,363,2025-06-29,2025-07-06,2025-07-06,2025-07-06 13:58:00,2025-07-08 12:55:42.146999
6723,20250701,20250709,9,145,1,472,408,2025-07-01,2025-07-10,2025-07-09,2025-07-09 14:07:00,2025-07-11 13:29:32.416809
6724,20250426,20250504,8,78,3,310,293,2025-04-26,2025-05-05,2025-05-04,2025-05-04 13:34:00,2025-05-06 21:12:32.638919
6725,20250112,20250120,8,172,3,433,404,2025-01-12,2025-01-20,2025-01-20,2025-01-20 17:44:00,2025-01-22 17:09:47.589820
6726,20250904,20250910,12,175,1,315,269,2025-09-04,2025-09-10,2025-09-10,2025-09-10 08:22:00,2025-09-12 13:31:28.094586
6727,20250823,20250831,14,72,3,127,121,2025-08-23,2025-08-27,2025-08-31,2025-08-31 07:43:00,2025-08-31 17:51:21.203012
6728,20250311,20250317,8,32,1,302,262,2025-03-11,2025-03-18,2025-03-17,2025-03-17 14:51:00,2025-03-18 05:23:42.960625
6729,20251019,20251025,3,102,2,344,309,2025-10-19,2025-10-26,2025-10-25,2025-10-25 17:18:00,2025-10-26 00:41:04.223326
6730,20250124,20250126,8,195,1,233,215,2025-01-24,2025-01-27,2025-01-26,2025-01-26 07:57:00,2025-01-27 14:39:34.379360
6731,20250721,20250726,3,167,1,244,209,2025-07-21,2025-07-27,2025-07-26,2025-07-26 14:27:00,2025-07-30 16:10:03.123740
6732,20250529,20250605,12,192,1,437,375,2025-05-29,2025-06-05,2025-06-05,2025-06-05 13:31:00,2025-06-08 09:53:57.995768
6733,20250402,20250407,1,15,1,190,180,2025-04-02,2025-04-07,2025-04-07,2025-04-07 08:20:00,2025-04-15 20:32:52.893743
6734,20250714,20250721,7,117,3,184,173,2025-07-14,2025-07-17,2025-07-21,2025-07-21 10:45:00,2025-07-24 22:29:45.634018
6735,20251005,20251008,3,73,1,492,483,2025-10-05,2025-10-09,2025-10-08,2025-10-08 16:10:00,2025-10-12 19:20:30.538004
6736,20250406,20250409,10,14,3,414,360,2025-04-06,2025-04-09,2025-04-09,2025-04-09 08:30:00,2025-04-12 05:25:43.538838
6737,20251013,20251024,1,97,1,275,239,2025-10-13,2025-10-20,2025-10-24,2025-10-24 11:11:00,2025-10-25 15:03:53.161678
6738,20250415,20250424,13,85,1,134,114,2025-04-15,2025-04-25,2025-04-24,2025-04-24 12:55:00,2025-04-26 04:53:53.696623
6739,20251115,20251124,7,199,3,360,338,2025-11-15,2025-11-24,2025-11-24,2025-11-24 16:37:00,2025-11-26 01:58:37.533766
6740,20251025,20251104,12,171,1,273,238,2025-10-25,2025-11-04,2025-11-04,2025-11-04 09:27:00,2025-11-07 08:12:03.790990
6741,20250719,20250726,9,167,1,453,436,2025-07-19,2025-07-26,2025-07-26,2025-07-26 17:14:00,2025-07-30 01:56:09.783959
6742,20250926,20251007,4,78,3,194,171,2025-09-26,2025-10-04,2025-10-07,2025-10-07 14:40:00,2025-10-08 20:48:35.239471
6743,20250728,20250804,15,62,1,190,170,2025-07-28,2025-08-05,2025-08-04,2025-08-04 11:22:00,2025-08-07 02:23:42.085584
6744,20250530,20250603,9,21,1,246,219,2025-05-30,2025-06-03,2025-06-03,2025-06-03 12:59:00,2025-06-04 19:37:51.921633
6745,20250928,20251004,3,2,1,79,74,2025-09-28,2025-10-05,2025-10-04,2025-10-04 11:09:00,2025-10-06 22:21:30.855833
6746,20250201,20250211,12,35,1,484,460,2025-02-01,2025-02-10,2025-02-11,2025-02-11 15:56:00,2025-02-15 14:26:54.581348
6747,20250403,20250418,6,67,1,140,138,2025-04-03,2025-04-13,2025-04-18,2025-04-18 09:28:00,2025-04-24 18:02:04.870379
6748,20251006,20251013,2,127,3,69,63,2025-10-06,2025-10-13,2025-10-13,2025-10-13 16:43:00,2025-10-15 08:33:31.607528
6749,20250329,20250401,11,69,1,260,247,2025-03-29,2025-04-01,2025-04-01,2025-04-01 15:08:00,2025-04-05 12:18:33.607632
6750,20250731,20250805,5,161,1,196,167,2025-07-31,2025-08-06,2025-08-05,2025-08-05 12:33:00,2025-08-11 07:01:31.118038
6751,20250305,20250308,13,69,2,102,100,2025-03-05,2025-03-08,2025-03-08,2025-03-08 16:55:00,2025-03-14 02:01:43.668690
6752,20250806,20250814,1,167,3,476,473,2025-08-06,2025-08-10,2025-08-14,2025-08-14 14:33:00,2025-08-20 18:22:29.749037
6753,20250619,20250622,12,199,2,31,30,2025-06-19,2025-06-22,2025-06-22,2025-06-22 10:25:00,2025-06-30 22:29:38.323648
6754,20250822,20250830,12,184,1,57,52,2025-08-22,2025-08-30,2025-08-30,2025-08-30 12:23:00,2025-08-31 01:54:10.945562
6755,20250128,20250203,3,174,3,247,228,2025-01-28,2025-02-03,2025-02-03,2025-02-03 07:31:00,2025-02-05 15:10:44.115863
6756,20250427,20250501,2,191,2,454,437,2025-04-27,2025-05-02,2025-05-01,2025-05-01 07:33:00,2025-05-05 02:30:18.704602
6757,20250109,20250121,7,133,1,342,322,2025-01-09,2025-01-19,2025-01-21,2025-01-21 09:52:00,2025-01-22 03:44:18.380318
6758,20251121,20251128,5,191,2,499,495,2025-11-21,2025-11-29,2025-11-28,2025-11-28 10:21:00,2025-11-29 16:08:18.635381
6759,20250907,20250911,4,94,1,463,405,2025-09-07,2025-09-11,2025-09-11,2025-09-11 09:14:00,2025-09-12 22:58:58.007586
6760,20250512,20250516,12,126,3,69,67,2025-05-12,2025-05-17,2025-05-16,2025-05-16 10:24:00,2025-05-19 03:25:23.038312
6761,20250320,20250328,9,49,1,92,89,2025-03-20,2025-03-28,2025-03-28,2025-03-28 17:19:00,2025-03-30 12:48:31.079405
6762,20250328,20250406,4,48,1,28,24,2025-03-28,2025-04-04,2025-04-06,2025-04-06 12:33:00,2025-04-09 06:41:18.620079
6763,20250928,20251006,7,65,1,260,228,2025-09-28,2025-10-06,2025-10-06,2025-10-06 12:46:00,2025-10-12 20:55:48.524781
6764,20250305,20250318,8,172,1,130,121,2025-03-05,2025-03-13,2025-03-18,2025-03-18 07:55:00,2025-03-18 11:39:19.489262
6765,20251114,20251116,14,148,3,243,224,2025-11-14,2025-11-17,2025-11-16,2025-11-16 10:59:00,2025-11-21 09:29:39.306132
6766,20250709,20250719,10,152,1,38,34,2025-07-09,2025-07-17,2025-07-19,2025-07-19 15:03:00,2025-07-25 22:45:43.843594
6767,20250509,20250518,15,138,3,106,93,2025-05-09,2025-05-13,2025-05-18,2025-05-18 07:05:00,2025-05-26 16:42:39.900307
6768,20250304,20250314,14,157,3,118,115,2025-03-04,2025-03-14,2025-03-14,2025-03-14 14:24:00,2025-03-14 22:24:59.378598
6769,20251106,20251114,13,123,2,340,296,2025-11-06,2025-11-15,2025-11-14,2025-11-14 13:06:00,2025-11-22 00:04:44.029083
6770,20250215,20250226,14,82,1,160,154,2025-02-15,2025-02-24,2025-02-26,2025-02-26 13:30:00,2025-03-04 15:04:02.566846
6771,20250330,20250403,15,86,1,93,91,2025-03-30,2025-04-03,2025-04-03,2025-04-03 07:54:00,2025-04-09 07:08:24.397704
6772,20250128,20250207,4,5,2,182,168,2025-01-28,2025-02-07,2025-02-07,2025-02-07 16:47:00,2025-02-15 20:44:11.651374
6773,20251202,20251211,10,54,3,456,388,2025-12-02,2025-12-11,2025-12-11,2025-12-11 10:31:00,2025-12-18 07:28:11.993663
6774,20250212,20250216,7,3,3,205,174,2025-02-12,2025-02-16,2025-02-16,2025-02-16 07:35:00,2025-02-17 17:17:09.642690
6775,20250810,20250818,7,170,1,54,49,2025-08-10,2025-08-18,2025-08-18,2025-08-18 09:15:00,2025-08-25 21:06:01.662594
6776,20250427,20250501,14,127,3,168,167,2025-04-27,2025-05-02,2025-05-01,2025-05-01 14:16:00,2025-05-02 02:38:01.899431
6777,20251114,20251118,6,115,3,335,301,2025-11-14,2025-11-18,2025-11-18,2025-11-18 15:03:00,2025-11-21 01:12:51.514020
6778,20250624,20250630,5,76,1,486,445,2025-06-24,2025-06-27,2025-06-30,2025-06-30 17:46:00,2025-07-05 11:21:05.521336
6779,20251116,20251118,11,32,1,369,343,2025-11-16,2025-11-19,2025-11-18,2025-11-18 07:36:00,2025-11-20 06:54:40.328686
6780,20250227,20250304,9,84,2,376,334,2025-02-27,2025-03-04,2025-03-04,2025-03-04 15:58:00,2025-03-07 06:06:25.182734
6781,20250925,20251004,11,119,1,440,415,2025-09-25,2025-10-02,2025-10-04,2025-10-04 16:35:00,2025-10-09 21:33:23.334307
6782,20250917,20250925,3,8,1,140,134,2025-09-17,2025-09-26,2025-09-25,2025-09-25 10:07:00,2025-09-26 12:04:01.091404
6783,20251019,20251025,6,40,1,33,30,2025-10-19,2025-10-25,2025-10-25,2025-10-25 15:01:00,2025-10-27 01:43:17.636173
6784,20250719,20250727,14,159,2,36,32,2025-07-19,2025-07-27,2025-07-27,2025-07-27 15:49:00,2025-07-28 12:30:20.862472
6785,20250822,20250901,12,150,1,272,266,2025-08-22,2025-09-01,2025-09-01,2025-09-01 10:38:00,2025-09-05 21:34:51.237535
6786,20250504,20250512,8,112,1,495,444,2025-05-04,2025-05-12,2025-05-12,2025-05-12 11:46:00,2025-05-16 16:22:37.149148
6787,20250602,20250606,2,180,3,489,449,2025-06-02,2025-06-06,2025-06-06,2025-06-06 14:03:00,2025-06-08 12:18:48.773859
6788,20250422,20250430,15,37,2,192,181,2025-04-22,2025-04-30,2025-04-30,2025-04-30 10:35:00,2025-05-01 22:36:42.584589
6789,20250611,20250616,12,96,1,435,382,2025-06-11,2025-06-16,2025-06-16,2025-06-16 08:58:00,2025-06-23 15:06:37.272902
6790,20250311,20250320,12,189,1,391,340,2025-03-11,2025-03-20,2025-03-20,2025-03-20 15:46:00,2025-03-23 06:53:57.145111
6791,20250514,20250517,7,184,1,90,84,2025-05-14,2025-05-17,2025-05-17,2025-05-17 14:08:00,2025-05-18 17:48:41.487576
6792,20251024,20251101,8,160,1,57,52,2025-10-24,2025-11-01,2025-11-01,2025-11-01 13:21:00,2025-11-02 16:16:12.327626
6793,20250217,20250222,9,140,2,295,276,2025-02-17,2025-02-23,2025-02-22,2025-02-22 07:30:00,2025-02-23 11:12:07.611990
6794,20250415,20250424,15,20,3,305,262,2025-04-15,2025-04-25,2025-04-24,2025-04-24 13:43:00,2025-04-27 04:57:07.956355
6795,20251028,20251105,2,58,2,174,149,2025-10-28,2025-11-06,2025-11-05,2025-11-05 11:22:00,2025-11-09 14:00:35.337335
6796,20250121,20250204,14,10,1,156,136,2025-01-21,2025-01-31,2025-02-04,2025-02-04 10:05:00,2025-02-08 14:31:20.640902
6797,20251206,20251210,6,48,1,83,75,2025-12-06,2025-12-10,2025-12-10,2025-12-10 11:50:00,2025-12-12 17:27:54.167745
6798,20250831,20250907,15,113,1,399,339,2025-08-31,2025-09-07,2025-09-07,2025-09-07 16:06:00,2025-09-10 02:05:51.250105
6799,20250424,20250429,14,125,1,308,272,2025-04-24,2025-04-29,2025-04-29,2025-04-29 12:02:00,2025-04-30 11:47:57.268153
6800,20250124,20250204,4,40,1,444,433,2025-01-24,2025-02-02,2025-02-04,2025-02-04 09:19:00,2025-02-07 17:43:01.890855
6801,20251012,20251020,4,63,1,367,328,2025-10-12,2025-10-17,2025-10-20,2025-10-20 17:49:00,2025-10-23 00:45:16.629170
6802,20250813,20250822,5,68,2,55,49,2025-08-13,2025-08-23,2025-08-22,2025-08-22 15:50:00,2025-09-02 14:54:58.521572
6803,20250412,20250417,1,16,2,98,89,2025-04-12,2025-04-18,2025-04-17,2025-04-17 07:43:00,2025-04-18 22:35:52.146510
6804,20250131,20250203,12,144,1,283,276,2025-01-31,2025-02-03,2025-02-03,2025-02-03 09:28:00,2025-02-05 12:00:11.960263
6805,20251108,20251112,15,160,1,372,358,2025-11-08,2025-11-13,2025-11-12,2025-11-12 16:27:00,2025-11-15 09:43:46.708350
6806,20251128,20251206,10,48,1,52,44,2025-11-28,2025-12-06,2025-12-06,2025-12-06 11:26:00,2025-12-09 08:36:16.633863
6807,20250303,20250311,7,169,1,293,266,2025-03-03,2025-03-11,2025-03-11,2025-03-11 12:14:00,2025-03-13 15:25:43.928788
6808,20250816,20250822,4,48,1,132,130,2025-08-16,2025-08-22,2025-08-22,2025-08-22 17:59:00,2025-08-23 04:01:55.897594
6809,20250131,20250203,4,162,2,123,109,2025-01-31,2025-02-04,2025-02-03,2025-02-03 14:39:00,2025-02-06 13:06:15.284418
6810,20250423,20250428,14,1,2,479,452,2025-04-23,2025-04-28,2025-04-28,2025-04-28 14:23:00,2025-05-02 10:47:04.547287
6811,20251011,20251021,4,14,1,342,329,2025-10-11,2025-10-21,2025-10-21,2025-10-21 12:45:00,2025-10-24 14:14:44.831137
6812,20250422,20250430,11,24,2,145,129,2025-04-22,2025-04-30,2025-04-30,2025-04-30 09:51:00,2025-05-01 11:23:49.739531
6813,20250129,20250203,2,81,3,236,203,2025-01-29,2025-02-03,2025-02-03,2025-02-03 10:00:00,2025-02-06 10:56:04.594793
6814,20250914,20250921,9,161,2,331,293,2025-09-14,2025-09-18,2025-09-21,2025-09-21 11:45:00,2025-09-23 00:55:16.286374
6815,20250824,20250828,12,108,1,364,340,2025-08-24,2025-08-28,2025-08-28,2025-08-28 16:04:00,2025-09-04 09:55:21.357875
6816,20250609,20250615,12,192,1,194,172,2025-06-09,2025-06-15,2025-06-15,2025-06-15 09:49:00,2025-06-17 20:58:14.855991
6817,20251118,20251122,14,118,3,257,236,2025-11-18,2025-11-23,2025-11-22,2025-11-22 13:25:00,2025-11-24 18:17:46.857749
6818,20250303,20250313,11,77,1,311,275,2025-03-03,2025-03-10,2025-03-13,2025-03-13 10:30:00,2025-03-16 03:17:56.680781
6819,20250116,20250122,7,27,1,433,397,2025-01-16,2025-01-22,2025-01-22,2025-01-22 13:02:00,2025-01-24 09:06:16.379279
6820,20250817,20250821,2,60,1,215,190,2025-08-17,2025-08-22,2025-08-21,2025-08-21 08:23:00,2025-08-22 21:08:28.909244
6821,20250215,20250222,4,39,2,499,426,2025-02-15,2025-02-18,2025-02-22,2025-02-22 12:09:00,2025-02-23 16:49:52.987668
6822,20250218,20250228,13,61,1,261,227,2025-02-18,2025-02-28,2025-02-28,2025-02-28 08:28:00,2025-03-01 09:14:27.930555
6823,20250416,20250424,5,164,3,178,176,2025-04-16,2025-04-23,2025-04-24,2025-04-24 09:26:00,2025-04-26 19:13:33.287333
6824,20250626,20250628,2,130,1,437,419,2025-06-26,2025-06-29,2025-06-28,2025-06-28 11:27:00,2025-06-29 06:06:49.438756
6825,20250115,20250117,11,166,2,474,457,2025-01-15,2025-01-18,2025-01-17,2025-01-17 14:33:00,2025-01-22 16:26:40.145891
6826,20250605,20250615,15,27,1,71,70,2025-06-05,2025-06-15,2025-06-15,2025-06-15 10:37:00,2025-06-19 18:39:17.217146
6827,20250427,20250501,11,81,2,88,84,2025-04-27,2025-05-01,2025-05-01,2025-05-01 07:26:00,2025-05-07 05:23:19.740171
6828,20251003,20251012,2,134,1,302,262,2025-10-03,2025-10-12,2025-10-12,2025-10-12 13:12:00,2025-10-14 09:46:29.970812
6829,20250818,20250828,6,2,1,294,282,2025-08-18,2025-08-26,2025-08-28,2025-08-28 09:19:00,2025-08-31 01:15:14.557114
6830,20250502,20250510,4,37,1,474,431,2025-05-02,2025-05-10,2025-05-10,2025-05-10 09:36:00,2025-05-11 01:14:04.053877
6831,20250803,20250810,13,89,1,132,117,2025-08-03,2025-08-10,2025-08-10,2025-08-10 10:01:00,2025-08-13 21:23:41.458954
6832,20250110,20250114,12,32,2,210,202,2025-01-10,2025-01-14,2025-01-14,2025-01-14 13:51:00,2025-01-15 12:13:11.357392
6833,20250127,20250202,15,180,2,389,385,2025-01-27,2025-01-31,2025-02-02,2025-02-02 14:19:00,2025-02-09 01:26:38.466493
6834,20250802,20250808,13,89,3,145,127,2025-08-02,2025-08-09,2025-08-08,2025-08-08 09:41:00,2025-08-10 13:45:49.392230
6835,20251019,20251102,6,92,1,475,437,2025-10-19,2025-10-29,2025-11-02,2025-11-02 08:45:00,2025-11-06 14:36:43.334901
6836,20250829,20250902,2,45,3,140,124,2025-08-29,2025-09-02,2025-09-02,2025-09-02 08:51:00,2025-09-06 14:57:22.267861
6837,20251029,20251101,14,124,1,53,49,2025-10-29,2025-11-02,2025-11-01,2025-11-01 09:44:00,2025-11-11 15:09:09.932889
6838,20250630,20250706,5,6,3,114,99,2025-06-30,2025-07-06,2025-07-06,2025-07-06 11:08:00,2025-07-09 23:38:57.674652
6839,20251123,20251128,8,168,2,300,292,2025-11-23,2025-11-28,2025-11-28,2025-11-28 07:35:00,2025-11-29 08:57:21.074389
6840,20250120,20250131,7,67,2,264,227,2025-01-20,2025-01-29,2025-01-31,2025-01-31 07:46:00,2025-02-03 11:41:20.603268
6841,20250503,20250510,3,14,3,371,350,2025-05-03,2025-05-10,2025-05-10,2025-05-10 17:48:00,2025-05-11 06:08:34.313340
6842,20250610,20250619,15,7,3,118,111,2025-06-10,2025-06-19,2025-06-19,2025-06-19 15:33:00,2025-06-21 11:02:15.935779
6843,20250523,20250604,14,126,2,112,102,2025-05-23,2025-06-02,2025-06-04,2025-06-04 11:46:00,2025-06-05 17:52:34.197618
6844,20250831,20250909,13,193,3,268,251,2025-08-31,2025-09-04,2025-09-09,2025-09-09 11:46:00,2025-09-14 09:56:25.112621
6845,20251025,20251028,4,116,1,305,303,2025-10-25,2025-10-29,2025-10-28,2025-10-28 08:44:00,2025-11-02 11:53:16.392719
6846,20251128,20251209,5,179,2,68,62,2025-11-28,2025-12-07,2025-12-09,2025-12-09 11:38:00,2025-12-10 11:05:40.054504
6847,20251111,20251113,9,197,3,21,18,2025-11-11,2025-11-14,2025-11-13,2025-11-13 08:15:00,2025-11-14 13:07:49.346133
6848,20251027,20251102,3,154,3,109,102,2025-10-27,2025-11-03,2025-11-02,2025-11-02 17:15:00,2025-11-05 15:05:41.344228
6849,20251111,20251117,9,77,2,462,442,2025-11-11,2025-11-17,2025-11-17,2025-11-17 11:02:00,2025-11-21 08:29:29.655695
6850,20250921,20250929,13,173,1,102,92,2025-09-21,2025-09-29,2025-09-29,2025-09-29 08:15:00,2025-10-01 00:02:51.043165
6851,20250424,20250428,10,55,1,205,203,2025-04-24,2025-04-28,2025-04-28,2025-04-28 16:51:00,2025-04-30 21:35:20.670043
6852,20250116,20250126,10,53,1,125,124,2025-01-16,2025-01-23,2025-01-26,2025-01-26 10:03:00,2025-01-28 20:58:12.086324
6853,20250206,20250217,10,130,1,235,202,2025-02-06,2025-02-13,2025-02-17,2025-02-17 08:01:00,2025-02-20 12:15:56.204695
6854,20250830,20250906,13,94,3,88,77,2025-08-30,2025-09-06,2025-09-06,2025-09-06 08:20:00,2025-09-07 12:37:16.830048
6855,20250602,20250609,3,105,2,173,171,2025-06-02,2025-06-09,2025-06-09,2025-06-09 12:31:00,2025-06-15 21:56:30.495910
6856,20251120,20251130,8,189,3,369,347,2025-11-20,2025-11-30,2025-11-30,2025-11-30 08:15:00,2025-12-02 06:02:17.963452
6857,20250124,20250201,11,117,1,227,197,2025-01-24,2025-02-02,2025-02-01,2025-02-01 12:06:00,2025-02-04 06:25:08.840723
6858,20250707,20250714,14,45,1,72,66,2025-07-07,2025-07-14,2025-07-14,2025-07-14 14:35:00,2025-07-18 04:45:10.019469
6859,20251116,20251124,11,36,3,348,330,2025-11-16,2025-11-25,2025-11-24,2025-11-24 10:46:00,2025-11-25 05:40:20.873590
6860,20250223,20250302,11,8,1,201,183,2025-02-23,2025-03-02,2025-03-02,2025-03-02 10:07:00,2025-03-05 01:39:18.834056
6861,20250122,20250131,13,96,1,124,119,2025-01-22,2025-01-29,2025-01-31,2025-01-31 16:14:00,2025-02-01 03:05:28.638518
6862,20250816,20250824,6,13,3,201,190,2025-08-16,2025-08-25,2025-08-24,2025-08-24 09:29:00,2025-08-24 23:37:06.558639
6863,20251103,20251112,10,32,1,94,80,2025-11-03,2025-11-12,2025-11-12,2025-11-12 09:49:00,2025-11-14 21:44:23.121102
6864,20250625,20250704,15,129,1,420,414,2025-06-25,2025-07-05,2025-07-04,2025-07-04 11:23:00,2025-07-06 14:11:46.213723
6865,20250916,20250921,15,179,3,129,114,2025-09-16,2025-09-21,2025-09-21,2025-09-21 12:06:00,2025-09-21 21:57:36.362355
6866,20250808,20250817,4,79,2,196,192,2025-08-08,2025-08-17,2025-08-17,2025-08-17 13:10:00,2025-08-20 02:54:35.102565
6867,20250608,20250611,6,14,3,92,87,2025-06-08,2025-06-11,2025-06-11,2025-06-11 16:52:00,2025-06-13 20:56:12.021441
6868,20250319,20250328,11,189,1,291,289,2025-03-19,2025-03-24,2025-03-28,2025-03-28 09:08:00,2025-03-29 11:19:48.868722
6869,20250702,20250709,7,188,2,309,290,2025-07-02,2025-07-06,2025-07-09,2025-07-09 16:05:00,2025-07-13 03:49:37.890080
6870,20250813,20250824,14,81,1,201,182,2025-08-13,2025-08-21,2025-08-24,2025-08-24 16:07:00,2025-08-25 21:07:46.232458
6871,20251115,20251122,3,181,2,241,228,2025-11-15,2025-11-22,2025-11-22,2025-11-22 11:54:00,2025-11-23 21:35:25.920429
6872,20250304,20250307,4,35,1,117,114,2025-03-04,2025-03-07,2025-03-07,2025-03-07 11:28:00,2025-03-09 16:32:17.776185
6873,20251016,20251019,12,160,1,402,356,2025-10-16,2025-10-19,2025-10-19,2025-10-19 12:24:00,2025-10-21 08:25:48.324041
6874,20250815,20250823,13,181,1,363,351,2025-08-15,2025-08-24,2025-08-23,2025-08-23 13:37:00,2025-08-29 12:05:01.056606
6875,20250301,20250306,8,159,2,307,288,2025-03-01,2025-03-07,2025-03-06,2025-03-06 12:16:00,2025-03-12 19:14:31.842638
6876,20250327,20250404,10,168,3,216,188,2025-03-27,2025-04-04,2025-04-04,2025-04-04 14:59:00,2025-04-06 14:47:51.168199
6877,20250707,20250719,15,90,2,428,427,2025-07-07,2025-07-15,2025-07-19,2025-07-19 13:42:00,2025-07-21 00:56:40.456714
6878,20250117,20250127,4,67,3,462,417,2025-01-17,2025-01-23,2025-01-27,2025-01-27 09:44:00,2025-01-27 19:41:56.611806
6879,20251117,20251126,2,133,3,132,119,2025-11-17,2025-11-26,2025-11-26,2025-11-26 10:09:00,2025-11-28 14:22:48.646750
6880,20250913,20250918,10,137,1,319,317,2025-09-13,2025-09-18,2025-09-18,2025-09-18 13:33:00,2025-09-21 20:08:03.686395
6881,20251125,20251201,14,175,3,424,384,2025-11-25,2025-11-28,2025-12-01,2025-12-01 16:16:00,2025-12-03 04:06:32.013649
6882,20250618,20250627,10,23,1,401,364,2025-06-18,2025-06-27,2025-06-27,2025-06-27 15:29:00,2025-07-06 01:37:28.431381
6883,20251025,20251102,4,177,2,408,400,2025-10-25,2025-11-02,2025-11-02,2025-11-02 15:34:00,2025-11-04 00:10:08.430514
6884,20250503,20250511,12,130,1,293,257,2025-05-03,2025-05-12,2025-05-11,2025-05-11 09:14:00,2025-05-13 02:54:43.579119
6885,20251009,20251011,6,92,1,381,326,2025-10-09,2025-10-12,2025-10-11,2025-10-11 14:52:00,2025-10-16 18:23:41.121358
6886,20251105,20251115,6,72,3,420,406,2025-11-05,2025-11-15,2025-11-15,2025-11-15 16:52:00,2025-11-17 12:22:32.006262
6887,20250502,20250507,2,72,1,105,92,2025-05-02,2025-05-08,2025-05-07,2025-05-07 10:45:00,2025-05-07 15:38:31.575452
6888,20250420,20250426,3,119,1,310,299,2025-04-20,2025-04-26,2025-04-26,2025-04-26 13:09:00,2025-05-01 07:34:05.504957
6889,20250110,20250114,10,167,1,94,81,2025-01-10,2025-01-14,2025-01-14,2025-01-14 15:17:00,2025-01-20 18:21:15.706695
6890,20250807,20250817,10,37,3,444,393,2025-08-07,2025-08-17,2025-08-17,2025-08-17 09:27:00,2025-08-21 21:17:34.654444
6891,20251112,20251121,4,84,2,78,67,2025-11-12,2025-11-19,2025-11-21,2025-11-21 16:25:00,2025-11-23 23:04:34.777339
6892,20250405,20250414,14,43,1,40,37,2025-04-05,2025-04-09,2025-04-14,2025-04-14 10:26:00,2025-04-20 13:15:56.236375
6893,20250507,20250514,1,54,3,268,231,2025-05-07,2025-05-11,2025-05-14,2025-05-14 12:20:00,2025-05-18 02:26:31.791012
6894,20251205,20251212,11,58,3,64,61,2025-12-05,2025-12-10,2025-12-12,2025-12-12 10:24:00,2025-12-17 13:29:04.022775
6895,20251025,20251102,10,100,2,341,293,2025-10-25,2025-11-02,2025-11-02,2025-11-02 17:38:00,2025-11-03 20:02:35.401231
6896,20251105,20251112,2,66,2,354,346,2025-11-05,2025-11-12,2025-11-12,2025-11-12 16:29:00,2025-11-13 09:44:15.030502
6897,20250801,20250807,2,20,2,458,416,2025-08-01,2025-08-08,2025-08-07,2025-08-07 15:35:00,2025-08-09 10:39:46.531797
6898,20250307,20250311,14,82,1,206,176,2025-03-07,2025-03-12,2025-03-11,2025-03-11 10:37:00,2025-03-11 16:23:45.975937
6899,20250201,20250209,5,42,3,91,80,2025-02-01,2025-02-08,2025-02-09,2025-02-09 12:23:00,2025-02-12 06:35:41.753020
6900,20250619,20250622,7,56,2,77,67,2025-06-19,2025-06-22,2025-06-22,2025-06-22 11:48:00,2025-06-25 20:50:04.410208
6901,20250624,20250627,10,46,3,305,303,2025-06-24,2025-06-27,2025-06-27,2025-06-27 10:22:00,2025-06-29 22:43:05.991839
6902,20250910,20250917,13,47,1,107,106,2025-09-10,2025-09-18,2025-09-17,2025-09-17 08:38:00,2025-09-18 17:18:04.098653
6903,20250710,20250712,5,110,3,137,128,2025-07-10,2025-07-13,2025-07-12,2025-07-12 13:39:00,2025-07-14 16:25:35.431557
6904,20250221,20250302,8,20,2,157,139,2025-02-21,2025-03-02,2025-03-02,2025-03-02 11:01:00,2025-03-04 14:06:59.689289
6905,20251206,20251209,9,152,1,269,255,2025-12-06,2025-12-10,2025-12-09,2025-12-09 14:23:00,2025-12-12 09:46:29.670681
6906,20250509,20250514,1,165,2,229,216,2025-05-09,2025-05-13,2025-05-14,2025-05-14 15:05:00,2025-05-16 11:33:54.413299
6907,20250101,20250104,15,15,2,137,122,2025-01-01,2025-01-05,2025-01-04,2025-01-04 14:38:00,2025-01-05 21:28:01.116815
6908,20251006,20251011,12,43,1,478,469,2025-10-06,2025-10-10,2025-10-11,2025-10-11 17:57:00,2025-10-13 16:28:23.218577
6909,20250320,20250328,2,91,3,151,140,2025-03-20,2025-03-28,2025-03-28,2025-03-28 08:05:00,2025-03-29 09:49:20.898259
6910,20250424,20250429,4,185,2,326,319,2025-04-24,2025-04-30,2025-04-29,2025-04-29 13:52:00,2025-04-30 10:22:43.080965
6911,20251107,20251112,1,180,1,410,377,2025-11-07,2025-11-12,2025-11-12,2025-11-12 15:17:00,2025-11-14 05:19:59.442583
6912,20250423,20250426,10,64,2,454,443,2025-04-23,2025-04-26,2025-04-26,2025-04-26 17:48:00,2025-05-02 04:31:28.428930
6913,20250708,20250715,12,21,1,234,227,2025-07-08,2025-07-15,2025-07-15,2025-07-15 09:51:00,2025-07-15 17:00:33.164640
6914,20250204,20250211,6,141,2,74,65,2025-02-04,2025-02-11,2025-02-11,2025-02-11 10:12:00,2025-02-12 21:49:06.986755
6915,20251017,20251026,7,110,3,279,278,2025-10-17,2025-10-26,2025-10-26,2025-10-26 10:15:00,2025-10-28 03:28:30.122102
6916,20250511,20250515,2,59,3,387,373,2025-05-11,2025-05-15,2025-05-15,2025-05-15 11:38:00,2025-05-16 08:30:27.044028
6917,20250312,20250322,15,95,1,90,81,2025-03-12,2025-03-22,2025-03-22,2025-03-22 10:10:00,2025-03-26 02:42:15.249806
6918,20250331,20250409,14,119,3,401,390,2025-03-31,2025-04-09,2025-04-09,2025-04-09 16:21:00,2025-04-11 22:57:03.930610
6919,20250209,20250220,15,108,1,114,102,2025-02-09,2025-02-15,2025-02-20,2025-02-20 14:00:00,2025-02-22 03:34:33.442536
6920,20250412,20250416,1,60,2,301,258,2025-04-12,2025-04-16,2025-04-16,2025-04-16 14:19:00,2025-04-16 21:27:38.753183
6921,20250708,20250712,2,175,3,105,99,2025-07-08,2025-07-12,2025-07-12,2025-07-12 07:40:00,2025-07-13 14:02:12.134941
6922,20251112,20251121,7,89,1,74,69,2025-11-12,2025-11-17,2025-11-21,2025-11-21 10:38:00,2025-11-24 07:54:51.635331
6923,20250426,20250506,15,101,2,347,310,2025-04-26,2025-05-06,2025-05-06,2025-05-06 17:17:00,2025-05-07 18:05:55.136802
6924,20250419,20250429,8,56,3,94,92,2025-04-19,2025-04-29,2025-04-29,2025-04-29 07:32:00,2025-05-02 08:55:57.459882
6925,20251203,20251208,6,179,3,254,216,2025-12-03,2025-12-09,2025-12-08,2025-12-08 09:42:00,2025-12-12 01:45:37.929212
6926,20250831,20250914,4,184,2,69,66,2025-08-31,2025-09-10,2025-09-14,2025-09-14 12:23:00,2025-09-15 21:31:03.484847
6927,20250406,20250414,1,4,1,309,284,2025-04-06,2025-04-14,2025-04-14,2025-04-14 15:24:00,2025-04-17 19:18:40.340263
6928,20250303,20250312,15,6,2,96,90,2025-03-03,2025-03-12,2025-03-12,2025-03-12 11:09:00,2025-03-13 08:51:02.644401
6929,20250525,20250528,14,47,1,498,494,2025-05-25,2025-05-28,2025-05-28,2025-05-28 11:58:00,2025-05-29 06:13:09.687266
6930,20251010,20251013,4,182,2,151,147,2025-10-10,2025-10-13,2025-10-13,2025-10-13 10:00:00,2025-10-15 11:44:14.250831
6931,20250304,20250314,6,79,3,154,153,2025-03-04,2025-03-14,2025-03-14,2025-03-14 17:16:00,2025-03-24 23:23:19.131397
6932,20250110,20250117,2,91,2,403,369,2025-01-10,2025-01-18,2025-01-17,2025-01-17 15:20:00,2025-01-19 07:09:50.323950
6933,20250726,20250731,1,121,2,309,272,2025-07-26,2025-07-31,2025-07-31,2025-07-31 14:33:00,2025-08-02 01:27:41.915782
6934,20251023,20251102,4,68,1,359,346,2025-10-23,2025-11-02,2025-11-02,2025-11-02 08:06:00,2025-11-05 16:25:26.071611
6935,20250913,20250916,13,24,2,222,207,2025-09-13,2025-09-17,2025-09-16,2025-09-16 11:14:00,2025-09-19 00:21:31.622374
6936,20250418,20250425,8,30,3,372,371,2025-04-18,2025-04-25,2025-04-25,2025-04-25 16:02:00,2025-04-26 20:42:03.361932
6937,20250508,20250517,5,5,2,32,30,2025-05-08,2025-05-12,2025-05-17,2025-05-17 17:54:00,2025-05-20 09:00:40.064384
6938,20250112,20250122,7,24,2,480,446,2025-01-12,2025-01-17,2025-01-22,2025-01-22 15:41:00,2025-01-23 06:52:07.056043
6939,20250225,20250301,13,126,2,381,372,2025-02-25,2025-03-02,2025-03-01,2025-03-01 17:15:00,2025-03-02 23:25:20.020689
6940,20250120,20250124,15,27,1,142,126,2025-01-20,2025-01-24,2025-01-24,2025-01-24 12:46:00,2025-01-25 06:48:45.711792
6941,20250220,20250228,2,37,2,109,105,2025-02-20,2025-02-28,2025-02-28,2025-02-28 10:52:00,2025-03-02 20:54:52.850591
6942,20250217,20250224,6,82,3,198,172,2025-02-17,2025-02-22,2025-02-24,2025-02-24 11:15:00,2025-02-26 04:14:43.535389
6943,20250910,20250915,5,176,1,487,449,2025-09-10,2025-09-14,2025-09-15,2025-09-15 17:54:00,2025-09-20 12:18:29.504555
6944,20250803,20250812,9,94,1,495,492,2025-08-03,2025-08-13,2025-08-12,2025-08-12 07:25:00,2025-08-14 12:18:19.487366
6945,20251030,20251102,1,134,2,121,117,2025-10-30,2025-11-03,2025-11-02,2025-11-02 12:10:00,2025-11-04 06:27:07.954658
6946,20251016,20251023,7,9,1,226,218,2025-10-16,2025-10-24,2025-10-23,2025-10-23 10:02:00,2025-10-31 13:18:02.817291
6947,20250721,20250730,11,15,1,346,339,2025-07-21,2025-07-30,2025-07-30,2025-07-30 12:23:00,2025-08-02 01:26:35.308313
6948,20251122,20251129,8,94,2,159,158,2025-11-22,2025-11-29,2025-11-29,2025-11-29 13:49:00,2025-12-02 15:31:29.618581
6949,20250226,20250303,11,62,1,317,292,2025-02-26,2025-03-03,2025-03-03,2025-03-03 12:00:00,2025-03-07 20:59:11.648342
6950,20250216,20250222,5,88,1,214,197,2025-02-16,2025-02-22,2025-02-22,2025-02-22 13:48:00,2025-02-23 00:06:14.342836
6951,20250204,20250212,3,143,1,236,201,2025-02-04,2025-02-13,2025-02-12,2025-02-12 09:53:00,2025-02-16 00:01:34.360595
6952,20250702,20250706,1,145,1,204,194,2025-07-02,2025-07-07,2025-07-06,2025-07-06 13:42:00,2025-07-07 23:01:59.219159
6953,20251117,20251126,3,199,1,395,380,2025-11-17,2025-11-27,2025-11-26,2025-11-26 07:06:00,2025-11-27 19:52:16.617532
6954,20250921,20250930,8,169,1,31,28,2025-09-21,2025-09-30,2025-09-30,2025-09-30 16:45:00,2025-10-04 22:21:27.926385
6955,20251012,20251021,4,86,2,332,321,2025-10-12,2025-10-20,2025-10-21,2025-10-21 11:57:00,2025-10-23 23:30:31.218805
6956,20250130,20250206,12,166,2,249,234,2025-01-30,2025-02-06,2025-02-06,2025-02-06 17:50:00,2025-02-09 13:49:59.571833
6957,20251128,20251209,7,188,1,240,207,2025-11-28,2025-12-06,2025-12-09,2025-12-09 16:17:00,2025-12-10 13:09:23.233103
6958,20250518,20250527,6,71,3,174,157,2025-05-18,2025-05-27,2025-05-27,2025-05-27 08:51:00,2025-05-28 11:50:53.669649
6959,20251024,20251102,6,12,1,257,221,2025-10-24,2025-10-31,2025-11-02,2025-11-02 15:03:00,2025-11-03 02:19:41.082658
6960,20251010,20251013,4,150,1,29,28,2025-10-10,2025-10-13,2025-10-13,2025-10-13 09:42:00,2025-10-14 09:45:22.964402
6961,20250410,20250417,14,193,2,228,209,2025-04-10,2025-04-17,2025-04-17,2025-04-17 10:59:00,2025-04-18 21:16:15.067883
6962,20250211,20250221,7,123,1,261,232,2025-02-11,2025-02-21,2025-02-21,2025-02-21 13:27:00,2025-03-01 09:09:23.715217
6963,20251102,20251112,12,75,2,295,272,2025-11-02,2025-11-12,2025-11-12,2025-11-12 12:39:00,2025-11-15 12:26:54.744933
6964,20250426,20250430,4,65,1,38,34,2025-04-26,2025-04-30,2025-04-30,2025-04-30 14:24:00,2025-05-02 09:43:29.724825
6965,20250804,20250811,12,103,1,92,80,2025-08-04,2025-08-11,2025-08-11,2025-08-11 13:14:00,2025-08-12 15:10:00.141494
6966,20250609,20250614,3,116,2,435,382,2025-06-09,2025-06-12,2025-06-14,2025-06-14 11:52:00,2025-06-17 15:25:56.110196
6967,20251026,20251102,10,163,1,349,321,2025-10-26,2025-11-02,2025-11-02,2025-11-02 13:43:00,2025-11-03 01:38:11.314212
6968,20251113,20251118,2,65,1,140,127,2025-11-13,2025-11-18,2025-11-18,2025-11-18 07:15:00,2025-11-21 02:19:16.429301
6969,20250111,20250121,8,184,1,24,22,2025-01-11,2025-01-21,2025-01-21,2025-01-21 11:38:00,2025-01-24 16:41:54.574867
6970,20250712,20250718,2,114,1,158,137,2025-07-12,2025-07-18,2025-07-18,2025-07-18 15:59:00,2025-07-21 12:39:59.290631
6971,20251105,20251108,15,155,2,245,229,2025-11-05,2025-11-08,2025-11-08,2025-11-08 17:12:00,2025-11-10 05:09:33.832202
6972,20251130,20251206,12,73,2,472,412,2025-11-30,2025-12-06,2025-12-06,2025-12-06 12:14:00,2025-12-07 15:26:41.823319
6973,20251008,20251012,13,6,1,150,146,2025-10-08,2025-10-13,2025-10-12,2025-10-12 16:05:00,2025-10-15 01:23:50.942345
6974,20251008,20251017,2,57,1,178,159,2025-10-08,2025-10-17,2025-10-17,2025-10-17 10:39:00,2025-10-22 22:46:49.004542
6975,20250121,20250128,10,197,1,137,129,2025-01-21,2025-01-28,2025-01-28,2025-01-28 15:56:00,2025-01-30 21:27:19.648499
6976,20250423,20250426,8,79,2,255,245,2025-04-23,2025-04-26,2025-04-26,2025-04-26 17:37:00,2025-04-28 12:41:08.118023
6977,20251021,20251025,12,90,1,286,280,2025-10-21,2025-10-26,2025-10-25,2025-10-25 14:38:00,2025-10-29 12:24:45.493191
6978,20250726,20250803,13,164,3,271,264,2025-07-26,2025-08-04,2025-08-03,2025-08-03 13:49:00,2025-08-04 00:05:07.777209
6979,20250310,20250319,12,124,1,319,277,2025-03-10,2025-03-16,2025-03-19,2025-03-19 07:58:00,2025-03-20 23:09:47.412585
6980,20250615,20250626,14,134,2,152,136,2025-06-15,2025-06-24,2025-06-26,2025-06-26 12:52:00,2025-06-30 11:47:18.941358
6981,20250510,20250515,1,120,2,334,308,2025-05-10,2025-05-15,2025-05-15,2025-05-15 13:11:00,2025-05-18 17:41:14.774601
6982,20250720,20250723,10,139,1,291,254,2025-07-20,2025-07-23,2025-07-23,2025-07-23 13:26:00,2025-07-24 17:50:07.308275
6983,20250330,20250403,12,89,2,35,33,2025-03-30,2025-04-04,2025-04-03,2025-04-03 08:11:00,2025-04-03 17:36:56.931564
6984,20251016,20251025,13,75,3,138,120,2025-10-16,2025-10-25,2025-10-25,2025-10-25 09:36:00,2025-10-26 16:53:21.068424
6985,20251113,20251122,14,70,1,127,119,2025-11-13,2025-11-21,2025-11-22,2025-11-22 10:02:00,2025-11-23 06:38:38.044352
6986,20250720,20250728,4,117,1,379,344,2025-07-20,2025-07-29,2025-07-28,2025-07-28 14:21:00,2025-07-30 01:17:41.341954
6987,20251117,20251130,7,174,1,92,90,2025-11-17,2025-11-25,2025-11-30,2025-11-30 08:21:00,2025-12-06 21:43:34.831447
6988,20250220,20250224,1,141,1,237,211,2025-02-20,2025-02-25,2025-02-24,2025-02-24 10:51:00,2025-02-28 06:50:27.721624
6989,20250328,20250402,1,44,1,376,327,2025-03-28,2025-04-02,2025-04-02,2025-04-02 14:29:00,2025-04-04 23:54:17.978813
6990,20251101,20251106,8,107,1,461,419,2025-11-01,2025-11-06,2025-11-06,2025-11-06 10:45:00,2025-11-07 11:11:13.635419
6991,20250125,20250129,2,3,2,465,424,2025-01-25,2025-01-30,2025-01-29,2025-01-29 07:10:00,2025-01-29 21:54:20.226137
6992,20250723,20250802,12,170,3,58,57,2025-07-23,2025-08-02,2025-08-02,2025-08-02 07:20:00,2025-08-02 23:27:03.435116
6993,20250804,20250817,5,109,1,372,329,2025-08-04,2025-08-13,2025-08-17,2025-08-17 17:54:00,2025-08-19 15:07:56.829486
6994,20250103,20250110,10,145,1,291,285,2025-01-03,2025-01-10,2025-01-10,2025-01-10 15:31:00,2025-01-11 00:13:39.682594
6995,20251206,20251213,12,62,2,115,104,2025-12-06,2025-12-13,2025-12-13,2025-12-13 10:43:00,2025-12-13 21:41:17.497093
6996,20250920,20250928,11,52,1,404,400,2025-09-20,2025-09-28,2025-09-28,2025-09-28 11:00:00,2025-10-02 19:15:13.546488
6997,20250310,20250319,11,142,3,109,105,2025-03-10,2025-03-15,2025-03-19,2025-03-19 10:50:00,2025-03-20 02:18:44.707004
6998,20250421,20250429,10,119,1,187,160,2025-04-21,2025-04-29,2025-04-29,2025-04-29 12:24:00,2025-05-02 01:52:35.087939
6999,20250311,20250320,11,132,1,267,265,2025-03-11,2025-03-20,2025-03-20,2025-03-20 12:21:00,2025-03-22 22:11:25.916594
7000,20250107,20250110,12,142,3,166,158,2025-01-07,2025-01-10,2025-01-10,2025-01-10 17:57:00,2025-01-12 02:41:57.808873
7001,20250903,20250912,7,125,2,312,287,2025-09-03,2025-09-12,2025-09-12,2025-09-12 14:31:00,2025-09-13 22:39:52.252920
7002,20250105,20250119,15,123,2,205,197,2025-01-05,2025-01-14,2025-01-19,2025-01-19 15:07:00,2025-01-21 02:48:34.283297
7003,20251003,20251013,9,143,3,35,31,2025-10-03,2025-10-13,2025-10-13,2025-10-13 12:19:00,2025-10-13 22:38:40.333944
7004,20250814,20250818,10,46,1,251,238,2025-08-14,2025-08-18,2025-08-18,2025-08-18 16:34:00,2025-08-23 06:14:50.121969
7005,20250105,20250116,7,85,2,414,361,2025-01-05,2025-01-12,2025-01-16,2025-01-16 09:02:00,2025-01-17 08:36:23.515447
7006,20251031,20251109,7,111,2,291,285,2025-10-31,2025-11-09,2025-11-09,2025-11-09 16:30:00,2025-11-10 13:42:42.022720
7007,20250622,20250701,5,78,2,32,31,2025-06-22,2025-07-01,2025-07-01,2025-07-01 08:45:00,2025-07-05 23:57:00.211766
7008,20250922,20250929,3,47,1,363,320,2025-09-22,2025-09-30,2025-09-29,2025-09-29 09:15:00,2025-10-01 02:43:34.660181
7009,20250712,20250721,11,130,1,40,35,2025-07-12,2025-07-21,2025-07-21,2025-07-21 12:56:00,2025-07-22 06:54:38.959162
7010,20250216,20250220,9,179,1,471,414,2025-02-16,2025-02-21,2025-02-20,2025-02-20 17:16:00,2025-02-22 16:01:19.416051
7011,20250303,20250310,3,110,3,353,329,2025-03-03,2025-03-10,2025-03-10,2025-03-10 15:34:00,2025-03-12 20:44:55.554973
7012,20250710,20250719,1,195,1,392,337,2025-07-10,2025-07-20,2025-07-19,2025-07-19 07:23:00,2025-07-20 03:37:58.807093
7013,20250509,20250515,9,128,3,43,40,2025-05-09,2025-05-15,2025-05-15,2025-05-15 16:18:00,2025-05-19 05:46:53.447194
7014,20251027,20251104,1,79,2,172,168,2025-10-27,2025-11-04,2025-11-04,2025-11-04 10:39:00,2025-11-06 12:33:51.115077
7015,20250825,20250902,1,148,1,401,347,2025-08-25,2025-09-01,2025-09-02,2025-09-02 07:46:00,2025-09-05 09:29:37.622784
7016,20250228,20250311,15,26,1,71,67,2025-02-28,2025-03-07,2025-03-11,2025-03-11 14:50:00,2025-03-15 00:08:19.771593
7017,20250818,20250822,3,43,1,317,316,2025-08-18,2025-08-22,2025-08-22,2025-08-22 08:51:00,2025-08-29 09:46:35.065953
7018,20250617,20250629,6,134,2,385,355,2025-06-17,2025-06-26,2025-06-29,2025-06-29 11:39:00,2025-07-02 22:14:44.270932
7019,20251102,20251109,2,42,1,271,258,2025-11-02,2025-11-09,2025-11-09,2025-11-09 17:50:00,2025-11-14 17:21:45.328639
7020,20250711,20250718,4,122,1,340,322,2025-07-11,2025-07-19,2025-07-18,2025-07-18 15:17:00,2025-07-19 14:45:50.202313
7021,20250707,20250718,1,60,3,321,311,2025-07-07,2025-07-15,2025-07-18,2025-07-18 10:21:00,2025-07-19 12:36:06.205209
7022,20250618,20250628,14,193,1,50,47,2025-06-18,2025-06-28,2025-06-28,2025-06-28 14:19:00,2025-07-01 17:27:31.181758
7023,20251202,20251210,12,67,2,160,139,2025-12-02,2025-12-11,2025-12-10,2025-12-10 07:14:00,2025-12-11 16:34:18.201014
7024,20250228,20250306,15,4,1,326,301,2025-02-28,2025-03-07,2025-03-06,2025-03-06 10:13:00,2025-03-09 23:08:49.381809
7025,20250313,20250322,15,60,3,48,43,2025-03-13,2025-03-22,2025-03-22,2025-03-22 10:12:00,2025-03-25 02:12:11.198905
7026,20251127,20251201,4,83,2,225,192,2025-11-27,2025-12-01,2025-12-01,2025-12-01 10:38:00,2025-12-03 03:31:11.228335
7027,20250211,20250220,9,161,2,349,309,2025-02-11,2025-02-21,2025-02-20,2025-02-20 07:11:00,2025-02-25 04:53:47.622535
7028,20250428,20250506,8,57,2,436,380,2025-04-28,2025-05-06,2025-05-06,2025-05-06 08:31:00,2025-05-08 21:29:08.396397
7029,20250926,20250930,12,124,1,286,256,2025-09-26,2025-09-30,2025-09-30,2025-09-30 12:22:00,2025-10-08 10:37:53.999730
7030,20250706,20250714,11,90,1,56,55,2025-07-06,2025-07-10,2025-07-14,2025-07-14 16:00:00,2025-07-17 09:09:09.652195
7031,20250204,20250213,10,76,3,66,62,2025-02-04,2025-02-13,2025-02-13,2025-02-13 16:22:00,2025-02-16 05:08:13.389548
7032,20251202,20251206,12,16,2,241,220,2025-12-02,2025-12-06,2025-12-06,2025-12-06 10:42:00,2025-12-07 09:22:42.547540
7033,20250917,20250921,1,123,1,94,79,2025-09-17,2025-09-20,2025-09-21,2025-09-21 10:30:00,2025-09-22 08:08:53.363901
7034,20250918,20250927,15,147,1,461,429,2025-09-18,2025-09-25,2025-09-27,2025-09-27 13:55:00,2025-09-30 09:02:00.267861
7035,20251127,20251207,5,174,2,358,331,2025-11-27,2025-12-07,2025-12-07,2025-12-07 15:04:00,2025-12-09 16:30:30.267340
7036,20251119,20251122,5,62,1,261,232,2025-11-19,2025-11-22,2025-11-22,2025-11-22 11:23:00,2025-11-25 08:45:58.568638
7037,20250717,20250724,6,163,1,168,158,2025-07-17,2025-07-20,2025-07-24,2025-07-24 08:02:00,2025-07-26 02:54:30.121848
7038,20250809,20250812,7,123,2,374,341,2025-08-09,2025-08-13,2025-08-12,2025-08-12 15:14:00,2025-08-15 06:58:09.512803
7039,20251016,20251026,9,163,2,497,431,2025-10-16,2025-10-26,2025-10-26,2025-10-26 10:09:00,2025-10-27 21:37:46.012468
7040,20250912,20250923,14,161,3,274,253,2025-09-12,2025-09-21,2025-09-23,2025-09-23 07:19:00,2025-09-28 18:36:25.478406
7041,20250812,20250820,14,30,1,498,482,2025-08-12,2025-08-19,2025-08-20,2025-08-20 08:18:00,2025-08-27 02:58:37.286467
7042,20250311,20250317,7,60,1,246,239,2025-03-11,2025-03-15,2025-03-17,2025-03-17 14:43:00,2025-03-18 06:16:30.831898
7043,20250311,20250317,11,68,1,244,211,2025-03-11,2025-03-17,2025-03-17,2025-03-17 16:20:00,2025-03-17 20:21:30.085080
7044,20250522,20250601,5,21,3,471,444,2025-05-22,2025-06-01,2025-06-01,2025-06-01 09:10:00,2025-06-04 06:41:02.796271
7045,20250524,20250602,13,36,3,71,65,2025-05-24,2025-06-02,2025-06-02,2025-06-02 11:52:00,2025-06-03 09:47:50.898755
7046,20250803,20250809,6,36,1,434,403,2025-08-03,2025-08-10,2025-08-09,2025-08-09 17:45:00,2025-08-11 09:25:05.840570
7047,20250321,20250401,1,165,3,27,24,2025-03-21,2025-03-30,2025-04-01,2025-04-01 14:27:00,2025-04-02 04:07:13.115157
7048,20250123,20250202,13,157,2,392,344,2025-01-23,2025-02-02,2025-02-02,2025-02-02 13:36:00,2025-02-03 15:31:31.620898
7049,20250628,20250706,15,153,1,105,102,2025-06-28,2025-07-07,2025-07-06,2025-07-06 09:26:00,2025-07-07 19:27:52.510836
7050,20250910,20250913,3,37,3,298,255,2025-09-10,2025-09-13,2025-09-13,2025-09-13 14:11:00,2025-09-14 13:21:00.266582
7051,20250205,20250210,2,152,3,270,237,2025-02-05,2025-02-11,2025-02-10,2025-02-10 08:49:00,2025-02-11 19:43:17.750793
7052,20250215,20250217,14,105,1,342,326,2025-02-15,2025-02-18,2025-02-17,2025-02-17 13:27:00,2025-02-19 03:18:56.410930
7053,20250626,20250630,10,197,1,344,341,2025-06-26,2025-06-29,2025-06-30,2025-06-30 16:43:00,2025-07-04 08:17:36.816727
7054,20250517,20250526,11,32,1,36,30,2025-05-17,2025-05-25,2025-05-26,2025-05-26 14:26:00,2025-05-28 07:10:33.111535
7055,20250522,20250604,1,91,1,346,335,2025-05-22,2025-06-01,2025-06-04,2025-06-04 17:00:00,2025-06-05 20:20:11.695370
7056,20250106,20250114,4,64,2,311,303,2025-01-06,2025-01-14,2025-01-14,2025-01-14 10:03:00,2025-01-17 02:01:40.212303
7057,20250207,20250212,10,168,1,20,18,2025-02-07,2025-02-13,2025-02-12,2025-02-12 14:13:00,2025-02-15 04:36:46.593645
7058,20250925,20251007,5,56,1,118,110,2025-09-25,2025-10-03,2025-10-07,2025-10-07 07:34:00,2025-10-09 17:26:52.312267
7059,20250304,20250309,6,49,3,361,351,2025-03-04,2025-03-09,2025-03-09,2025-03-09 08:11:00,2025-03-10 08:25:43.102870
7060,20250814,20250818,12,55,1,102,93,2025-08-14,2025-08-18,2025-08-18,2025-08-18 13:40:00,2025-08-18 15:49:36.174201
7061,20250213,20250224,14,1,1,182,176,2025-02-13,2025-02-20,2025-02-24,2025-02-24 10:40:00,2025-02-26 16:27:13.269519
7062,20250208,20250214,2,119,2,256,243,2025-02-08,2025-02-14,2025-02-14,2025-02-14 11:55:00,2025-02-16 14:35:50.964859
7063,20250830,20250901,1,134,2,351,331,2025-08-30,2025-09-02,2025-09-01,2025-09-01 16:51:00,2025-09-06 11:57:07.223307
7064,20250608,20250612,11,5,3,207,182,2025-06-08,2025-06-12,2025-06-12,2025-06-12 11:45:00,2025-06-14 05:43:30.214756
7065,20250620,20250626,7,84,1,116,115,2025-06-20,2025-06-26,2025-06-26,2025-06-26 15:43:00,2025-06-27 21:31:35.104688
7066,20250406,20250409,3,71,2,31,28,2025-04-06,2025-04-10,2025-04-09,2025-04-09 09:56:00,2025-04-11 04:12:57.746844
7067,20250202,20250206,2,124,1,292,259,2025-02-02,2025-02-06,2025-02-06,2025-02-06 15:29:00,2025-02-07 20:04:08.221368
7068,20250514,20250520,11,196,3,342,332,2025-05-14,2025-05-20,2025-05-20,2025-05-20 16:00:00,2025-05-21 13:14:24.644591
7069,20250804,20250809,8,64,1,405,404,2025-08-04,2025-08-10,2025-08-09,2025-08-09 12:15:00,2025-08-10 10:45:02.469874
7070,20250802,20250810,1,107,1,48,44,2025-08-02,2025-08-10,2025-08-10,2025-08-10 13:00:00,2025-08-10 18:19:32.988472
7071,20250818,20250824,3,42,1,69,68,2025-08-18,2025-08-24,2025-08-24,2025-08-24 09:59:00,2025-08-27 20:35:41.355440
7072,20251011,20251019,10,110,3,427,379,2025-10-11,2025-10-20,2025-10-19,2025-10-19 15:56:00,2025-10-21 19:31:54.046753
7073,20251115,20251122,11,121,1,286,275,2025-11-15,2025-11-22,2025-11-22,2025-11-22 17:38:00,2025-11-29 03:46:50.843989
7074,20250225,20250305,6,55,1,127,125,2025-02-25,2025-03-03,2025-03-05,2025-03-05 17:02:00,2025-03-07 05:43:31.988709
7075,20250122,20250131,5,22,1,268,257,2025-01-22,2025-01-30,2025-01-31,2025-01-31 17:05:00,2025-02-02 07:45:22.422925
7076,20250614,20250623,10,164,3,229,206,2025-06-14,2025-06-24,2025-06-23,2025-06-23 10:59:00,2025-06-24 01:38:35.595195
7077,20250401,20250405,8,172,2,138,131,2025-04-01,2025-04-05,2025-04-05,2025-04-05 15:44:00,2025-04-09 01:48:39.426120
7078,20250709,20250713,5,183,1,376,372,2025-07-09,2025-07-13,2025-07-13,2025-07-13 07:23:00,2025-07-13 10:04:23.601719
7079,20251002,20251013,13,154,1,144,140,2025-10-02,2025-10-08,2025-10-13,2025-10-13 13:30:00,2025-10-17 18:05:43.465091
7080,20250411,20250415,2,110,1,153,143,2025-04-11,2025-04-15,2025-04-15,2025-04-15 17:42:00,2025-04-15 23:21:57.220276
7081,20250215,20250219,5,193,1,385,343,2025-02-15,2025-02-19,2025-02-19,2025-02-19 15:38:00,2025-02-22 22:44:33.971212
7082,20251019,20251025,4,38,3,29,24,2025-10-19,2025-10-26,2025-10-25,2025-10-25 13:17:00,2025-10-26 05:11:50.792802
7083,20250930,20251005,2,148,2,63,56,2025-09-30,2025-10-06,2025-10-05,2025-10-05 16:54:00,2025-10-06 11:37:32.782721
7084,20250221,20250227,3,165,2,91,89,2025-02-21,2025-02-27,2025-02-27,2025-02-27 16:18:00,2025-02-28 18:27:12.048888
7085,20250820,20250828,1,88,1,449,392,2025-08-20,2025-08-28,2025-08-28,2025-08-28 16:42:00,2025-08-29 09:02:10.392382
7086,20250705,20250719,6,30,1,305,295,2025-07-05,2025-07-14,2025-07-19,2025-07-19 10:24:00,2025-07-21 13:19:56.753111
7087,20250917,20250926,9,53,2,389,349,2025-09-17,2025-09-26,2025-09-26,2025-09-26 15:13:00,2025-09-28 11:14:31.637467
7088,20250810,20250813,14,45,2,254,239,2025-08-10,2025-08-14,2025-08-13,2025-08-13 08:46:00,2025-08-16 13:55:06.900725
7089,20250705,20250709,8,154,1,408,355,2025-07-05,2025-07-09,2025-07-09,2025-07-09 10:31:00,2025-07-13 19:50:18.956164
7090,20250301,20250308,12,114,2,452,415,2025-03-01,2025-03-08,2025-03-08,2025-03-08 07:19:00,2025-03-08 11:54:47.106886
7091,20250207,20250216,10,43,2,491,442,2025-02-07,2025-02-16,2025-02-16,2025-02-16 11:39:00,2025-02-17 17:06:25.699457
7092,20250703,20250711,6,8,1,202,178,2025-07-03,2025-07-11,2025-07-11,2025-07-11 07:57:00,2025-07-11 23:31:24.038911
7093,20250612,20250622,13,197,1,73,62,2025-06-12,2025-06-19,2025-06-22,2025-06-22 08:27:00,2025-06-27 16:37:43.199762
7094,20250321,20250327,10,148,1,387,358,2025-03-21,2025-03-28,2025-03-27,2025-03-27 07:31:00,2025-03-28 00:38:45.700169
7095,20250803,20250807,15,95,2,352,317,2025-08-03,2025-08-07,2025-08-07,2025-08-07 08:43:00,2025-08-09 20:01:08.293767
7096,20250913,20250926,1,101,3,198,190,2025-09-13,2025-09-23,2025-09-26,2025-09-26 09:37:00,2025-09-30 13:55:17.278219
7097,20251126,20251208,15,45,3,396,379,2025-11-26,2025-12-05,2025-12-08,2025-12-08 10:23:00,2025-12-10 04:22:30.339713
7098,20250427,20250504,4,162,1,151,136,2025-04-27,2025-05-04,2025-05-04,2025-05-04 07:57:00,2025-05-05 09:45:27.000728
7099,20250113,20250120,2,72,2,236,232,2025-01-13,2025-01-21,2025-01-20,2025-01-20 13:10:00,2025-01-21 19:11:50.460619
7100,20251010,20251013,9,13,1,315,274,2025-10-10,2025-10-14,2025-10-13,2025-10-13 16:17:00,2025-10-14 18:04:40.377812
7101,20250814,20250822,9,59,1,93,81,2025-08-14,2025-08-23,2025-08-22,2025-08-22 11:24:00,2025-08-28 12:27:34.082666
7102,20250120,20250131,10,44,2,21,18,2025-01-20,2025-01-28,2025-01-31,2025-01-31 11:21:00,2025-02-04 19:53:02.745628
7103,20250531,20250609,14,176,3,322,282,2025-05-31,2025-06-09,2025-06-09,2025-06-09 07:04:00,2025-06-14 18:28:32.278890
7104,20251123,20251128,2,194,1,124,112,2025-11-23,2025-11-29,2025-11-28,2025-11-28 16:04:00,2025-12-01 18:44:35.760639
7105,20251129,20251208,13,168,2,80,69,2025-11-29,2025-12-08,2025-12-08,2025-12-08 09:54:00,2025-12-08 23:58:44.561508
7106,20250410,20250415,9,17,2,463,416,2025-04-10,2025-04-15,2025-04-15,2025-04-15 08:51:00,2025-04-17 16:27:45.070574
7107,20250623,20250630,8,106,3,82,81,2025-06-23,2025-06-30,2025-06-30,2025-06-30 08:41:00,2025-07-02 01:07:35.416285
7108,20250618,20250626,13,114,1,476,429,2025-06-18,2025-06-26,2025-06-26,2025-06-26 10:19:00,2025-06-29 00:29:56.912031
7109,20251122,20251127,3,81,1,350,315,2025-11-22,2025-11-28,2025-11-27,2025-11-27 14:21:00,2025-11-30 11:32:46.582561
7110,20250524,20250530,6,15,1,478,406,2025-05-24,2025-05-31,2025-05-30,2025-05-30 11:31:00,2025-06-10 21:26:43.028186
7111,20250508,20250516,10,6,1,480,474,2025-05-08,2025-05-16,2025-05-16,2025-05-16 11:49:00,2025-05-17 22:10:41.286637
7112,20250518,20250528,10,196,1,156,137,2025-05-18,2025-05-28,2025-05-28,2025-05-28 16:53:00,2025-05-31 17:18:56.705068
7113,20250922,20250928,6,127,2,195,171,2025-09-22,2025-09-27,2025-09-28,2025-09-28 14:09:00,2025-09-29 23:13:34.916223
7114,20250910,20250918,15,182,2,198,183,2025-09-10,2025-09-19,2025-09-18,2025-09-18 07:43:00,2025-09-20 14:47:18.726235
7115,20250913,20250919,5,167,2,118,106,2025-09-13,2025-09-19,2025-09-19,2025-09-19 14:36:00,2025-09-21 12:46:43.399625
7116,20250426,20250510,14,169,1,30,26,2025-04-26,2025-05-05,2025-05-10,2025-05-10 17:40:00,2025-05-11 12:33:44.599334
7117,20250615,20250627,5,34,1,170,157,2025-06-15,2025-06-23,2025-06-27,2025-06-27 11:55:00,2025-06-30 07:47:24.880603
7118,20250414,20250424,14,142,2,87,80,2025-04-14,2025-04-24,2025-04-24,2025-04-24 13:35:00,2025-04-26 07:54:01.504895
7119,20250820,20250823,3,6,2,114,97,2025-08-20,2025-08-24,2025-08-23,2025-08-23 10:20:00,2025-08-25 13:46:24.294084
7120,20250420,20250424,12,86,1,122,109,2025-04-20,2025-04-24,2025-04-24,2025-04-24 13:41:00,2025-04-27 01:36:51.993023
7121,20250821,20250825,8,195,2,82,73,2025-08-21,2025-08-26,2025-08-25,2025-08-25 14:22:00,2025-08-31 06:24:04.070079
7122,20250501,20250508,7,155,1,171,153,2025-05-01,2025-05-08,2025-05-08,2025-05-08 14:14:00,2025-05-11 04:49:26.674152
7123,20250825,20250830,2,31,1,156,153,2025-08-25,2025-08-30,2025-08-30,2025-08-30 10:58:00,2025-09-02 04:59:35.881075
7124,20250909,20250917,1,111,3,85,74,2025-09-09,2025-09-17,2025-09-17,2025-09-17 13:37:00,2025-09-19 01:12:02.651058
7125,20250526,20250602,10,85,3,125,119,2025-05-26,2025-06-02,2025-06-02,2025-06-02 12:40:00,2025-06-11 12:59:43.610455
7126,20250817,20250826,5,98,1,29,25,2025-08-17,2025-08-26,2025-08-26,2025-08-26 08:18:00,2025-08-30 00:00:47.319094
7127,20250805,20250811,4,95,1,135,132,2025-08-05,2025-08-11,2025-08-11,2025-08-11 08:12:00,2025-08-18 16:37:20.124209
7128,20250302,20250310,3,11,2,197,176,2025-03-02,2025-03-09,2025-03-10,2025-03-10 13:32:00,2025-03-10 17:36:54.383102
7129,20251118,20251122,6,168,3,466,399,2025-11-18,2025-11-23,2025-11-22,2025-11-22 09:14:00,2025-11-23 04:06:47.801555
7130,20250604,20250608,8,184,1,357,351,2025-06-04,2025-06-08,2025-06-08,2025-06-08 10:18:00,2025-06-08 14:10:19.174048
7131,20250310,20250319,10,121,1,469,426,2025-03-10,2025-03-20,2025-03-19,2025-03-19 10:17:00,2025-03-29 14:22:19.142830
7132,20250205,20250211,6,36,2,63,58,2025-02-05,2025-02-10,2025-02-11,2025-02-11 17:28:00,2025-02-12 17:34:16.310153
7133,20250518,20250526,10,179,1,51,47,2025-05-18,2025-05-27,2025-05-26,2025-05-26 08:18:00,2025-05-28 06:28:06.714239
7134,20250907,20250910,9,100,1,254,225,2025-09-07,2025-09-10,2025-09-10,2025-09-10 08:29:00,2025-09-14 03:36:44.341909
7135,20251125,20251130,13,3,1,141,120,2025-11-25,2025-11-30,2025-11-30,2025-11-30 14:51:00,2025-12-01 03:52:37.175504
7136,20251116,20251124,14,145,3,246,237,2025-11-16,2025-11-25,2025-11-24,2025-11-24 17:25:00,2025-11-26 21:25:45.413969
7137,20250913,20250918,8,185,1,204,195,2025-09-13,2025-09-18,2025-09-18,2025-09-18 17:32:00,2025-09-22 22:52:17.248921
7138,20251006,20251015,1,185,1,243,224,2025-10-06,2025-10-15,2025-10-15,2025-10-15 11:25:00,2025-10-16 13:02:26.083467
7139,20250912,20250916,9,34,2,42,40,2025-09-12,2025-09-16,2025-09-16,2025-09-16 08:01:00,2025-09-17 15:43:06.118951
7140,20250608,20250612,4,7,2,93,91,2025-06-08,2025-06-12,2025-06-12,2025-06-12 10:27:00,2025-06-14 17:43:05.422523
7141,20251011,20251020,8,134,2,390,366,2025-10-11,2025-10-20,2025-10-20,2025-10-20 13:30:00,2025-10-22 14:43:37.062478
7142,20250824,20250830,1,61,1,45,42,2025-08-24,2025-08-30,2025-08-30,2025-08-30 07:05:00,2025-09-01 09:34:01.895813
7143,20250223,20250305,11,178,1,233,230,2025-02-23,2025-02-28,2025-03-05,2025-03-05 15:00:00,2025-03-06 02:19:49.855139
7144,20250910,20250923,6,1,1,407,360,2025-09-10,2025-09-18,2025-09-23,2025-09-23 14:12:00,2025-09-25 23:43:33.543913
7145,20250215,20250220,15,45,3,112,100,2025-02-15,2025-02-20,2025-02-20,2025-02-20 10:47:00,2025-02-24 04:19:32.820958
7146,20250427,20250430,6,84,1,158,141,2025-04-27,2025-04-30,2025-04-30,2025-04-30 15:01:00,2025-05-01 04:53:18.531634
7147,20250627,20250630,13,121,2,350,317,2025-06-27,2025-06-30,2025-06-30,2025-06-30 07:40:00,2025-07-02 09:49:35.527524
7148,20250722,20250801,1,153,1,114,99,2025-07-22,2025-08-01,2025-08-01,2025-08-01 15:13:00,2025-08-06 23:08:54.960946
7149,20250622,20250626,6,188,2,491,488,2025-06-22,2025-06-26,2025-06-26,2025-06-26 13:34:00,2025-07-03 15:54:30.816954
7150,20250605,20250611,3,154,2,378,350,2025-06-05,2025-06-12,2025-06-11,2025-06-11 16:07:00,2025-06-16 09:35:49.557981
7151,20251030,20251107,11,4,3,368,355,2025-10-30,2025-11-04,2025-11-07,2025-11-07 07:33:00,2025-11-08 14:29:35.561380
7152,20250419,20250426,13,107,1,314,302,2025-04-19,2025-04-26,2025-04-26,2025-04-26 07:49:00,2025-04-28 18:18:03.875730
7153,20250719,20250731,7,197,1,299,266,2025-07-19,2025-07-29,2025-07-31,2025-07-31 13:33:00,2025-08-06 19:42:57.874429
7154,20250510,20250513,13,88,3,306,269,2025-05-10,2025-05-14,2025-05-13,2025-05-13 15:33:00,2025-05-17 15:44:37.708338
7155,20250729,20250802,11,45,2,367,320,2025-07-29,2025-08-02,2025-08-02,2025-08-02 17:03:00,2025-08-04 15:10:33.824761
7156,20251011,20251016,4,21,2,55,49,2025-10-11,2025-10-16,2025-10-16,2025-10-16 07:51:00,2025-10-16 20:10:04.152108
7157,20250727,20250731,13,126,1,441,389,2025-07-27,2025-07-31,2025-07-31,2025-07-31 09:48:00,2025-07-31 19:06:48.204197
7158,20250709,20250723,4,165,2,262,252,2025-07-09,2025-07-19,2025-07-23,2025-07-23 11:00:00,2025-07-25 10:10:46.509623
7159,20250728,20250801,3,53,1,344,328,2025-07-28,2025-08-01,2025-08-01,2025-08-01 10:42:00,2025-08-04 09:27:42.101809
7160,20251116,20251121,14,187,1,372,337,2025-11-16,2025-11-21,2025-11-21,2025-11-21 09:41:00,2025-11-21 15:55:46.989950
7161,20250520,20250524,1,19,1,85,77,2025-05-20,2025-05-25,2025-05-24,2025-05-24 08:12:00,2025-05-25 13:16:37.974022
7162,20250624,20250627,2,169,1,219,195,2025-06-24,2025-06-28,2025-06-27,2025-06-27 17:05:00,2025-06-30 15:12:37.277240
7163,20250115,20250118,2,163,3,276,236,2025-01-15,2025-01-18,2025-01-18,2025-01-18 13:30:00,2025-01-19 09:43:41.206780
7164,20250329,20250407,1,24,1,294,257,2025-03-29,2025-04-04,2025-04-07,2025-04-07 15:22:00,2025-04-09 08:24:10.181324
7165,20250710,20250718,7,7,1,240,217,2025-07-10,2025-07-17,2025-07-18,2025-07-18 13:49:00,2025-07-23 18:05:11.950200
7166,20250104,20250118,5,117,3,261,236,2025-01-04,2025-01-13,2025-01-18,2025-01-18 16:49:00,2025-01-19 10:01:32.724690
7167,20250117,20250121,10,136,2,21,19,2025-01-17,2025-01-21,2025-01-21,2025-01-21 16:00:00,2025-01-23 02:40:36.359713
7168,20250422,20250429,2,5,1,333,321,2025-04-22,2025-04-29,2025-04-29,2025-04-29 09:55:00,2025-05-04 10:50:19.890451
7169,20251101,20251107,12,17,2,72,68,2025-11-01,2025-11-07,2025-11-07,2025-11-07 10:32:00,2025-11-09 20:39:15.244114
7170,20250715,20250718,12,92,1,322,291,2025-07-15,2025-07-19,2025-07-18,2025-07-18 16:58:00,2025-07-19 04:47:22.034421
7171,20250202,20250211,3,81,1,325,316,2025-02-02,2025-02-12,2025-02-11,2025-02-11 09:46:00,2025-02-12 23:27:43.001389
7172,20250605,20250614,8,7,3,229,209,2025-06-05,2025-06-14,2025-06-14,2025-06-14 11:10:00,2025-06-15 18:13:33.036073
7173,20250827,20250903,14,14,2,324,282,2025-08-27,2025-08-31,2025-09-03,2025-09-03 15:04:00,2025-09-06 06:23:01.373731
7174,20250215,20250217,12,7,1,74,71,2025-02-15,2025-02-18,2025-02-17,2025-02-17 10:13:00,2025-02-17 23:54:08.367202
7175,20250210,20250218,13,143,2,204,190,2025-02-10,2025-02-14,2025-02-18,2025-02-18 07:37:00,2025-02-19 06:38:17.919889
7176,20250329,20250405,3,34,3,56,47,2025-03-29,2025-04-05,2025-04-05,2025-04-05 08:37:00,2025-04-07 18:34:19.582426
7177,20250608,20250617,11,190,1,261,233,2025-06-08,2025-06-17,2025-06-17,2025-06-17 14:45:00,2025-06-20 13:47:59.460018
7178,20250506,20250513,4,32,3,483,438,2025-05-06,2025-05-14,2025-05-13,2025-05-13 15:51:00,2025-05-16 10:47:17.648555
7179,20250816,20250819,15,95,2,469,461,2025-08-16,2025-08-19,2025-08-19,2025-08-19 09:08:00,2025-08-22 11:01:05.283979
7180,20250104,20250107,15,132,1,186,161,2025-01-04,2025-01-07,2025-01-07,2025-01-07 07:31:00,2025-01-09 04:41:34.606844
7181,20251124,20251209,7,9,2,225,212,2025-11-24,2025-12-04,2025-12-09,2025-12-09 17:25:00,2025-12-10 13:15:11.066335
7182,20250602,20250612,2,121,1,241,218,2025-06-02,2025-06-11,2025-06-12,2025-06-12 14:29:00,2025-06-13 15:36:06.986612
7183,20250914,20250921,14,106,2,363,342,2025-09-14,2025-09-19,2025-09-21,2025-09-21 10:59:00,2025-09-22 20:16:39.666467
7184,20250206,20250209,5,161,1,201,176,2025-02-06,2025-02-10,2025-02-09,2025-02-09 16:41:00,2025-02-21 03:49:31.353168
7185,20250320,20250324,8,194,2,52,51,2025-03-20,2025-03-25,2025-03-24,2025-03-24 11:26:00,2025-03-28 11:58:19.450126
7186,20251204,20251215,14,114,3,455,433,2025-12-04,2025-12-10,2025-12-15,2025-12-15 11:06:00,2025-12-23 19:49:10.864588
7187,20250115,20250130,3,163,1,63,58,2025-01-15,2025-01-25,2025-01-30,2025-01-30 10:45:00,2025-01-31 13:40:17.674114
7188,20251102,20251106,9,107,1,158,144,2025-11-02,2025-11-06,2025-11-06,2025-11-06 14:36:00,2025-11-09 16:15:31.703611
7189,20250702,20250709,3,30,2,456,420,2025-07-02,2025-07-09,2025-07-09,2025-07-09 17:16:00,2025-07-13 09:42:47.800728
7190,20250117,20250120,2,126,1,224,212,2025-01-17,2025-01-20,2025-01-20,2025-01-20 15:02:00,2025-01-21 17:07:14.876280
7191,20251014,20251019,11,119,3,179,170,2025-10-14,2025-10-17,2025-10-19,2025-10-19 17:11:00,2025-10-20 22:33:55.966659
7192,20251129,20251207,6,165,3,364,357,2025-11-29,2025-12-07,2025-12-07,2025-12-07 09:29:00,2025-12-09 01:16:42.761903
7193,20250204,20250208,3,21,1,401,375,2025-02-04,2025-02-08,2025-02-08,2025-02-08 10:04:00,2025-02-08 16:07:26.046671
7194,20251115,20251118,9,177,3,328,280,2025-11-15,2025-11-18,2025-11-18,2025-11-18 09:37:00,2025-11-18 16:55:26.020286
7195,20250626,20250701,6,112,1,399,368,2025-06-26,2025-06-30,2025-07-01,2025-07-01 13:11:00,2025-07-02 00:48:29.893450
7196,20250417,20250427,12,104,2,133,125,2025-04-17,2025-04-27,2025-04-27,2025-04-27 10:24:00,2025-04-27 15:12:12.643472
7197,20250710,20250724,4,43,2,139,131,2025-07-10,2025-07-20,2025-07-24,2025-07-24 16:29:00,2025-08-01 00:39:19.002608
7198,20250826,20250903,14,181,1,311,266,2025-08-26,2025-09-01,2025-09-03,2025-09-03 11:12:00,2025-09-04 05:55:28.797427
7199,20250522,20250526,5,100,2,174,164,2025-05-22,2025-05-26,2025-05-26,2025-05-26 11:10:00,2025-05-30 22:10:56.103911
7200,20250919,20251001,14,93,1,430,399,2025-09-19,2025-09-29,2025-10-01,2025-10-01 08:10:00,2025-10-03 08:59:29.766016
7201,20250414,20250419,5,145,2,174,165,2025-04-14,2025-04-18,2025-04-19,2025-04-19 17:15:00,2025-04-22 21:44:34.322093
7202,20250817,20250825,6,193,2,392,344,2025-08-17,2025-08-23,2025-08-25,2025-08-25 14:46:00,2025-08-26 07:13:50.061321
7203,20251031,20251109,11,84,3,449,425,2025-10-31,2025-11-10,2025-11-09,2025-11-09 07:47:00,2025-11-12 10:05:58.426700
7204,20250330,20250407,4,5,1,379,330,2025-03-30,2025-04-07,2025-04-07,2025-04-07 15:18:00,2025-04-14 11:01:24.879387
7205,20250331,20250406,9,194,2,403,364,2025-03-31,2025-04-04,2025-04-06,2025-04-06 14:36:00,2025-04-08 06:36:43.926634
7206,20250629,20250704,3,196,1,158,143,2025-06-29,2025-07-04,2025-07-04,2025-07-04 17:41:00,2025-07-07 13:42:40.486445
7207,20250731,20250807,15,166,2,301,299,2025-07-31,2025-08-07,2025-08-07,2025-08-07 13:13:00,2025-08-08 10:55:54.617729
7208,20250128,20250201,12,76,1,223,212,2025-01-28,2025-02-02,2025-02-01,2025-02-01 12:47:00,2025-02-07 14:08:16.827665
7209,20251004,20251017,9,167,1,177,164,2025-10-04,2025-10-14,2025-10-17,2025-10-17 07:57:00,2025-10-20 13:34:56.518769
7210,20251105,20251113,7,198,1,377,367,2025-11-05,2025-11-09,2025-11-13,2025-11-13 16:55:00,2025-11-21 04:47:54.982887
7211,20250114,20250117,13,22,2,67,59,2025-01-14,2025-01-17,2025-01-17,2025-01-17 14:13:00,2025-01-18 01:55:22.186877
7212,20250423,20250428,2,91,2,475,404,2025-04-23,2025-04-28,2025-04-28,2025-04-28 16:29:00,2025-05-03 01:25:51.769844
7213,20250422,20250427,8,62,3,132,131,2025-04-22,2025-04-28,2025-04-27,2025-04-27 11:20:00,2025-04-28 12:49:09.710362
7214,20250701,20250708,7,1,1,440,421,2025-07-01,2025-07-05,2025-07-08,2025-07-08 13:36:00,2025-07-10 00:04:25.060996
7215,20250306,20250315,5,77,3,419,408,2025-03-06,2025-03-16,2025-03-15,2025-03-15 09:53:00,2025-03-19 15:44:27.203025
7216,20250607,20250616,1,187,3,293,261,2025-06-07,2025-06-12,2025-06-16,2025-06-16 15:08:00,2025-06-19 19:34:43.675719
7217,20251120,20251126,8,86,1,31,30,2025-11-20,2025-11-23,2025-11-26,2025-11-26 10:13:00,2025-11-27 22:13:40.657793
7218,20250916,20250925,9,50,2,271,256,2025-09-16,2025-09-22,2025-09-25,2025-09-25 08:38:00,2025-09-28 13:42:25.429720
7219,20250801,20250809,9,11,1,431,421,2025-08-01,2025-08-09,2025-08-09,2025-08-09 09:13:00,2025-08-11 03:56:10.549431
7220,20251128,20251130,1,64,2,307,278,2025-11-28,2025-12-01,2025-11-30,2025-11-30 11:19:00,2025-12-02 23:56:21.940667
7221,20250313,20250320,7,185,1,499,434,2025-03-13,2025-03-16,2025-03-20,2025-03-20 14:32:00,2025-03-22 06:56:45.452294
7222,20250730,20250804,12,63,3,383,345,2025-07-30,2025-08-05,2025-08-04,2025-08-04 11:54:00,2025-08-05 17:55:44.261366
7223,20251104,20251111,3,99,2,268,233,2025-11-04,2025-11-11,2025-11-11,2025-11-11 14:46:00,2025-11-14 19:53:08.592855
7224,20250506,20250514,12,52,2,310,280,2025-05-06,2025-05-14,2025-05-14,2025-05-14 15:37:00,2025-05-15 22:32:20.549113
7225,20250217,20250219,12,198,1,414,361,2025-02-17,2025-02-20,2025-02-19,2025-02-19 12:32:00,2025-02-23 15:58:56.334144
7226,20251105,20251110,13,77,1,267,251,2025-11-05,2025-11-11,2025-11-10,2025-11-10 12:09:00,2025-11-12 06:48:07.396799
7227,20250808,20250818,15,32,1,473,471,2025-08-08,2025-08-17,2025-08-18,2025-08-18 16:55:00,2025-08-21 08:30:11.820770
7228,20250909,20250918,7,29,2,43,38,2025-09-09,2025-09-18,2025-09-18,2025-09-18 16:29:00,2025-09-19 23:10:10.084985
7229,20250126,20250130,4,196,2,433,413,2025-01-26,2025-01-31,2025-01-30,2025-01-30 08:03:00,2025-01-31 05:30:15.813349
7230,20250416,20250419,9,196,1,173,163,2025-04-16,2025-04-19,2025-04-19,2025-04-19 09:04:00,2025-04-19 23:45:52.979483
7231,20250429,20250504,14,74,1,135,131,2025-04-29,2025-05-03,2025-05-04,2025-05-04 09:25:00,2025-05-05 13:05:24.253159
7232,20250430,20250512,5,83,1,228,195,2025-04-30,2025-05-09,2025-05-12,2025-05-12 09:28:00,2025-05-14 16:12:47.490218
7233,20250211,20250216,6,110,1,55,47,2025-02-11,2025-02-17,2025-02-16,2025-02-16 08:16:00,2025-02-18 00:59:17.702666
7234,20251114,20251119,15,171,3,246,232,2025-11-14,2025-11-19,2025-11-19,2025-11-19 12:05:00,2025-11-22 08:10:42.605887
7235,20250515,20250518,14,168,2,432,368,2025-05-15,2025-05-19,2025-05-18,2025-05-18 11:53:00,2025-05-22 06:27:33.144549
7236,20250530,20250601,14,159,2,487,467,2025-05-30,2025-06-02,2025-06-01,2025-06-01 11:13:00,2025-06-02 02:02:09.057630
7237,20250303,20250310,7,49,1,233,206,2025-03-03,2025-03-06,2025-03-10,2025-03-10 13:05:00,2025-03-12 22:02:44.561929
7238,20250721,20250726,9,66,1,371,349,2025-07-21,2025-07-26,2025-07-26,2025-07-26 17:53:00,2025-07-27 15:05:37.848465
7239,20250223,20250227,12,193,3,89,81,2025-02-23,2025-02-27,2025-02-27,2025-02-27 14:36:00,2025-02-27 23:59:49.617915
7240,20250714,20250717,6,129,2,112,107,2025-07-14,2025-07-17,2025-07-17,2025-07-17 12:04:00,2025-07-22 04:52:52.649657
7241,20250607,20250609,2,54,2,118,105,2025-06-07,2025-06-10,2025-06-09,2025-06-09 09:54:00,2025-06-11 07:23:33.770223
7242,20250526,20250603,11,173,3,496,480,2025-05-26,2025-06-03,2025-06-03,2025-06-03 15:14:00,2025-06-06 17:40:23.411509
7243,20250509,20250514,9,150,3,476,455,2025-05-09,2025-05-14,2025-05-14,2025-05-14 10:04:00,2025-05-18 16:51:53.816489
7244,20250624,20250630,13,63,2,69,60,2025-06-24,2025-07-01,2025-06-30,2025-06-30 09:19:00,2025-07-02 02:11:28.100608
7245,20250928,20251008,10,8,1,319,294,2025-09-28,2025-10-08,2025-10-08,2025-10-08 08:20:00,2025-10-09 10:17:49.294665
7246,20250204,20250211,5,102,2,103,92,2025-02-04,2025-02-09,2025-02-11,2025-02-11 11:32:00,2025-02-15 01:58:08.813101
7247,20250219,20250222,13,151,2,194,169,2025-02-19,2025-02-22,2025-02-22,2025-02-22 10:13:00,2025-02-23 19:13:29.081908
7248,20250319,20250327,15,127,1,499,497,2025-03-19,2025-03-28,2025-03-27,2025-03-27 08:03:00,2025-03-29 05:05:29.579684
7249,20250115,20250130,5,75,2,371,355,2025-01-15,2025-01-25,2025-01-30,2025-01-30 13:28:00,2025-02-02 17:38:27.878076
7250,20250917,20250922,8,64,1,379,369,2025-09-17,2025-09-22,2025-09-22,2025-09-22 09:12:00,2025-09-24 19:20:59.780578
7251,20250919,20250929,15,119,1,473,418,2025-09-19,2025-09-26,2025-09-29,2025-09-29 16:48:00,2025-10-02 17:19:38.120370
7252,20250211,20250215,2,69,3,246,223,2025-02-11,2025-02-15,2025-02-15,2025-02-15 12:09:00,2025-02-16 18:45:51.402142
7253,20250121,20250124,1,1,3,141,124,2025-01-21,2025-01-24,2025-01-24,2025-01-24 14:10:00,2025-01-24 16:10:00.000000
7254,20250202,20250211,3,29,3,132,120,2025-02-02,2025-02-12,2025-02-11,2025-02-11 16:02:00,2025-02-12 04:52:20.094410
7255,20250628,20250705,1,131,1,150,132,2025-06-28,2025-07-05,2025-07-05,2025-07-05 09:39:00,2025-07-10 13:17:48.588659
7256,20250415,20250424,11,120,2,460,452,2025-04-15,2025-04-22,2025-04-24,2025-04-24 12:27:00,2025-04-25 20:14:54.568550
7257,20250414,20250417,10,27,1,191,171,2025-04-14,2025-04-17,2025-04-17,2025-04-17 15:25:00,2025-04-22 02:39:17.961553
7258,20250504,20250508,1,86,1,183,155,2025-05-04,2025-05-07,2025-05-08,2025-05-08 14:46:00,2025-05-13 07:14:24.195083
7259,20250327,20250402,8,96,1,476,423,2025-03-27,2025-03-31,2025-04-02,2025-04-02 09:14:00,2025-04-06 05:23:02.090289
7260,20250213,20250218,8,8,1,411,407,2025-02-13,2025-02-19,2025-02-18,2025-02-18 08:59:00,2025-02-19 09:01:00.741981
7261,20250313,20250316,10,159,1,358,309,2025-03-13,2025-03-16,2025-03-16,2025-03-16 08:32:00,2025-03-21 19:27:25.176504
7262,20250325,20250403,13,167,2,211,194,2025-03-25,2025-04-03,2025-04-03,2025-04-03 11:11:00,2025-04-05 02:24:49.890900
7263,20251112,20251121,12,132,2,274,244,2025-11-12,2025-11-22,2025-11-21,2025-11-21 16:01:00,2025-11-25 09:51:43.181124
7264,20250122,20250128,6,17,2,468,453,2025-01-22,2025-01-28,2025-01-28,2025-01-28 17:08:00,2025-01-29 09:40:31.247400
7265,20250305,20250315,14,198,2,240,221,2025-03-05,2025-03-15,2025-03-15,2025-03-15 12:53:00,2025-03-16 17:44:32.278533
7266,20250615,20250620,1,14,2,384,340,2025-06-15,2025-06-20,2025-06-20,2025-06-20 15:55:00,2025-06-21 11:18:05.166915
7267,20250607,20250612,10,72,1,482,423,2025-06-07,2025-06-12,2025-06-12,2025-06-12 17:11:00,2025-06-13 11:29:51.625306
7268,20251122,20251128,13,9,1,182,173,2025-11-22,2025-11-28,2025-11-28,2025-11-28 17:52:00,2025-12-01 15:05:11.081995
7269,20250119,20250125,5,140,1,182,170,2025-01-19,2025-01-26,2025-01-25,2025-01-25 15:45:00,2025-01-28 14:13:56.844358
7270,20250531,20250608,1,17,2,445,420,2025-05-31,2025-06-09,2025-06-08,2025-06-08 15:47:00,2025-06-11 13:06:29.643817
7271,20251115,20251121,8,63,1,198,191,2025-11-15,2025-11-20,2025-11-21,2025-11-21 12:56:00,2025-11-27 05:31:10.662347
7272,20251205,20251213,10,174,1,254,240,2025-12-05,2025-12-13,2025-12-13,2025-12-13 13:53:00,2025-12-14 17:08:23.282180
7273,20250301,20250308,14,28,3,119,107,2025-03-01,2025-03-06,2025-03-08,2025-03-08 10:30:00,2025-03-11 11:08:21.771376
7274,20250531,20250609,9,5,1,373,371,2025-05-31,2025-06-09,2025-06-09,2025-06-09 09:51:00,2025-06-12 19:57:19.268010
7275,20250208,20250214,1,112,3,193,166,2025-02-08,2025-02-14,2025-02-14,2025-02-14 17:35:00,2025-02-14 21:33:01.837589
7276,20250731,20250807,3,116,1,361,355,2025-07-31,2025-08-08,2025-08-07,2025-08-07 07:23:00,2025-08-12 16:52:00.319620
7277,20250121,20250127,14,15,1,380,358,2025-01-21,2025-01-27,2025-01-27,2025-01-27 15:14:00,2025-01-31 17:38:20.868943
7278,20250920,20250926,6,119,3,140,129,2025-09-20,2025-09-27,2025-09-26,2025-09-26 07:45:00,2025-09-28 13:10:49.435854
7279,20250524,20250603,7,58,3,33,28,2025-05-24,2025-06-03,2025-06-03,2025-06-03 17:28:00,2025-06-08 04:36:45.736270
7280,20250612,20250622,10,106,1,312,277,2025-06-12,2025-06-22,2025-06-22,2025-06-22 14:22:00,2025-06-23 14:07:14.692508
7281,20251106,20251119,7,135,1,340,304,2025-11-06,2025-11-15,2025-11-19,2025-11-19 17:31:00,2025-11-22 03:30:50.286991
7282,20251117,20251126,1,74,1,434,415,2025-11-17,2025-11-22,2025-11-26,2025-11-26 17:47:00,2025-11-28 09:35:10.011608
7283,20250615,20250625,9,54,1,417,397,2025-06-15,2025-06-25,2025-06-25,2025-06-25 15:19:00,2025-06-27 05:44:51.731392
7284,20251003,20251012,1,46,3,453,439,2025-10-03,2025-10-13,2025-10-12,2025-10-12 09:28:00,2025-10-14 18:01:05.473545
7285,20250126,20250206,4,161,1,414,368,2025-01-26,2025-02-05,2025-02-06,2025-02-06 08:00:00,2025-02-09 10:03:59.932455
7286,20250818,20250825,8,173,1,446,410,2025-08-18,2025-08-25,2025-08-25,2025-08-25 11:53:00,2025-08-30 19:01:10.854304
7287,20250201,20250210,5,35,3,107,104,2025-02-01,2025-02-07,2025-02-10,2025-02-10 11:34:00,2025-02-12 22:00:06.207854
7288,20250902,20250911,4,181,1,89,84,2025-09-02,2025-09-07,2025-09-11,2025-09-11 07:50:00,2025-09-20 00:57:09.132027
7289,20250827,20250906,12,191,2,447,386,2025-08-27,2025-09-06,2025-09-06,2025-09-06 16:36:00,2025-09-12 22:51:14.050381
7290,20250620,20250628,4,114,1,206,194,2025-06-20,2025-06-25,2025-06-28,2025-06-28 11:14:00,2025-07-02 02:21:00.932659
7291,20250325,20250328,8,26,3,127,118,2025-03-25,2025-03-28,2025-03-28,2025-03-28 12:29:00,2025-03-30 12:36:32.801570
7292,20250421,20250427,8,49,3,178,168,2025-04-21,2025-04-28,2025-04-27,2025-04-27 12:45:00,2025-05-01 06:15:52.793703
7293,20250630,20250703,12,61,3,431,378,2025-06-30,2025-07-03,2025-07-03,2025-07-03 15:17:00,2025-07-03 22:43:12.670952
7294,20250821,20250827,3,149,1,372,347,2025-08-21,2025-08-27,2025-08-27,2025-08-27 10:55:00,2025-08-31 18:29:35.339463
7295,20250611,20250614,13,105,1,415,409,2025-06-11,2025-06-15,2025-06-14,2025-06-14 17:27:00,2025-06-19 16:25:30.384253
7296,20250418,20250423,8,112,1,229,211,2025-04-18,2025-04-24,2025-04-23,2025-04-23 17:02:00,2025-04-25 17:31:11.474624
7297,20250904,20250913,8,8,1,148,140,2025-09-04,2025-09-13,2025-09-13,2025-09-13 12:38:00,2025-09-15 22:18:47.308674
7298,20250115,20250118,8,77,2,29,26,2025-01-15,2025-01-18,2025-01-18,2025-01-18 13:35:00,2025-01-22 01:39:04.040962
7299,20250914,20250916,8,131,2,454,441,2025-09-14,2025-09-17,2025-09-16,2025-09-16 14:53:00,2025-09-19 12:07:58.209562
7300,20250511,20250517,5,75,2,64,63,2025-05-11,2025-05-16,2025-05-17,2025-05-17 11:42:00,2025-05-19 03:25:03.437685
7301,20250124,20250128,7,117,1,27,24,2025-01-24,2025-01-29,2025-01-28,2025-01-28 13:19:00,2025-01-29 23:04:36.302443
7302,20250521,20250528,2,189,1,488,471,2025-05-21,2025-05-28,2025-05-28,2025-05-28 16:43:00,2025-05-30 16:51:24.122911
7303,20251030,20251106,2,89,3,400,394,2025-10-30,2025-11-06,2025-11-06,2025-11-06 17:41:00,2025-11-07 13:58:22.009236
7304,20251020,20251025,5,200,2,294,287,2025-10-20,2025-10-25,2025-10-25,2025-10-25 13:01:00,2025-10-27 20:44:35.475565
7305,20250602,20250612,5,149,1,197,186,2025-06-02,2025-06-12,2025-06-12,2025-06-12 15:45:00,2025-06-13 12:24:53.610556
7306,20250911,20250914,12,60,1,421,362,2025-09-11,2025-09-14,2025-09-14,2025-09-14 12:47:00,2025-09-18 06:27:59.900381
7307,20250805,20250813,7,122,2,91,85,2025-08-05,2025-08-14,2025-08-13,2025-08-13 13:58:00,2025-08-18 17:17:25.423985
7308,20250201,20250211,2,87,2,130,127,2025-02-01,2025-02-11,2025-02-11,2025-02-11 07:03:00,2025-02-15 03:02:45.170411
7309,20250828,20250904,13,151,2,489,440,2025-08-28,2025-09-04,2025-09-04,2025-09-04 07:11:00,2025-09-06 08:58:00.533551
7310,20251012,20251020,4,31,3,289,249,2025-10-12,2025-10-20,2025-10-20,2025-10-20 17:50:00,2025-10-21 12:00:20.682961
7311,20250331,20250408,9,192,1,111,103,2025-03-31,2025-04-08,2025-04-08,2025-04-08 14:46:00,2025-04-14 20:24:51.207089
7312,20250227,20250304,8,66,2,385,349,2025-02-27,2025-03-04,2025-03-04,2025-03-04 10:49:00,2025-03-05 09:45:10.355744
7313,20250929,20251002,14,192,1,317,300,2025-09-29,2025-10-02,2025-10-02,2025-10-02 16:55:00,2025-10-07 23:45:44.958306
7314,20250813,20250819,14,92,1,21,20,2025-08-13,2025-08-19,2025-08-19,2025-08-19 14:50:00,2025-08-21 19:24:47.402669
7315,20250805,20250810,6,93,1,178,176,2025-08-05,2025-08-10,2025-08-10,2025-08-10 08:07:00,2025-08-13 02:34:30.833599
7316,20250811,20250814,2,188,2,73,63,2025-08-11,2025-08-14,2025-08-14,2025-08-14 15:59:00,2025-08-16 01:47:52.216671
7317,20250211,20250222,4,29,2,88,85,2025-02-11,2025-02-19,2025-02-22,2025-02-22 15:38:00,2025-02-26 08:43:31.135746
7318,20250217,20250219,1,10,2,139,130,2025-02-17,2025-02-20,2025-02-19,2025-02-19 13:13:00,2025-02-22 00:40:33.691820
7319,20250628,20250701,13,53,1,130,124,2025-06-28,2025-07-01,2025-07-01,2025-07-01 13:54:00,2025-07-04 00:21:02.870448
7320,20251030,20251103,6,59,3,113,101,2025-10-30,2025-11-03,2025-11-03,2025-11-03 17:27:00,2025-11-04 18:07:01.631030
7321,20250907,20250917,7,14,1,236,234,2025-09-07,2025-09-17,2025-09-17,2025-09-17 15:14:00,2025-09-18 03:16:22.679843
7322,20250830,20250903,12,136,1,386,365,2025-08-30,2025-09-04,2025-09-03,2025-09-03 15:12:00,2025-09-05 21:32:40.543427
7323,20251105,20251108,11,181,3,318,313,2025-11-05,2025-11-08,2025-11-08,2025-11-08 10:56:00,2025-11-10 08:41:10.323181
7324,20250323,20250329,13,84,1,220,215,2025-03-23,2025-03-29,2025-03-29,2025-03-29 13:21:00,2025-04-04 19:41:12.336750
7325,20250620,20250626,6,171,2,348,300,2025-06-20,2025-06-27,2025-06-26,2025-06-26 12:42:00,2025-06-28 17:31:38.780139
7326,20250224,20250304,12,198,1,71,65,2025-02-24,2025-03-05,2025-03-04,2025-03-04 07:52:00,2025-03-04 19:02:48.515303
7327,20250127,20250205,13,184,2,245,228,2025-01-27,2025-02-06,2025-02-05,2025-02-05 16:31:00,2025-02-05 20:35:08.686985
7328,20251107,20251121,9,167,2,145,140,2025-11-07,2025-11-16,2025-11-21,2025-11-21 16:43:00,2025-11-25 10:05:50.307166
7329,20251129,20251203,10,104,1,349,331,2025-11-29,2025-12-04,2025-12-03,2025-12-03 17:35:00,2025-12-04 08:57:33.894206
7330,20250302,20250314,7,151,2,63,56,2025-03-02,2025-03-09,2025-03-14,2025-03-14 17:52:00,2025-03-15 14:20:24.779619
7331,20250719,20250802,11,48,1,455,402,2025-07-19,2025-07-28,2025-08-02,2025-08-02 07:46:00,2025-08-02 15:26:02.057018
7332,20251030,20251103,2,132,2,346,341,2025-10-30,2025-11-04,2025-11-03,2025-11-03 15:13:00,2025-11-06 19:00:26.857515
7333,20250514,20250522,8,140,3,275,262,2025-05-14,2025-05-23,2025-05-22,2025-05-22 17:30:00,2025-05-22 21:27:18.065046
7334,20250110,20250115,11,126,1,272,233,2025-01-10,2025-01-15,2025-01-15,2025-01-15 09:35:00,2025-01-17 13:43:02.281997
7335,20250407,20250418,7,167,2,47,41,2025-04-07,2025-04-17,2025-04-18,2025-04-18 12:33:00,2025-04-18 22:51:36.220723
7336,20250731,20250814,6,133,1,178,164,2025-07-31,2025-08-09,2025-08-14,2025-08-14 15:16:00,2025-08-15 03:06:38.848860
7337,20250410,20250415,2,142,3,450,401,2025-04-10,2025-04-16,2025-04-15,2025-04-15 08:53:00,2025-04-18 05:30:28.348771
7338,20250715,20250720,1,123,3,475,410,2025-07-15,2025-07-20,2025-07-20,2025-07-20 10:43:00,2025-07-20 23:45:33.445093
7339,20250216,20250225,10,105,1,98,92,2025-02-16,2025-02-24,2025-02-25,2025-02-25 08:05:00,2025-03-02 21:14:30.815008
7340,20250611,20250613,14,22,2,415,392,2025-06-11,2025-06-14,2025-06-13,2025-06-13 11:37:00,2025-06-17 17:33:07.959716
7341,20250629,20250702,8,41,1,454,413,2025-06-29,2025-07-02,2025-07-02,2025-07-02 10:48:00,2025-07-03 21:19:13.087792
7342,20250222,20250301,13,188,2,78,70,2025-02-22,2025-03-01,2025-03-01,2025-03-01 17:28:00,2025-03-07 09:59:46.245716
7343,20251101,20251107,4,178,1,438,426,2025-11-01,2025-11-07,2025-11-07,2025-11-07 10:21:00,2025-11-07 15:42:04.253898
7344,20250410,20250414,12,195,1,447,429,2025-04-10,2025-04-14,2025-04-14,2025-04-14 16:50:00,2025-04-15 06:17:27.333877
7345,20250825,20250904,1,69,3,356,321,2025-08-25,2025-09-04,2025-09-04,2025-09-04 11:51:00,2025-09-08 22:56:24.770335
7346,20250626,20250703,3,174,1,492,451,2025-06-26,2025-07-03,2025-07-03,2025-07-03 10:14:00,2025-07-03 19:40:37.289729
7347,20250106,20250111,4,82,1,343,337,2025-01-06,2025-01-12,2025-01-11,2025-01-11 07:38:00,2025-01-12 23:14:03.908268
7348,20250717,20250725,5,38,1,417,393,2025-07-17,2025-07-25,2025-07-25,2025-07-25 09:17:00,2025-07-26 17:45:34.058402
7349,20250823,20250906,15,19,1,293,259,2025-08-23,2025-09-01,2025-09-06,2025-09-06 09:02:00,2025-09-07 07:55:51.069323
7350,20250616,20250618,2,24,2,446,394,2025-06-16,2025-06-19,2025-06-18,2025-06-18 08:54:00,2025-06-19 20:42:07.880137
7351,20250803,20250811,15,95,2,318,311,2025-08-03,2025-08-06,2025-08-11,2025-08-11 15:17:00,2025-08-12 22:56:54.904713
7352,20251109,20251116,7,15,1,232,205,2025-11-09,2025-11-16,2025-11-16,2025-11-16 13:45:00,2025-11-24 16:14:40.487357
7353,20251114,20251126,4,120,1,484,474,2025-11-14,2025-11-24,2025-11-26,2025-11-26 17:15:00,2025-11-29 22:57:47.042380
7354,20250306,20250316,11,63,1,43,38,2025-03-06,2025-03-16,2025-03-16,2025-03-16 17:46:00,2025-03-17 13:39:20.777799
7355,20251002,20251011,14,36,1,381,342,2025-10-02,2025-10-06,2025-10-11,2025-10-11 15:57:00,2025-10-13 05:55:04.490972
7356,20251114,20251122,4,27,3,441,416,2025-11-14,2025-11-22,2025-11-22,2025-11-22 07:43:00,2025-11-26 16:37:58.698557
7357,20251007,20251009,8,185,2,443,426,2025-10-07,2025-10-10,2025-10-09,2025-10-09 16:17:00,2025-10-10 00:26:02.433766
7358,20250907,20250910,15,97,1,273,237,2025-09-07,2025-09-10,2025-09-10,2025-09-10 09:35:00,2025-09-14 14:08:11.022631
7359,20251106,20251111,12,109,1,129,122,2025-11-06,2025-11-11,2025-11-11,2025-11-11 17:59:00,2025-11-13 13:04:31.858099
7360,20250621,20250624,11,36,3,435,423,2025-06-21,2025-06-24,2025-06-24,2025-06-24 07:01:00,2025-06-24 21:56:54.742880
7361,20250228,20250309,12,171,2,176,154,2025-02-28,2025-03-09,2025-03-09,2025-03-09 17:43:00,2025-03-10 16:11:19.658369
7362,20251019,20251025,1,14,3,370,346,2025-10-19,2025-10-25,2025-10-25,2025-10-25 13:25:00,2025-10-27 22:39:39.549556
7363,20251029,20251104,8,178,3,274,264,2025-10-29,2025-11-04,2025-11-04,2025-11-04 08:56:00,2025-11-05 00:09:09.292204
7364,20250918,20250923,12,180,1,391,339,2025-09-18,2025-09-24,2025-09-23,2025-09-23 12:17:00,2025-09-24 22:49:17.542728
7365,20250729,20250805,13,174,3,457,455,2025-07-29,2025-08-05,2025-08-05,2025-08-05 16:51:00,2025-08-11 06:58:49.662577
7366,20250415,20250419,2,103,3,284,280,2025-04-15,2025-04-20,2025-04-19,2025-04-19 09:11:00,2025-04-22 10:15:31.646711
7367,20250802,20250809,2,50,1,149,140,2025-08-02,2025-08-09,2025-08-09,2025-08-09 15:35:00,2025-08-10 03:09:00.321312
7368,20250909,20250917,1,196,1,470,446,2025-09-09,2025-09-17,2025-09-17,2025-09-17 14:06:00,2025-09-20 01:49:51.124192
7369,20250611,20250616,4,134,1,386,344,2025-06-11,2025-06-16,2025-06-16,2025-06-16 13:53:00,2025-06-18 03:05:47.494169
7370,20250905,20250911,13,177,3,39,37,2025-09-05,2025-09-11,2025-09-11,2025-09-11 17:39:00,2025-09-12 16:34:46.399297
7371,20251011,20251018,10,36,2,472,435,2025-10-11,2025-10-18,2025-10-18,2025-10-18 15:57:00,2025-10-19 20:52:12.795910
7372,20250924,20251004,4,91,2,199,185,2025-09-24,2025-10-04,2025-10-04,2025-10-04 11:34:00,2025-10-05 11:26:51.070589
7373,20250521,20250530,8,76,2,158,134,2025-05-21,2025-05-30,2025-05-30,2025-05-30 13:00:00,2025-06-02 20:20:13.472588
7374,20250711,20250715,6,83,2,25,22,2025-07-11,2025-07-15,2025-07-15,2025-07-15 13:36:00,2025-07-18 13:04:24.212678
7375,20250601,20250603,11,192,1,29,26,2025-06-01,2025-06-04,2025-06-03,2025-06-03 17:39:00,2025-06-07 00:56:51.652431
7376,20250313,20250322,7,78,2,139,130,2025-03-13,2025-03-22,2025-03-22,2025-03-22 14:43:00,2025-03-28 08:14:33.288636
7377,20250427,20250429,14,107,2,222,201,2025-04-27,2025-04-30,2025-04-29,2025-04-29 09:24:00,2025-04-29 20:29:31.614421
7378,20250407,20250417,12,87,2,305,284,2025-04-07,2025-04-17,2025-04-17,2025-04-17 17:30:00,2025-04-18 02:18:11.271932
7379,20250310,20250320,12,148,2,84,76,2025-03-10,2025-03-20,2025-03-20,2025-03-20 07:04:00,2025-03-21 02:18:53.710067
7380,20250517,20250526,2,138,3,155,131,2025-05-17,2025-05-26,2025-05-26,2025-05-26 08:29:00,2025-05-30 12:34:23.622872
7381,20251030,20251104,12,30,1,341,302,2025-10-30,2025-11-04,2025-11-04,2025-11-04 13:24:00,2025-11-08 16:02:08.113955
7382,20250409,20250416,7,166,2,389,383,2025-04-09,2025-04-16,2025-04-16,2025-04-16 12:39:00,2025-04-17 15:03:06.801400
7383,20250820,20250828,12,31,1,438,401,2025-08-20,2025-08-28,2025-08-28,2025-08-28 10:29:00,2025-08-30 15:41:07.000698
7384,20250224,20250228,9,165,3,270,244,2025-02-24,2025-02-28,2025-02-28,2025-02-28 08:58:00,2025-03-04 06:25:46.645913
7385,20250720,20250723,9,103,2,338,316,2025-07-20,2025-07-23,2025-07-23,2025-07-23 10:33:00,2025-07-29 22:14:08.158785
7386,20250107,20250114,12,130,1,28,27,2025-01-07,2025-01-15,2025-01-14,2025-01-14 17:11:00,2025-01-17 01:52:33.048203
7387,20250509,20250513,10,72,1,133,113,2025-05-09,2025-05-14,2025-05-13,2025-05-13 07:27:00,2025-05-15 09:09:24.970536
7388,20251009,20251021,1,85,2,405,375,2025-10-09,2025-10-17,2025-10-21,2025-10-21 16:59:00,2025-10-22 11:13:16.916599
7389,20250919,20250927,6,38,2,43,38,2025-09-19,2025-09-27,2025-09-27,2025-09-27 13:44:00,2025-09-29 19:21:29.983619
7390,20250718,20250724,13,47,2,381,351,2025-07-18,2025-07-24,2025-07-24,2025-07-24 14:07:00,2025-07-27 01:35:34.992741
7391,20250822,20250831,13,127,1,421,405,2025-08-22,2025-08-30,2025-08-31,2025-08-31 09:07:00,2025-09-08 18:35:52.240755
7392,20251206,20251215,12,5,1,476,442,2025-12-06,2025-12-16,2025-12-15,2025-12-15 17:26:00,2025-12-17 14:13:45.189888
7393,20250908,20250912,13,43,1,495,439,2025-09-08,2025-09-13,2025-09-12,2025-09-12 10:23:00,2025-09-19 04:17:54.543190
7394,20250401,20250407,2,123,3,330,328,2025-04-01,2025-04-07,2025-04-07,2025-04-07 13:33:00,2025-04-09 18:09:12.373627
7395,20251101,20251111,13,64,1,50,43,2025-11-01,2025-11-11,2025-11-11,2025-11-11 14:58:00,2025-11-13 01:47:44.635389
7396,20251202,20251213,11,87,2,62,54,2025-12-02,2025-12-08,2025-12-13,2025-12-13 12:28:00,2025-12-16 14:24:46.206586
7397,20251022,20251025,5,185,3,428,390,2025-10-22,2025-10-25,2025-10-25,2025-10-25 10:37:00,2025-10-26 16:19:28.524222
7398,20250319,20250326,15,14,1,400,361,2025-03-19,2025-03-27,2025-03-26,2025-03-26 17:24:00,2025-03-27 17:36:03.248192
7399,20251021,20251026,14,48,1,307,303,2025-10-21,2025-10-26,2025-10-26,2025-10-26 16:03:00,2025-10-27 20:54:54.300722
7400,20250416,20250423,11,87,1,290,247,2025-04-16,2025-04-20,2025-04-23,2025-04-23 17:43:00,2025-04-27 02:15:23.619985
7401,20250425,20250503,11,3,2,280,276,2025-04-25,2025-05-03,2025-05-03,2025-05-03 14:58:00,2025-05-05 07:34:35.676419
7402,20251025,20251031,7,132,2,194,187,2025-10-25,2025-10-31,2025-10-31,2025-10-31 12:49:00,2025-11-02 04:46:33.102844
7403,20250309,20250314,1,38,2,90,86,2025-03-09,2025-03-14,2025-03-14,2025-03-14 10:14:00,2025-03-18 08:01:19.991505
7404,20250429,20250503,15,85,2,254,221,2025-04-29,2025-05-04,2025-05-03,2025-05-03 13:41:00,2025-05-05 06:16:15.585805
7405,20250913,20250918,1,27,2,35,33,2025-09-13,2025-09-18,2025-09-18,2025-09-18 17:48:00,2025-09-19 03:24:15.079126
7406,20250929,20251006,3,153,1,383,356,2025-09-29,2025-10-07,2025-10-06,2025-10-06 13:07:00,2025-10-12 07:26:30.225217
7407,20250121,20250127,9,67,1,178,166,2025-01-21,2025-01-27,2025-01-27,2025-01-27 08:46:00,2025-01-29 13:31:20.268922
7408,20250217,20250227,8,67,1,333,332,2025-02-17,2025-02-27,2025-02-27,2025-02-27 15:53:00,2025-02-28 12:39:00.761204
7409,20251101,20251106,4,82,1,458,419,2025-11-01,2025-11-07,2025-11-06,2025-11-06 07:49:00,2025-11-07 01:04:37.939762
7410,20250714,20250727,5,162,2,377,365,2025-07-14,2025-07-23,2025-07-27,2025-07-27 10:08:00,2025-07-29 14:58:05.832399
7411,20250124,20250127,11,121,3,90,85,2025-01-24,2025-01-27,2025-01-27,2025-01-27 12:52:00,2025-01-28 12:47:43.193180
7412,20250525,20250603,8,115,1,97,85,2025-05-25,2025-06-03,2025-06-03,2025-06-03 09:05:00,2025-06-06 15:29:54.087570
7413,20250729,20250808,11,153,1,384,328,2025-07-29,2025-08-08,2025-08-08,2025-08-08 13:41:00,2025-08-09 11:03:21.675544
7414,20250227,20250308,10,32,1,363,326,2025-02-27,2025-03-08,2025-03-08,2025-03-08 16:10:00,2025-03-09 10:36:54.423062
7415,20250901,20250911,14,69,2,165,160,2025-09-01,2025-09-09,2025-09-11,2025-09-11 15:52:00,2025-09-13 05:46:05.579765
7416,20250415,20250418,6,61,1,393,389,2025-04-15,2025-04-19,2025-04-18,2025-04-18 12:10:00,2025-04-19 23:03:11.326676
7417,20251103,20251111,7,59,1,181,165,2025-11-03,2025-11-11,2025-11-11,2025-11-11 17:08:00,2025-11-13 05:29:50.318621
7418,20250621,20250627,1,187,1,178,151,2025-06-21,2025-06-25,2025-06-27,2025-06-27 15:13:00,2025-07-08 18:09:28.397676
7419,20250508,20250513,11,7,1,326,309,2025-05-08,2025-05-14,2025-05-13,2025-05-13 16:21:00,2025-05-15 02:43:32.811400
7420,20250827,20250829,9,25,2,327,309,2025-08-27,2025-08-30,2025-08-29,2025-08-29 12:54:00,2025-09-01 12:40:38.559470
7421,20250920,20250923,13,191,3,205,199,2025-09-20,2025-09-23,2025-09-23,2025-09-23 07:36:00,2025-09-26 05:56:45.876293
7422,20251111,20251116,10,79,1,174,170,2025-11-11,2025-11-16,2025-11-16,2025-11-16 12:04:00,2025-11-18 16:58:19.901775
7423,20250108,20250121,5,173,1,91,84,2025-01-08,2025-01-16,2025-01-21,2025-01-21 14:34:00,2025-01-21 20:43:00.242798
7424,20250606,20250618,5,107,1,371,342,2025-06-06,2025-06-13,2025-06-18,2025-06-18 08:52:00,2025-06-19 15:07:01.464732
7425,20250117,20250128,7,97,1,285,263,2025-01-17,2025-01-26,2025-01-28,2025-01-28 15:04:00,2025-01-29 09:29:23.357851
7426,20250427,20250504,9,120,1,413,369,2025-04-27,2025-05-04,2025-05-04,2025-05-04 10:39:00,2025-05-05 21:51:34.023234
7427,20251012,20251022,6,133,1,123,109,2025-10-12,2025-10-22,2025-10-22,2025-10-22 07:02:00,2025-10-23 17:12:34.654356
7428,20250914,20250921,5,174,1,447,446,2025-09-14,2025-09-19,2025-09-21,2025-09-21 13:51:00,2025-09-24 05:56:12.143409
7429,20250311,20250323,9,123,1,398,363,2025-03-11,2025-03-19,2025-03-23,2025-03-23 12:33:00,2025-03-28 01:56:47.589167
7430,20250425,20250501,1,132,1,135,123,2025-04-25,2025-05-01,2025-05-01,2025-05-01 17:30:00,2025-05-02 18:59:20.794940
7431,20250326,20250331,3,25,1,311,291,2025-03-26,2025-03-31,2025-03-31,2025-03-31 09:24:00,2025-04-02 00:47:19.967144
7432,20250918,20250921,5,50,1,199,170,2025-09-18,2025-09-22,2025-09-21,2025-09-21 13:38:00,2025-09-27 09:20:10.417119
7433,20250403,20250410,1,117,1,162,155,2025-04-03,2025-04-10,2025-04-10,2025-04-10 17:43:00,2025-04-14 13:40:28.404261
7434,20250508,20250515,2,192,3,474,409,2025-05-08,2025-05-11,2025-05-15,2025-05-15 09:47:00,2025-05-18 13:28:43.722865
7435,20250306,20250310,7,111,2,441,407,2025-03-06,2025-03-09,2025-03-10,2025-03-10 07:37:00,2025-03-12 09:48:09.347373
7436,20250211,20250219,4,165,2,75,74,2025-02-11,2025-02-19,2025-02-19,2025-02-19 14:37:00,2025-02-21 05:06:14.603558
7437,20250718,20250723,2,81,1,373,357,2025-07-18,2025-07-23,2025-07-23,2025-07-23 15:37:00,2025-07-26 22:57:20.113658
7438,20250518,20250521,13,82,2,83,75,2025-05-18,2025-05-21,2025-05-21,2025-05-21 07:01:00,2025-05-23 06:28:55.740146
7439,20250812,20250819,15,185,3,323,303,2025-08-12,2025-08-19,2025-08-19,2025-08-19 12:32:00,2025-08-20 09:31:46.286397
7440,20250817,20250831,6,61,1,314,297,2025-08-17,2025-08-27,2025-08-31,2025-08-31 16:16:00,2025-08-31 21:01:48.639045
7441,20250111,20250120,1,183,2,169,167,2025-01-11,2025-01-20,2025-01-20,2025-01-20 11:50:00,2025-01-20 19:23:48.369889
7442,20250605,20250613,14,168,3,71,64,2025-06-05,2025-06-12,2025-06-13,2025-06-13 09:00:00,2025-06-13 18:07:17.492541
7443,20250430,20250505,3,154,1,158,146,2025-04-30,2025-05-06,2025-05-05,2025-05-05 11:26:00,2025-05-05 23:35:50.311824
7444,20251129,20251202,15,96,1,157,145,2025-11-29,2025-12-02,2025-12-02,2025-12-02 17:00:00,2025-12-05 03:13:54.491229
7445,20250606,20250613,7,158,2,29,28,2025-06-06,2025-06-14,2025-06-13,2025-06-13 13:34:00,2025-06-16 21:41:42.661706
7446,20251128,20251208,7,65,1,431,377,2025-11-28,2025-12-03,2025-12-08,2025-12-08 09:15:00,2025-12-09 02:07:53.372556
7447,20251016,20251020,8,190,1,126,125,2025-10-16,2025-10-20,2025-10-20,2025-10-20 08:48:00,2025-10-20 13:37:39.090206
7448,20251025,20251101,9,11,1,182,168,2025-10-25,2025-11-02,2025-11-01,2025-11-01 10:31:00,2025-11-02 08:19:45.062349
7449,20250323,20250326,7,148,1,303,269,2025-03-23,2025-03-26,2025-03-26,2025-03-26 12:37:00,2025-03-27 21:06:01.756712
7450,20250923,20250929,8,107,2,377,326,2025-09-23,2025-09-29,2025-09-29,2025-09-29 11:46:00,2025-09-30 14:34:19.884645
7451,20250812,20250815,10,125,1,219,201,2025-08-12,2025-08-16,2025-08-15,2025-08-15 08:24:00,2025-08-16 02:32:50.941048
7452,20250811,20250822,5,18,2,54,50,2025-08-11,2025-08-17,2025-08-22,2025-08-22 14:22:00,2025-08-27 12:44:22.549162
7453,20250205,20250210,5,35,1,77,69,2025-02-05,2025-02-09,2025-02-10,2025-02-10 14:09:00,2025-02-11 06:56:14.739470
7454,20251111,20251114,3,124,1,264,263,2025-11-11,2025-11-14,2025-11-14,2025-11-14 16:30:00,2025-11-14 22:20:58.065165
7455,20250202,20250208,13,109,1,396,388,2025-02-02,2025-02-09,2025-02-08,2025-02-08 13:14:00,2025-02-09 08:16:56.762919
7456,20251022,20251102,14,29,2,268,241,2025-10-22,2025-10-29,2025-11-02,2025-11-02 12:31:00,2025-11-05 15:26:04.285805
7457,20251007,20251015,2,86,1,336,314,2025-10-07,2025-10-15,2025-10-15,2025-10-15 13:45:00,2025-10-16 17:45:29.313599
7458,20250121,20250124,7,142,3,50,49,2025-01-21,2025-01-24,2025-01-24,2025-01-24 15:34:00,2025-01-26 16:36:08.516671
7459,20250110,20250112,12,37,2,397,339,2025-01-10,2025-01-13,2025-01-12,2025-01-12 13:32:00,2025-01-14 02:43:16.316235
7460,20250125,20250129,7,56,1,410,377,2025-01-25,2025-01-29,2025-01-29,2025-01-29 09:30:00,2025-01-30 18:40:15.296917
7461,20250712,20250720,12,8,1,74,73,2025-07-12,2025-07-20,2025-07-20,2025-07-20 10:47:00,2025-07-21 08:24:16.344251
7462,20251003,20251012,12,183,1,379,350,2025-10-03,2025-10-12,2025-10-12,2025-10-12 08:33:00,2025-10-14 02:25:52.572742
7463,20250624,20250630,10,65,1,357,354,2025-06-24,2025-07-01,2025-06-30,2025-06-30 17:38:00,2025-07-05 23:11:10.874030
7464,20250625,20250704,1,124,2,374,342,2025-06-25,2025-07-03,2025-07-04,2025-07-04 12:36:00,2025-07-07 21:22:07.164237
7465,20251201,20251205,10,71,2,196,167,2025-12-01,2025-12-05,2025-12-05,2025-12-05 16:50:00,2025-12-07 18:16:01.715074
7466,20250511,20250524,10,184,1,131,116,2025-05-11,2025-05-20,2025-05-24,2025-05-24 13:58:00,2025-05-25 03:30:31.087804
7467,20250720,20250726,6,78,1,218,196,2025-07-20,2025-07-26,2025-07-26,2025-07-26 15:46:00,2025-07-26 18:39:08.776598
7468,20250723,20250729,14,10,1,101,98,2025-07-23,2025-07-29,2025-07-29,2025-07-29 07:59:00,2025-08-01 07:54:04.749339
7469,20250713,20250718,14,134,1,212,189,2025-07-13,2025-07-18,2025-07-18,2025-07-18 15:02:00,2025-07-19 18:24:01.445900
7470,20250423,20250430,2,119,1,258,234,2025-04-23,2025-04-30,2025-04-30,2025-04-30 15:13:00,2025-05-02 22:43:21.288823
7471,20250424,20250430,12,193,2,362,325,2025-04-24,2025-04-30,2025-04-30,2025-04-30 11:24:00,2025-04-30 22:56:29.984857
7472,20250327,20250330,10,114,1,231,216,2025-03-27,2025-03-31,2025-03-30,2025-03-30 09:55:00,2025-04-01 10:32:18.193159
7473,20250427,20250504,9,54,1,36,35,2025-04-27,2025-05-05,2025-05-04,2025-05-04 14:03:00,2025-05-08 16:52:14.272636
7474,20251102,20251112,12,51,1,199,170,2025-11-02,2025-11-12,2025-11-12,2025-11-12 13:49:00,2025-11-14 00:27:25.544961
7475,20250606,20250615,2,92,1,440,413,2025-06-06,2025-06-16,2025-06-15,2025-06-15 16:40:00,2025-06-18 21:06:37.523869
7476,20250416,20250422,14,138,3,202,178,2025-04-16,2025-04-23,2025-04-22,2025-04-22 10:13:00,2025-04-24 02:16:18.010346
7477,20250718,20250725,6,47,1,329,326,2025-07-18,2025-07-26,2025-07-25,2025-07-25 10:09:00,2025-07-26 06:48:32.289211
7478,20250624,20250705,6,36,1,234,231,2025-06-24,2025-07-03,2025-07-05,2025-07-05 08:34:00,2025-07-06 16:57:51.107893
7479,20251111,20251115,3,142,2,311,290,2025-11-11,2025-11-15,2025-11-15,2025-11-15 16:48:00,2025-11-19 17:04:42.171916
7480,20250725,20250729,11,174,2,241,228,2025-07-25,2025-07-30,2025-07-29,2025-07-29 12:44:00,2025-07-30 05:25:44.783814
7481,20250604,20250609,12,93,3,494,490,2025-06-04,2025-06-10,2025-06-09,2025-06-09 13:26:00,2025-06-09 20:58:52.832490
7482,20250716,20250727,10,69,2,477,475,2025-07-16,2025-07-22,2025-07-27,2025-07-27 16:43:00,2025-07-28 17:33:37.131990
7483,20250803,20250812,14,15,1,401,378,2025-08-03,2025-08-12,2025-08-12,2025-08-12 09:56:00,2025-08-16 16:54:46.895837
7484,20250401,20250408,7,116,1,101,96,2025-04-01,2025-04-09,2025-04-08,2025-04-08 09:29:00,2025-04-11 04:25:29.813715
7485,20250816,20250824,10,156,2,437,417,2025-08-16,2025-08-25,2025-08-24,2025-08-24 17:39:00,2025-08-25 20:20:18.522303
7486,20250302,20250305,12,192,2,336,327,2025-03-02,2025-03-06,2025-03-05,2025-03-05 15:08:00,2025-03-07 11:55:31.845828
7487,20250107,20250115,4,7,1,216,209,2025-01-07,2025-01-16,2025-01-15,2025-01-15 11:15:00,2025-01-17 21:11:57.114238
7488,20250614,20250617,11,151,2,482,445,2025-06-14,2025-06-17,2025-06-17,2025-06-17 07:24:00,2025-06-22 14:16:18.602589
7489,20250412,20250420,5,119,1,499,466,2025-04-12,2025-04-21,2025-04-20,2025-04-20 17:30:00,2025-04-23 00:39:08.261820
7490,20251029,20251104,3,30,2,136,128,2025-10-29,2025-11-05,2025-11-04,2025-11-04 08:18:00,2025-11-14 15:39:13.279215
7491,20250406,20250413,14,173,1,458,389,2025-04-06,2025-04-13,2025-04-13,2025-04-13 07:39:00,2025-04-14 23:50:12.082468
7492,20250224,20250302,12,125,2,98,87,2025-02-24,2025-03-03,2025-03-02,2025-03-02 07:54:00,2025-03-02 21:03:06.539580
7493,20250606,20250610,8,76,2,194,193,2025-06-06,2025-06-11,2025-06-10,2025-06-10 14:41:00,2025-06-16 13:03:16.746415
7494,20250704,20250708,12,66,2,192,184,2025-07-04,2025-07-08,2025-07-08,2025-07-08 07:53:00,2025-07-08 23:10:02.731968
7495,20250703,20250707,7,142,1,445,398,2025-07-03,2025-07-07,2025-07-07,2025-07-07 15:22:00,2025-07-12 02:45:22.839863
7496,20250522,20250528,13,69,1,346,342,2025-05-22,2025-05-28,2025-05-28,2025-05-28 14:27:00,2025-05-29 12:48:47.401689
7497,20250719,20250723,6,39,3,158,147,2025-07-19,2025-07-23,2025-07-23,2025-07-23 12:34:00,2025-07-23 22:40:12.435719
7498,20250603,20250612,10,82,2,110,104,2025-06-03,2025-06-13,2025-06-12,2025-06-12 09:53:00,2025-06-13 00:28:53.858365
7499,20250101,20250106,8,142,1,309,265,2025-01-01,2025-01-06,2025-01-06,2025-01-06 16:22:00,2025-01-09 03:37:52.496853
7500,20250521,20250525,13,165,1,250,241,2025-05-21,2025-05-25,2025-05-25,2025-05-25 11:11:00,2025-05-29 00:59:50.873466
7501,20250820,20250825,1,193,1,387,366,2025-08-20,2025-08-25,2025-08-25,2025-08-25 09:59:00,2025-08-26 00:43:20.825948
7502,20250316,20250324,4,59,1,92,86,2025-03-16,2025-03-25,2025-03-24,2025-03-24 16:12:00,2025-03-26 13:12:43.328135
7503,20251110,20251119,15,159,1,490,477,2025-11-10,2025-11-19,2025-11-19,2025-11-19 17:34:00,2025-11-25 12:54:27.915029
7504,20250816,20250826,11,146,1,85,83,2025-08-16,2025-08-23,2025-08-26,2025-08-26 10:10:00,2025-08-29 00:10:58.179234
7505,20250213,20250217,14,50,1,329,282,2025-02-13,2025-02-17,2025-02-17,2025-02-17 15:11:00,2025-02-23 07:13:02.748773
7506,20251117,20251120,15,136,3,430,396,2025-11-17,2025-11-21,2025-11-20,2025-11-20 10:27:00,2025-11-22 02:36:50.256134
7507,20250322,20250402,5,175,1,420,381,2025-03-22,2025-03-28,2025-04-02,2025-04-02 07:45:00,2025-04-06 13:37:59.243406
7508,20250524,20250529,1,147,1,141,123,2025-05-24,2025-05-29,2025-05-29,2025-05-29 07:32:00,2025-05-30 10:10:10.882593
7509,20250906,20250913,1,80,3,46,43,2025-09-06,2025-09-14,2025-09-13,2025-09-13 15:20:00,2025-09-14 18:38:07.311722
7510,20250112,20250115,14,124,1,84,82,2025-01-12,2025-01-15,2025-01-15,2025-01-15 11:12:00,2025-01-16 15:40:34.328410
7511,20250701,20250711,13,96,2,259,250,2025-07-01,2025-07-11,2025-07-11,2025-07-11 09:01:00,2025-07-13 02:02:07.687569
7512,20250330,20250404,7,94,3,237,214,2025-03-30,2025-04-04,2025-04-04,2025-04-04 08:27:00,2025-04-05 15:35:17.224474
7513,20250407,20250420,4,67,2,442,397,2025-04-07,2025-04-15,2025-04-20,2025-04-20 11:01:00,2025-04-22 14:27:23.916369
7514,20250324,20250402,8,140,1,499,465,2025-03-24,2025-04-02,2025-04-02,2025-04-02 16:49:00,2025-04-03 16:23:48.136276
7515,20250509,20250517,8,148,1,424,400,2025-05-09,2025-05-18,2025-05-17,2025-05-17 07:05:00,2025-05-19 06:27:30.274111
7516,20250427,20250508,14,43,3,109,100,2025-04-27,2025-05-05,2025-05-08,2025-05-08 10:42:00,2025-05-12 03:32:57.646679
7517,20250709,20250715,13,131,1,245,240,2025-07-09,2025-07-15,2025-07-15,2025-07-15 17:19:00,2025-07-17 00:43:28.991615
7518,20250527,20250601,14,90,3,130,120,2025-05-27,2025-05-31,2025-06-01,2025-06-01 11:31:00,2025-06-01 22:39:43.728926
7519,20250224,20250305,11,34,1,66,59,2025-02-24,2025-03-05,2025-03-05,2025-03-05 14:49:00,2025-03-06 12:53:36.958053
7520,20251116,20251124,2,195,1,402,350,2025-11-16,2025-11-24,2025-11-24,2025-11-24 10:05:00,2025-11-26 00:43:25.031665
7521,20250623,20250630,12,127,3,452,425,2025-06-23,2025-06-30,2025-06-30,2025-06-30 16:50:00,2025-07-04 04:42:25.679301
7522,20250328,20250402,3,22,1,372,349,2025-03-28,2025-04-02,2025-04-02,2025-04-02 12:02:00,2025-04-03 19:03:11.521812
7523,20250310,20250316,6,75,3,441,424,2025-03-10,2025-03-16,2025-03-16,2025-03-16 17:20:00,2025-03-20 03:20:19.993619
7524,20250329,20250405,8,88,2,59,53,2025-03-29,2025-04-05,2025-04-05,2025-04-05 11:20:00,2025-04-09 09:21:42.729892
7525,20250505,20250520,6,62,2,180,153,2025-05-05,2025-05-15,2025-05-20,2025-05-20 16:18:00,2025-05-24 16:39:25.788375
7526,20250831,20250909,6,1,2,462,456,2025-08-31,2025-09-09,2025-09-09,2025-09-09 16:38:00,2025-09-13 14:59:39.037438
7527,20250103,20250112,15,53,1,402,381,2025-01-03,2025-01-08,2025-01-12,2025-01-12 13:29:00,2025-01-13 09:59:04.122785
7528,20250101,20250111,2,34,2,159,149,2025-01-01,2025-01-11,2025-01-11,2025-01-11 13:58:00,2025-01-12 05:10:37.564860
7529,20250608,20250616,6,102,2,317,289,2025-06-08,2025-06-16,2025-06-16,2025-06-16 15:36:00,2025-06-19 07:14:07.937000
7530,20250725,20250802,3,31,2,106,103,2025-07-25,2025-08-03,2025-08-02,2025-08-02 10:48:00,2025-08-04 04:34:43.463071
7531,20250228,20250306,4,24,3,94,81,2025-02-28,2025-03-04,2025-03-06,2025-03-06 13:36:00,2025-03-07 23:20:43.312839
7532,20250911,20250923,4,23,2,170,158,2025-09-11,2025-09-21,2025-09-23,2025-09-23 08:40:00,2025-09-26 10:25:17.876065
7533,20251017,20251027,13,64,1,148,126,2025-10-17,2025-10-27,2025-10-27,2025-10-27 15:28:00,2025-11-01 10:12:52.495313
7534,20250909,20250917,10,97,2,88,76,2025-09-09,2025-09-17,2025-09-17,2025-09-17 17:31:00,2025-09-22 08:52:59.757034
7535,20250731,20250812,7,108,1,222,207,2025-07-31,2025-08-07,2025-08-12,2025-08-12 17:26:00,2025-08-15 05:44:15.547329
7536,20250915,20250923,1,62,1,135,127,2025-09-15,2025-09-19,2025-09-23,2025-09-23 08:26:00,2025-09-23 10:34:33.754461
7537,20251004,20251011,5,135,3,401,389,2025-10-04,2025-10-11,2025-10-11,2025-10-11 09:00:00,2025-10-13 23:23:31.151841
7538,20250103,20250106,14,192,3,439,388,2025-01-03,2025-01-07,2025-01-06,2025-01-06 11:46:00,2025-01-08 14:12:58.813913
7539,20250106,20250119,8,190,3,51,48,2025-01-06,2025-01-15,2025-01-19,2025-01-19 11:21:00,2025-01-21 12:43:22.002547
7540,20250602,20250611,11,9,3,334,326,2025-06-02,2025-06-11,2025-06-11,2025-06-11 12:16:00,2025-06-17 06:27:20.956730
7541,20251019,20251027,2,141,1,25,23,2025-10-19,2025-10-28,2025-10-27,2025-10-27 07:11:00,2025-10-27 19:34:11.677035
7542,20250514,20250522,9,136,1,430,385,2025-05-14,2025-05-23,2025-05-22,2025-05-22 16:23:00,2025-05-26 19:17:43.155924
7543,20250703,20250713,8,121,2,235,221,2025-07-03,2025-07-13,2025-07-13,2025-07-13 07:02:00,2025-07-14 07:51:29.566161
7544,20250123,20250126,15,177,2,31,30,2025-01-23,2025-01-26,2025-01-26,2025-01-26 13:43:00,2025-01-28 09:17:01.775287
7545,20250616,20250622,4,5,2,96,84,2025-06-16,2025-06-22,2025-06-22,2025-06-22 11:14:00,2025-06-24 06:29:07.812511
7546,20251014,20251021,13,59,3,261,239,2025-10-14,2025-10-21,2025-10-21,2025-10-21 07:37:00,2025-10-22 07:54:16.523702
7547,20250201,20250203,13,91,1,342,337,2025-02-01,2025-02-04,2025-02-03,2025-02-03 07:20:00,2025-02-05 14:20:16.511437
7548,20250805,20250811,1,68,3,97,93,2025-08-05,2025-08-11,2025-08-11,2025-08-11 10:36:00,2025-08-13 09:03:54.473470
7549,20250329,20250408,6,70,2,280,239,2025-03-29,2025-04-07,2025-04-08,2025-04-08 09:06:00,2025-04-09 08:26:20.622257
7550,20250304,20250310,13,65,3,264,253,2025-03-04,2025-03-10,2025-03-10,2025-03-10 10:03:00,2025-03-13 07:56:27.343192
7551,20250503,20250508,7,98,1,329,292,2025-05-03,2025-05-08,2025-05-08,2025-05-08 11:25:00,2025-05-09 12:52:48.925628
7552,20250813,20250821,4,195,3,91,77,2025-08-13,2025-08-21,2025-08-21,2025-08-21 11:06:00,2025-08-22 13:21:09.685724
7553,20250719,20250727,3,184,1,415,366,2025-07-19,2025-07-28,2025-07-27,2025-07-27 12:11:00,2025-07-28 22:15:53.242898
7554,20251013,20251022,9,32,2,185,183,2025-10-13,2025-10-23,2025-10-22,2025-10-22 13:01:00,2025-10-25 02:12:07.796100
7555,20250527,20250531,15,22,3,181,172,2025-05-27,2025-05-31,2025-05-31,2025-05-31 13:15:00,2025-06-02 08:05:23.055942
7556,20251116,20251123,2,96,2,409,388,2025-11-16,2025-11-23,2025-11-23,2025-11-23 11:48:00,2025-11-29 05:14:35.231171
7557,20251016,20251021,13,141,2,166,147,2025-10-16,2025-10-22,2025-10-21,2025-10-21 07:36:00,2025-10-22 11:09:42.572970
7558,20250601,20250606,15,198,2,349,323,2025-06-01,2025-06-07,2025-06-06,2025-06-06 17:52:00,2025-06-08 17:43:27.704749
7559,20250111,20250115,9,133,1,84,74,2025-01-11,2025-01-15,2025-01-15,2025-01-15 07:04:00,2025-01-18 08:10:01.901402
7560,20250206,20250210,2,163,1,287,264,2025-02-06,2025-02-11,2025-02-10,2025-02-10 17:27:00,2025-02-13 20:18:48.696581
7561,20250704,20250712,5,92,2,166,165,2025-07-04,2025-07-07,2025-07-12,2025-07-12 12:57:00,2025-07-13 21:00:01.611085
7562,20250111,20250120,7,41,1,156,151,2025-01-11,2025-01-16,2025-01-20,2025-01-20 11:09:00,2025-01-21 07:38:27.704801
7563,20250126,20250129,15,77,3,358,315,2025-01-26,2025-01-29,2025-01-29,2025-01-29 11:04:00,2025-01-30 23:27:20.155208
7564,20251015,20251021,10,14,1,54,46,2025-10-15,2025-10-21,2025-10-21,2025-10-21 11:55:00,2025-10-21 16:52:39.289900
7565,20250725,20250801,7,47,2,455,404,2025-07-25,2025-07-28,2025-08-01,2025-08-01 13:51:00,2025-08-10 03:32:43.461921
7566,20250802,20250806,7,23,1,275,273,2025-08-02,2025-08-06,2025-08-06,2025-08-06 15:03:00,2025-08-12 08:25:59.362547
7567,20250610,20250613,5,81,3,77,73,2025-06-10,2025-06-13,2025-06-13,2025-06-13 12:13:00,2025-06-13 16:04:34.395831
7568,20251009,20251019,9,155,1,388,341,2025-10-09,2025-10-19,2025-10-19,2025-10-19 12:34:00,2025-10-20 17:58:10.392888
7569,20250715,20250720,14,36,3,311,307,2025-07-15,2025-07-18,2025-07-20,2025-07-20 12:20:00,2025-07-22 22:22:46.922944
7570,20250324,20250402,12,183,2,252,214,2025-03-24,2025-04-03,2025-04-02,2025-04-02 16:26:00,2025-04-03 02:28:36.685125
7571,20250422,20250425,9,163,1,379,375,2025-04-22,2025-04-25,2025-04-25,2025-04-25 17:54:00,2025-04-27 12:56:14.981214
7572,20250930,20251007,6,122,1,499,442,2025-09-30,2025-10-04,2025-10-07,2025-10-07 10:14:00,2025-10-08 07:59:02.873219
7573,20250213,20250227,5,125,3,413,360,2025-02-13,2025-02-22,2025-02-27,2025-02-27 15:02:00,2025-03-01 15:15:45.884287
7574,20250629,20250708,8,66,1,430,404,2025-06-29,2025-07-08,2025-07-08,2025-07-08 17:20:00,2025-07-09 20:47:01.484753
7575,20251123,20251201,13,58,2,141,139,2025-11-23,2025-11-27,2025-12-01,2025-12-01 13:06:00,2025-12-03 12:31:50.300324
7576,20250309,20250317,4,166,1,354,346,2025-03-09,2025-03-17,2025-03-17,2025-03-17 16:33:00,2025-03-18 17:02:47.329416
7577,20250122,20250125,2,105,1,192,172,2025-01-22,2025-01-25,2025-01-25,2025-01-25 12:22:00,2025-01-27 18:16:10.966789
7578,20251007,20251014,11,157,2,203,202,2025-10-07,2025-10-14,2025-10-14,2025-10-14 15:03:00,2025-10-23 09:29:44.038920
7579,20250222,20250301,2,111,3,409,362,2025-02-22,2025-03-02,2025-03-01,2025-03-01 11:45:00,2025-03-02 14:19:33.569433
7580,20250204,20250213,3,37,1,464,460,2025-02-04,2025-02-13,2025-02-13,2025-02-13 08:03:00,2025-02-16 08:59:18.060451
7581,20251002,20251010,2,156,1,430,415,2025-10-02,2025-10-10,2025-10-10,2025-10-10 17:23:00,2025-10-12 20:02:12.068619
7582,20250319,20250326,12,133,1,201,195,2025-03-19,2025-03-26,2025-03-26,2025-03-26 13:45:00,2025-03-28 16:36:44.277288
7583,20250708,20250714,8,74,1,470,411,2025-07-08,2025-07-15,2025-07-14,2025-07-14 09:47:00,2025-07-19 20:13:37.847228
7584,20251128,20251202,10,99,1,430,373,2025-11-28,2025-12-02,2025-12-02,2025-12-02 14:58:00,2025-12-05 02:53:47.067701
7585,20250930,20251007,4,20,1,54,51,2025-09-30,2025-10-07,2025-10-07,2025-10-07 15:12:00,2025-10-13 00:27:25.867768
7586,20251114,20251121,12,191,3,232,198,2025-11-14,2025-11-21,2025-11-21,2025-11-21 09:41:00,2025-11-23 11:18:20.833770
7587,20250305,20250310,6,106,1,126,123,2025-03-05,2025-03-09,2025-03-10,2025-03-10 07:23:00,2025-03-11 02:26:45.775786
7588,20250805,20250813,14,74,2,333,289,2025-08-05,2025-08-10,2025-08-13,2025-08-13 07:23:00,2025-08-14 04:22:59.560947
7589,20250623,20250630,11,194,2,423,406,2025-06-23,2025-06-29,2025-06-30,2025-06-30 08:38:00,2025-07-01 08:33:58.760284
7590,20250919,20250921,1,135,2,226,222,2025-09-19,2025-09-22,2025-09-21,2025-09-21 12:04:00,2025-09-25 21:09:16.263074
7591,20250623,20250626,2,185,2,256,248,2025-06-23,2025-06-26,2025-06-26,2025-06-26 09:32:00,2025-06-27 18:53:03.010692
7592,20250713,20250722,4,168,2,208,178,2025-07-13,2025-07-23,2025-07-22,2025-07-22 10:11:00,2025-07-23 14:56:22.288622
7593,20250102,20250106,12,186,1,473,469,2025-01-02,2025-01-07,2025-01-06,2025-01-06 08:41:00,2025-01-09 11:28:13.003575
7594,20250530,20250602,4,69,3,200,183,2025-05-30,2025-06-02,2025-06-02,2025-06-02 14:14:00,2025-06-03 08:36:40.065956
7595,20250705,20250708,4,100,1,266,233,2025-07-05,2025-07-08,2025-07-08,2025-07-08 08:08:00,2025-07-11 10:38:58.812493
7596,20251023,20251029,10,189,1,206,199,2025-10-23,2025-10-29,2025-10-29,2025-10-29 09:03:00,2025-10-30 12:21:51.569717
7597,20251013,20251022,11,123,1,103,90,2025-10-13,2025-10-22,2025-10-22,2025-10-22 12:45:00,2025-10-26 02:32:56.724118
7598,20250623,20250628,8,63,1,474,410,2025-06-23,2025-06-28,2025-06-28,2025-06-28 08:37:00,2025-06-30 05:52:48.462810
7599,20250718,20250728,5,159,1,381,335,2025-07-18,2025-07-23,2025-07-28,2025-07-28 12:29:00,2025-07-28 20:00:47.402353
7600,20251002,20251012,5,136,1,202,182,2025-10-02,2025-10-12,2025-10-12,2025-10-12 08:40:00,2025-10-14 00:53:31.343753
7601,20250211,20250220,7,25,1,132,124,2025-02-11,2025-02-21,2025-02-20,2025-02-20 11:57:00,2025-02-25 00:38:33.498699
7602,20250113,20250121,7,144,2,336,306,2025-01-13,2025-01-21,2025-01-21,2025-01-21 12:22:00,2025-01-29 03:19:06.809050
7603,20251104,20251107,12,123,1,189,168,2025-11-04,2025-11-08,2025-11-07,2025-11-07 14:04:00,2025-11-09 11:19:39.953085
7604,20250202,20250212,10,110,2,192,174,2025-02-02,2025-02-12,2025-02-12,2025-02-12 09:16:00,2025-02-17 21:41:21.600050
7605,20250106,20250111,4,117,1,353,305,2025-01-06,2025-01-12,2025-01-11,2025-01-11 16:27:00,2025-01-19 20:28:05.791845
7606,20250623,20250626,9,118,1,403,396,2025-06-23,2025-06-26,2025-06-26,2025-06-26 10:14:00,2025-06-27 05:43:19.835761
7607,20250129,20250131,9,109,1,171,157,2025-01-29,2025-02-01,2025-01-31,2025-01-31 09:17:00,2025-02-02 07:05:28.676173
7608,20250327,20250404,2,137,1,99,84,2025-03-27,2025-04-04,2025-04-04,2025-04-04 13:33:00,2025-04-10 06:36:23.365557
7609,20250514,20250522,13,88,3,479,416,2025-05-14,2025-05-22,2025-05-22,2025-05-22 07:05:00,2025-05-23 05:50:18.956837
7610,20250429,20250508,5,41,1,207,196,2025-04-29,2025-05-05,2025-05-08,2025-05-08 12:50:00,2025-05-09 16:18:02.743716
7611,20250419,20250426,1,128,3,281,253,2025-04-19,2025-04-26,2025-04-26,2025-04-26 10:27:00,2025-05-01 14:17:01.749201
7612,20251025,20251029,12,161,2,278,277,2025-10-25,2025-10-29,2025-10-29,2025-10-29 12:17:00,2025-11-01 15:36:23.317732
7613,20250214,20250221,14,162,2,236,235,2025-02-14,2025-02-18,2025-02-21,2025-02-21 17:49:00,2025-02-23 09:40:27.818571
7614,20250925,20250929,9,140,1,346,296,2025-09-25,2025-09-29,2025-09-29,2025-09-29 11:09:00,2025-09-30 14:20:29.046010
7615,20250629,20250703,13,169,3,346,335,2025-06-29,2025-07-03,2025-07-03,2025-07-03 11:44:00,2025-07-05 14:29:44.300808
7616,20250408,20250418,8,101,1,307,287,2025-04-08,2025-04-18,2025-04-18,2025-04-18 16:29:00,2025-04-20 10:10:36.389028
7617,20251004,20251010,10,36,1,471,434,2025-10-04,2025-10-10,2025-10-10,2025-10-10 17:09:00,2025-10-13 04:22:26.257103
7618,20250722,20250731,3,150,1,41,40,2025-07-22,2025-07-31,2025-07-31,2025-07-31 14:04:00,2025-08-04 08:48:01.425501
7619,20251121,20251125,15,110,1,233,227,2025-11-21,2025-11-26,2025-11-25,2025-11-25 13:57:00,2025-11-30 16:15:52.016696
7620,20251017,20251027,5,156,2,93,91,2025-10-17,2025-10-26,2025-10-27,2025-10-27 12:38:00,2025-10-31 11:28:10.960098
7621,20250630,20250709,5,112,1,40,37,2025-06-30,2025-07-10,2025-07-09,2025-07-09 17:02:00,2025-07-10 19:58:01.650061
7622,20250124,20250204,5,46,1,461,453,2025-01-24,2025-02-03,2025-02-04,2025-02-04 10:19:00,2025-02-07 12:29:52.408242
7623,20251106,20251111,14,38,2,237,226,2025-11-06,2025-11-10,2025-11-11,2025-11-11 10:15:00,2025-11-12 16:57:33.129871
7624,20251102,20251109,11,111,1,241,221,2025-11-02,2025-11-05,2025-11-09,2025-11-09 07:54:00,2025-11-10 17:08:24.633811
7625,20251124,20251204,4,57,2,311,266,2025-11-24,2025-12-04,2025-12-04,2025-12-04 09:02:00,2025-12-05 04:25:13.777081
7626,20251004,20251014,3,166,2,411,399,2025-10-04,2025-10-14,2025-10-14,2025-10-14 15:18:00,2025-10-16 01:25:19.632860
7627,20250110,20250120,7,187,1,422,400,2025-01-10,2025-01-15,2025-01-20,2025-01-20 13:38:00,2025-01-20 19:00:24.347121
7628,20250329,20250408,14,76,3,111,103,2025-03-29,2025-04-03,2025-04-08,2025-04-08 07:06:00,2025-04-10 17:07:22.947856
7629,20251120,20251129,15,187,1,479,416,2025-11-20,2025-11-30,2025-11-29,2025-11-29 08:03:00,2025-12-03 05:16:53.858959
7630,20250416,20250419,7,25,1,285,261,2025-04-16,2025-04-19,2025-04-19,2025-04-19 12:25:00,2025-04-22 12:14:45.379682
7631,20250720,20250803,11,156,3,398,371,2025-07-20,2025-07-29,2025-08-03,2025-08-03 16:39:00,2025-08-04 19:34:41.480263
7632,20251009,20251017,7,95,2,160,139,2025-10-09,2025-10-17,2025-10-17,2025-10-17 12:58:00,2025-10-21 12:33:09.805618
7633,20250613,20250622,4,141,1,329,314,2025-06-13,2025-06-21,2025-06-22,2025-06-22 12:57:00,2025-06-24 11:28:35.205682
7634,20250523,20250527,7,68,3,38,34,2025-05-23,2025-05-27,2025-05-27,2025-05-27 11:17:00,2025-05-29 13:55:03.774011
7635,20250731,20250806,6,11,2,141,138,2025-07-31,2025-08-05,2025-08-06,2025-08-06 13:12:00,2025-08-09 19:22:41.945644
7636,20250113,20250120,5,20,2,320,301,2025-01-13,2025-01-20,2025-01-20,2025-01-20 13:02:00,2025-01-21 15:29:17.238483
7637,20251122,20251126,9,76,1,361,313,2025-11-22,2025-11-26,2025-11-26,2025-11-26 10:44:00,2025-11-28 04:30:24.954711
7638,20251026,20251101,2,116,1,229,196,2025-10-26,2025-11-01,2025-11-01,2025-11-01 16:31:00,2025-11-06 13:20:57.917689
7639,20250520,20250526,3,33,2,336,316,2025-05-20,2025-05-26,2025-05-26,2025-05-26 10:26:00,2025-05-29 14:03:44.750294
7640,20250805,20250815,13,165,3,123,107,2025-08-05,2025-08-15,2025-08-15,2025-08-15 10:26:00,2025-08-23 08:59:57.729068
7641,20251127,20251202,2,177,1,39,36,2025-11-27,2025-12-02,2025-12-02,2025-12-02 09:04:00,2025-12-03 14:27:30.848936
7642,20251031,20251114,5,56,2,259,249,2025-10-31,2025-11-10,2025-11-14,2025-11-14 10:06:00,2025-11-16 16:33:08.420195
7643,20250811,20250817,11,65,2,116,111,2025-08-11,2025-08-17,2025-08-17,2025-08-17 13:28:00,2025-08-22 00:40:37.760213
7644,20250211,20250214,11,174,1,191,171,2025-02-11,2025-02-14,2025-02-14,2025-02-14 08:43:00,2025-02-17 01:58:52.342104
7645,20251012,20251022,6,81,2,193,166,2025-10-12,2025-10-22,2025-10-22,2025-10-22 10:54:00,2025-10-25 20:37:03.698283
7646,20250304,20250311,11,149,1,424,363,2025-03-04,2025-03-11,2025-03-11,2025-03-11 13:00:00,2025-03-13 13:46:42.491605
7647,20250611,20250614,7,146,2,98,93,2025-06-11,2025-06-14,2025-06-14,2025-06-14 14:14:00,2025-06-16 03:30:20.979369
7648,20251106,20251109,3,20,1,454,449,2025-11-06,2025-11-09,2025-11-09,2025-11-09 11:24:00,2025-11-09 19:30:54.217688
7649,20251107,20251115,4,61,1,192,170,2025-11-07,2025-11-16,2025-11-15,2025-11-15 09:38:00,2025-11-16 14:29:19.739711
7650,20250813,20250819,3,28,1,285,256,2025-08-13,2025-08-17,2025-08-19,2025-08-19 13:44:00,2025-08-20 03:17:37.963327
7651,20250609,20250618,13,186,1,107,101,2025-06-09,2025-06-15,2025-06-18,2025-06-18 17:55:00,2025-06-21 11:09:50.633888
7652,20250606,20250610,13,93,3,373,358,2025-06-06,2025-06-10,2025-06-10,2025-06-10 10:29:00,2025-06-13 11:19:30.025370
7653,20250416,20250423,2,130,1,180,170,2025-04-16,2025-04-23,2025-04-23,2025-04-23 10:32:00,2025-04-30 20:57:53.483967
7654,20250524,20250602,14,162,1,72,65,2025-05-24,2025-05-28,2025-06-02,2025-06-02 09:35:00,2025-06-02 22:50:27.895453
7655,20250615,20250621,6,150,3,83,78,2025-06-15,2025-06-20,2025-06-21,2025-06-21 16:49:00,2025-06-22 18:21:52.846025
7656,20250423,20250427,6,192,2,188,171,2025-04-23,2025-04-27,2025-04-27,2025-04-27 14:57:00,2025-04-29 10:08:41.832066
7657,20251007,20251019,14,13,1,259,228,2025-10-07,2025-10-16,2025-10-19,2025-10-19 15:24:00,2025-10-20 07:49:42.610560
7658,20250930,20251009,7,189,1,21,19,2025-09-30,2025-10-08,2025-10-09,2025-10-09 12:57:00,2025-10-11 21:34:05.676885
7659,20251023,20251027,13,66,1,442,384,2025-10-23,2025-10-27,2025-10-27,2025-10-27 09:03:00,2025-10-28 14:38:27.123144
7660,20250209,20250216,10,69,3,257,237,2025-02-09,2025-02-17,2025-02-16,2025-02-16 17:10:00,2025-02-17 08:58:23.714711
7661,20250731,20250808,3,86,1,118,115,2025-07-31,2025-08-08,2025-08-08,2025-08-08 11:51:00,2025-08-10 07:50:41.036868
7662,20251125,20251205,9,176,1,25,22,2025-11-25,2025-12-05,2025-12-05,2025-12-05 16:02:00,2025-12-07 14:39:29.129871
7663,20250419,20250503,15,93,2,317,289,2025-04-19,2025-04-29,2025-05-03,2025-05-03 10:41:00,2025-05-04 11:41:55.912146
7664,20251027,20251103,15,123,2,359,321,2025-10-27,2025-11-03,2025-11-03,2025-11-03 12:20:00,2025-11-03 16:46:09.548315
7665,20250917,20250926,12,19,1,390,337,2025-09-17,2025-09-26,2025-09-26,2025-09-26 13:14:00,2025-09-27 07:11:37.689236
7666,20250725,20250731,14,42,1,126,114,2025-07-25,2025-07-31,2025-07-31,2025-07-31 09:29:00,2025-08-03 23:34:41.338317
7667,20250311,20250321,15,35,2,484,449,2025-03-11,2025-03-21,2025-03-21,2025-03-21 12:29:00,2025-03-25 15:53:06.450174
7668,20250927,20251003,5,71,1,234,221,2025-09-27,2025-10-04,2025-10-03,2025-10-03 09:32:00,2025-10-09 23:32:06.434428
7669,20251031,20251108,3,81,2,371,338,2025-10-31,2025-11-08,2025-11-08,2025-11-08 10:40:00,2025-11-11 07:06:14.584376
7670,20250924,20251007,3,117,2,371,370,2025-09-24,2025-10-04,2025-10-07,2025-10-07 13:04:00,2025-10-12 05:01:30.955329
7671,20250901,20250907,13,2,3,466,452,2025-09-01,2025-09-07,2025-09-07,2025-09-07 13:44:00,2025-09-09 05:09:03.104589
7672,20250426,20250429,9,79,3,380,345,2025-04-26,2025-04-30,2025-04-29,2025-04-29 10:54:00,2025-05-07 20:25:28.142673
7673,20250516,20250522,3,124,1,399,345,2025-05-16,2025-05-19,2025-05-22,2025-05-22 16:29:00,2025-05-23 12:01:39.736698
7674,20250117,20250129,14,142,1,487,434,2025-01-17,2025-01-24,2025-01-29,2025-01-29 14:34:00,2025-01-30 06:16:07.847214
7675,20250430,20250504,8,161,1,389,387,2025-04-30,2025-05-05,2025-05-04,2025-05-04 09:17:00,2025-05-05 22:47:58.867705
7676,20251031,20251109,6,20,1,242,228,2025-10-31,2025-11-09,2025-11-09,2025-11-09 17:54:00,2025-11-11 04:26:06.470874
7677,20250131,20250209,5,31,1,484,444,2025-01-31,2025-02-09,2025-02-09,2025-02-09 11:38:00,2025-02-10 11:54:28.035685
7678,20250716,20250719,11,78,3,124,108,2025-07-16,2025-07-19,2025-07-19,2025-07-19 08:22:00,2025-07-23 03:55:58.447840
7679,20251120,20251128,1,34,2,59,51,2025-11-20,2025-11-29,2025-11-28,2025-11-28 17:17:00,2025-12-02 10:50:48.168385
7680,20250822,20250828,15,161,1,182,163,2025-08-22,2025-08-28,2025-08-28,2025-08-28 07:34:00,2025-08-28 20:00:06.405640
7681,20250113,20250120,15,192,1,422,389,2025-01-13,2025-01-20,2025-01-20,2025-01-20 14:40:00,2025-01-25 02:11:33.404352
7682,20251004,20251009,9,119,2,430,380,2025-10-04,2025-10-10,2025-10-09,2025-10-09 16:19:00,2025-10-13 09:23:31.000179
7683,20251004,20251012,2,126,3,311,276,2025-10-04,2025-10-12,2025-10-12,2025-10-12 12:57:00,2025-10-14 01:23:50.238523
7684,20250517,20250521,8,178,2,256,227,2025-05-17,2025-05-21,2025-05-21,2025-05-21 14:08:00,2025-05-22 16:02:57.150867
7685,20251012,20251017,2,50,1,365,355,2025-10-12,2025-10-18,2025-10-17,2025-10-17 13:36:00,2025-10-18 05:58:20.505333
7686,20250921,20250930,12,127,2,465,402,2025-09-21,2025-10-01,2025-09-30,2025-09-30 17:27:00,2025-10-05 21:22:41.333925
7687,20250518,20250528,2,23,1,171,155,2025-05-18,2025-05-28,2025-05-28,2025-05-28 12:45:00,2025-05-30 19:07:04.696069
7688,20250415,20250421,4,89,1,386,363,2025-04-15,2025-04-22,2025-04-21,2025-04-21 08:35:00,2025-04-23 00:46:51.628071
7689,20250526,20250531,15,58,3,51,45,2025-05-26,2025-05-29,2025-05-31,2025-05-31 07:48:00,2025-06-01 18:40:19.749761
7690,20250520,20250524,12,2,3,442,418,2025-05-20,2025-05-24,2025-05-24,2025-05-24 07:30:00,2025-06-05 01:38:14.292670
7691,20250720,20250723,15,169,1,57,49,2025-07-20,2025-07-23,2025-07-23,2025-07-23 14:13:00,2025-07-25 10:37:46.864406
7692,20250620,20250625,13,136,1,133,123,2025-06-20,2025-06-25,2025-06-25,2025-06-25 12:19:00,2025-06-26 20:45:12.377170
7693,20250716,20250726,5,49,1,196,180,2025-07-16,2025-07-26,2025-07-26,2025-07-26 15:40:00,2025-07-28 05:02:50.729874
7694,20250212,20250219,13,94,1,220,203,2025-02-12,2025-02-19,2025-02-19,2025-02-19 12:43:00,2025-02-20 23:13:41.053165
7695,20250312,20250316,13,194,1,148,146,2025-03-12,2025-03-16,2025-03-16,2025-03-16 17:44:00,2025-03-18 15:12:57.933736
7696,20250529,20250608,6,18,1,200,187,2025-05-29,2025-06-03,2025-06-08,2025-06-08 08:00:00,2025-06-10 18:21:52.684442
7697,20250411,20250424,4,144,1,146,137,2025-04-11,2025-04-20,2025-04-24,2025-04-24 09:00:00,2025-04-26 15:53:34.287323
7698,20250615,20250621,13,109,2,466,438,2025-06-15,2025-06-21,2025-06-21,2025-06-21 17:40:00,2025-06-23 06:14:02.235862
7699,20250824,20250903,13,136,3,221,206,2025-08-24,2025-09-03,2025-09-03,2025-09-03 15:53:00,2025-09-04 16:04:32.350326
7700,20251031,20251107,13,149,2,401,350,2025-10-31,2025-11-07,2025-11-07,2025-11-07 08:10:00,2025-11-08 09:58:02.541904
7701,20251121,20251124,1,63,3,356,313,2025-11-21,2025-11-24,2025-11-24,2025-11-24 12:46:00,2025-11-27 23:10:00.469643
7702,20250627,20250630,3,149,3,141,138,2025-06-27,2025-06-30,2025-06-30,2025-06-30 17:08:00,2025-07-03 09:13:12.866370
7703,20250815,20250829,5,63,2,386,384,2025-08-15,2025-08-24,2025-08-29,2025-08-29 16:41:00,2025-08-31 16:24:18.619090
7704,20250401,20250411,7,119,3,400,378,2025-04-01,2025-04-08,2025-04-11,2025-04-11 08:31:00,2025-04-12 17:36:48.715840
7705,20250423,20250504,13,185,1,198,189,2025-04-23,2025-04-30,2025-05-04,2025-05-04 14:44:00,2025-05-06 00:54:26.001267
7706,20250609,20250615,10,195,1,63,57,2025-06-09,2025-06-14,2025-06-15,2025-06-15 12:04:00,2025-06-19 19:31:59.461085
7707,20250106,20250113,6,27,1,366,348,2025-01-06,2025-01-14,2025-01-13,2025-01-13 08:32:00,2025-01-16 05:44:51.953490
7708,20251124,20251204,11,77,2,143,124,2025-11-24,2025-12-04,2025-12-04,2025-12-04 15:43:00,2025-12-05 12:22:09.242195
7709,20251115,20251125,3,158,1,22,18,2025-11-15,2025-11-25,2025-11-25,2025-11-25 17:48:00,2025-11-27 11:04:38.705297
7710,20250506,20250509,2,54,1,428,384,2025-05-06,2025-05-10,2025-05-09,2025-05-09 12:35:00,2025-05-12 22:30:51.652487
7711,20250812,20250820,14,162,3,259,254,2025-08-12,2025-08-20,2025-08-20,2025-08-20 10:19:00,2025-08-22 02:00:43.665450
7712,20251102,20251104,3,44,3,354,332,2025-11-02,2025-11-05,2025-11-04,2025-11-04 17:48:00,2025-11-07 07:22:16.074224
7713,20250618,20250626,15,197,1,98,93,2025-06-18,2025-06-27,2025-06-26,2025-06-26 14:28:00,2025-06-27 19:27:47.452720
7714,20250921,20250925,7,152,3,41,39,2025-09-21,2025-09-25,2025-09-25,2025-09-25 10:48:00,2025-09-27 16:05:16.868127
7715,20251111,20251126,6,105,1,109,102,2025-11-11,2025-11-21,2025-11-26,2025-11-26 16:31:00,2025-11-28 20:55:38.167564
7716,20250516,20250519,13,54,1,472,410,2025-05-16,2025-05-19,2025-05-19,2025-05-19 16:10:00,2025-05-23 15:20:12.064363
7717,20250213,20250219,2,191,1,351,302,2025-02-13,2025-02-19,2025-02-19,2025-02-19 07:41:00,2025-02-20 12:23:07.531495
7718,20250628,20250712,9,75,1,421,399,2025-06-28,2025-07-08,2025-07-12,2025-07-12 09:57:00,2025-07-15 23:21:39.928773
7719,20250404,20250412,13,79,2,289,248,2025-04-04,2025-04-12,2025-04-12,2025-04-12 07:15:00,2025-04-14 03:43:23.324910
7720,20250120,20250129,3,108,3,223,192,2025-01-20,2025-01-29,2025-01-29,2025-01-29 11:31:00,2025-02-05 08:46:10.689230
7721,20250919,20250926,11,186,1,411,398,2025-09-19,2025-09-26,2025-09-26,2025-09-26 07:20:00,2025-09-27 01:38:16.208218
7722,20250103,20250111,9,132,1,310,293,2025-01-03,2025-01-12,2025-01-11,2025-01-11 11:20:00,2025-01-14 00:41:11.173539
7723,20250311,20250318,6,8,1,319,304,2025-03-11,2025-03-18,2025-03-18,2025-03-18 14:02:00,2025-03-19 06:25:30.038042
7724,20250313,20250318,3,61,2,404,374,2025-03-13,2025-03-17,2025-03-18,2025-03-18 14:36:00,2025-03-23 04:32:47.054299
7725,20250106,20250111,13,113,2,309,273,2025-01-06,2025-01-10,2025-01-11,2025-01-11 12:26:00,2025-01-12 11:37:24.687936
7726,20251020,20251102,4,145,1,227,208,2025-10-20,2025-10-29,2025-11-02,2025-11-02 10:20:00,2025-11-06 08:31:13.125194
7727,20250801,20250804,4,155,1,260,259,2025-08-01,2025-08-04,2025-08-04,2025-08-04 07:26:00,2025-08-11 08:52:56.865860
7728,20250807,20250811,3,1,2,273,233,2025-08-07,2025-08-11,2025-08-11,2025-08-11 15:01:00,2025-08-12 21:02:43.168328
7729,20250719,20250728,8,47,1,242,210,2025-07-19,2025-07-28,2025-07-28,2025-07-28 11:13:00,2025-07-30 19:27:04.480123
7730,20250926,20251008,6,166,1,469,462,2025-09-26,2025-10-03,2025-10-08,2025-10-08 09:24:00,2025-10-13 21:14:59.949373
7731,20250811,20250821,9,6,1,157,144,2025-08-11,2025-08-19,2025-08-21,2025-08-21 17:48:00,2025-08-26 20:44:07.166349
7732,20250825,20250828,7,92,1,75,68,2025-08-25,2025-08-28,2025-08-28,2025-08-28 07:11:00,2025-09-01 07:43:04.714890
7733,20250813,20250819,1,118,2,121,113,2025-08-13,2025-08-19,2025-08-19,2025-08-19 11:58:00,2025-08-27 16:55:27.699100
7734,20250602,20250613,6,134,1,456,431,2025-06-02,2025-06-10,2025-06-13,2025-06-13 11:36:00,2025-06-15 10:30:57.191012
7735,20250224,20250305,12,200,1,130,113,2025-02-24,2025-03-06,2025-03-05,2025-03-05 09:20:00,2025-03-07 12:34:25.766194
7736,20250823,20250828,1,133,1,408,394,2025-08-23,2025-08-27,2025-08-28,2025-08-28 16:27:00,2025-08-30 11:33:00.829620
7737,20250425,20250505,7,114,1,129,113,2025-04-25,2025-04-30,2025-05-05,2025-05-05 08:51:00,2025-05-11 04:01:38.586439
7738,20250806,20250809,3,89,3,373,319,2025-08-06,2025-08-09,2025-08-09,2025-08-09 11:30:00,2025-08-11 03:19:36.194511
7739,20250810,20250820,14,188,1,444,429,2025-08-10,2025-08-19,2025-08-20,2025-08-20 17:10:00,2025-08-25 17:37:23.504591
7740,20250117,20250130,5,57,1,85,82,2025-01-17,2025-01-27,2025-01-30,2025-01-30 16:34:00,2025-02-03 13:26:49.896301
7741,20250430,20250504,15,194,3,466,438,2025-04-30,2025-05-04,2025-05-04,2025-05-04 16:11:00,2025-05-06 03:50:20.310031
7742,20251206,20251215,6,133,1,257,235,2025-12-06,2025-12-15,2025-12-15,2025-12-15 14:03:00,2025-12-17 15:45:46.444057
7743,20250522,20250531,14,39,1,250,249,2025-05-22,2025-05-27,2025-05-31,2025-05-31 13:28:00,2025-06-04 02:31:26.390631
7744,20250430,20250504,3,77,3,354,306,2025-04-30,2025-05-04,2025-05-04,2025-05-04 10:15:00,2025-05-08 16:10:45.254025
7745,20250613,20250617,8,172,2,36,35,2025-06-13,2025-06-17,2025-06-17,2025-06-17 12:36:00,2025-06-18 10:04:32.909262
7746,20250905,20250915,12,100,2,401,374,2025-09-05,2025-09-15,2025-09-15,2025-09-15 11:06:00,2025-09-19 01:19:49.521138
7747,20251202,20251206,8,77,2,279,269,2025-12-02,2025-12-06,2025-12-06,2025-12-06 16:20:00,2025-12-10 14:00:45.010872
7748,20251205,20251216,15,147,3,61,57,2025-12-05,2025-12-13,2025-12-16,2025-12-16 09:46:00,2025-12-18 14:51:37.638565
7749,20250903,20250911,5,86,1,256,230,2025-09-03,2025-09-11,2025-09-11,2025-09-11 11:14:00,2025-09-13 04:07:24.348844
7750,20250919,20250926,1,43,1,359,324,2025-09-19,2025-09-26,2025-09-26,2025-09-26 12:56:00,2025-09-27 15:58:39.774368
7751,20250822,20250826,5,111,3,436,382,2025-08-22,2025-08-26,2025-08-26,2025-08-26 07:56:00,2025-08-29 01:16:13.215148
7752,20251107,20251120,1,182,2,27,24,2025-11-07,2025-11-17,2025-11-20,2025-11-20 16:38:00,2025-11-21 11:19:21.849864
7753,20251108,20251115,4,56,2,451,429,2025-11-08,2025-11-15,2025-11-15,2025-11-15 13:48:00,2025-11-16 03:14:53.400711
7754,20250602,20250613,15,48,2,52,47,2025-06-02,2025-06-10,2025-06-13,2025-06-13 17:38:00,2025-06-15 15:51:22.518984
7755,20250428,20250507,1,6,1,338,333,2025-04-28,2025-05-07,2025-05-07,2025-05-07 17:53:00,2025-05-08 03:07:11.592993
7756,20250112,20250117,13,199,1,278,274,2025-01-12,2025-01-17,2025-01-17,2025-01-17 07:34:00,2025-01-19 03:26:49.391777
7757,20250725,20250730,2,131,2,218,200,2025-07-25,2025-07-30,2025-07-30,2025-07-30 07:18:00,2025-07-30 19:51:33.912706
7758,20251130,20251205,10,99,1,30,28,2025-11-30,2025-12-05,2025-12-05,2025-12-05 08:31:00,2025-12-07 22:58:30.750556
7759,20250227,20250302,6,31,2,449,412,2025-02-27,2025-03-03,2025-03-02,2025-03-02 15:05:00,2025-03-04 15:27:34.955444
7760,20250205,20250210,4,6,3,159,151,2025-02-05,2025-02-11,2025-02-10,2025-02-10 13:27:00,2025-02-12 06:55:11.530740
7761,20250326,20250331,8,178,1,54,51,2025-03-26,2025-04-01,2025-03-31,2025-03-31 16:26:00,2025-03-31 23:09:29.217544
7762,20250925,20250928,9,71,3,195,177,2025-09-25,2025-09-28,2025-09-28,2025-09-28 16:19:00,2025-10-01 10:33:49.809754
7763,20250918,20250924,13,177,1,192,190,2025-09-18,2025-09-24,2025-09-24,2025-09-24 15:25:00,2025-09-26 16:10:08.532798
7764,20250325,20250405,3,60,3,283,252,2025-03-25,2025-03-31,2025-04-05,2025-04-05 10:22:00,2025-04-08 00:00:55.230658
7765,20250421,20250426,8,184,2,119,108,2025-04-21,2025-04-26,2025-04-26,2025-04-26 10:20:00,2025-04-27 17:45:33.433554
7766,20251028,20251105,3,119,3,478,439,2025-10-28,2025-11-05,2025-11-05,2025-11-05 16:44:00,2025-11-11 05:13:15.044135
7767,20250319,20250327,13,5,1,427,405,2025-03-19,2025-03-28,2025-03-27,2025-03-27 10:47:00,2025-03-27 13:48:41.892276
7768,20250908,20250918,8,93,1,371,344,2025-09-08,2025-09-13,2025-09-18,2025-09-18 09:13:00,2025-09-21 10:53:55.857859
7769,20250225,20250307,3,128,1,26,24,2025-02-25,2025-03-07,2025-03-07,2025-03-07 08:56:00,2025-03-11 14:11:40.679915
7770,20250326,20250407,14,180,1,146,134,2025-03-26,2025-04-05,2025-04-07,2025-04-07 11:18:00,2025-04-09 05:31:57.722035
7771,20251004,20251012,7,77,2,182,169,2025-10-04,2025-10-09,2025-10-12,2025-10-12 16:33:00,2025-10-15 03:21:12.186863
7772,20250601,20250606,2,173,3,315,312,2025-06-01,2025-06-06,2025-06-06,2025-06-06 09:09:00,2025-06-07 01:10:57.631848
7773,20251028,20251106,5,13,1,414,390,2025-10-28,2025-11-06,2025-11-06,2025-11-06 08:25:00,2025-11-06 18:24:49.955185
7774,20250506,20250513,14,14,1,230,200,2025-05-06,2025-05-09,2025-05-13,2025-05-13 10:11:00,2025-05-13 23:03:26.437689
7775,20250428,20250507,6,83,3,326,318,2025-04-28,2025-05-08,2025-05-07,2025-05-07 15:49:00,2025-05-07 18:19:05.440236
7776,20250403,20250410,4,60,3,147,146,2025-04-03,2025-04-10,2025-04-10,2025-04-10 07:01:00,2025-04-11 08:04:09.326420
7777,20251104,20251107,3,137,3,351,344,2025-11-04,2025-11-07,2025-11-07,2025-11-07 17:01:00,2025-11-09 21:04:27.561278
7778,20250408,20250417,3,8,2,102,94,2025-04-08,2025-04-18,2025-04-17,2025-04-17 11:03:00,2025-04-18 18:46:48.025727
7779,20250410,20250415,6,41,3,91,88,2025-04-10,2025-04-16,2025-04-15,2025-04-15 07:04:00,2025-04-16 16:51:21.247401
7780,20250613,20250622,13,116,2,335,331,2025-06-13,2025-06-22,2025-06-22,2025-06-22 11:53:00,2025-06-24 15:51:16.048632
7781,20250828,20250905,10,68,1,453,438,2025-08-28,2025-09-05,2025-09-05,2025-09-05 12:57:00,2025-09-05 21:16:18.240588
7782,20251024,20251030,15,48,1,86,78,2025-10-24,2025-10-28,2025-10-30,2025-10-30 07:57:00,2025-11-01 01:35:51.994675
7783,20251203,20251210,15,39,3,228,204,2025-12-03,2025-12-10,2025-12-10,2025-12-10 07:28:00,2025-12-10 09:28:00.000000
7784,20251010,20251016,11,147,1,158,148,2025-10-10,2025-10-16,2025-10-16,2025-10-16 10:22:00,2025-10-17 02:23:24.527113
7785,20250406,20250414,5,109,3,193,184,2025-04-06,2025-04-14,2025-04-14,2025-04-14 13:30:00,2025-04-25 03:06:35.694713
7786,20250929,20251008,13,21,1,385,355,2025-09-29,2025-10-09,2025-10-08,2025-10-08 16:49:00,2025-10-12 10:13:14.240978
7787,20250923,20251001,6,63,2,35,31,2025-09-23,2025-10-01,2025-10-01,2025-10-01 09:53:00,2025-10-02 22:13:52.892030
7788,20250726,20250804,8,147,3,439,413,2025-07-26,2025-08-04,2025-08-04,2025-08-04 07:52:00,2025-08-05 16:07:28.821640
7789,20250624,20250702,6,153,1,441,428,2025-06-24,2025-07-02,2025-07-02,2025-07-02 11:00:00,2025-07-05 22:20:31.574970
7790,20250122,20250201,15,164,1,97,86,2025-01-22,2025-02-01,2025-02-01,2025-02-01 07:40:00,2025-02-01 23:10:01.851911
7791,20250120,20250125,14,55,3,390,349,2025-01-20,2025-01-25,2025-01-25,2025-01-25 08:10:00,2025-01-27 16:47:40.536936
7792,20251107,20251118,6,8,2,164,139,2025-11-07,2025-11-16,2025-11-18,2025-11-18 14:53:00,2025-11-22 18:28:03.355045
7793,20250509,20250513,7,183,2,482,410,2025-05-09,2025-05-13,2025-05-13,2025-05-13 16:23:00,2025-05-16 11:01:23.430714
7794,20250720,20250725,9,177,1,402,401,2025-07-20,2025-07-26,2025-07-25,2025-07-25 07:02:00,2025-07-26 22:38:02.255341
7795,20250813,20250821,14,82,2,149,126,2025-08-13,2025-08-22,2025-08-21,2025-08-21 11:50:00,2025-08-23 21:16:57.751106
7796,20250121,20250126,2,124,1,268,255,2025-01-21,2025-01-26,2025-01-26,2025-01-26 14:02:00,2025-01-27 18:35:29.541290
7797,20250303,20250312,2,65,2,78,68,2025-03-03,2025-03-12,2025-03-12,2025-03-12 13:52:00,2025-03-20 09:03:41.839641
7798,20250613,20250616,4,189,1,493,441,2025-06-13,2025-06-16,2025-06-16,2025-06-16 09:57:00,2025-06-17 03:22:50.981324
7799,20250904,20250909,2,12,3,258,236,2025-09-04,2025-09-09,2025-09-09,2025-09-09 07:22:00,2025-09-12 15:25:03.534709
7800,20250523,20250531,14,12,1,100,98,2025-05-23,2025-05-30,2025-05-31,2025-05-31 07:50:00,2025-06-03 10:45:33.953123
7801,20251021,20251031,8,82,1,399,370,2025-10-21,2025-10-31,2025-10-31,2025-10-31 16:56:00,2025-11-05 17:31:23.337151
7802,20251204,20251217,4,55,2,275,268,2025-12-04,2025-12-12,2025-12-17,2025-12-17 10:03:00,2025-12-18 16:13:42.275711
7803,20250831,20250914,10,195,1,100,96,2025-08-31,2025-09-09,2025-09-14,2025-09-14 08:42:00,2025-09-21 10:36:03.088930
7804,20250507,20250516,13,73,1,324,282,2025-05-07,2025-05-16,2025-05-16,2025-05-16 09:56:00,2025-05-17 07:43:34.295865
7805,20250531,20250610,11,113,3,179,169,2025-05-31,2025-06-10,2025-06-10,2025-06-10 11:54:00,2025-06-11 00:41:54.893332
7806,20251017,20251027,2,24,2,195,183,2025-10-17,2025-10-27,2025-10-27,2025-10-27 17:29:00,2025-10-30 10:57:53.378631
7807,20250403,20250411,14,23,1,27,25,2025-04-03,2025-04-06,2025-04-11,2025-04-11 16:06:00,2025-04-15 10:32:29.488756
7808,20250511,20250523,15,199,1,374,318,2025-05-11,2025-05-20,2025-05-23,2025-05-23 17:05:00,2025-05-25 10:30:12.678029
7809,20250804,20250812,4,4,1,100,99,2025-08-04,2025-08-10,2025-08-12,2025-08-12 07:44:00,2025-08-14 18:51:11.978583
7810,20250213,20250220,3,1,1,395,353,2025-02-13,2025-02-20,2025-02-20,2025-02-20 14:13:00,2025-02-22 23:13:38.717529
7811,20251015,20251023,10,3,1,163,143,2025-10-15,2025-10-19,2025-10-23,2025-10-23 10:51:00,2025-10-24 06:04:03.024531
7812,20250627,20250710,4,100,1,209,195,2025-06-27,2025-07-05,2025-07-10,2025-07-10 07:14:00,2025-07-15 09:58:52.575847
7813,20250105,20250113,14,62,2,444,431,2025-01-05,2025-01-13,2025-01-13,2025-01-13 13:15:00,2025-01-14 08:13:35.236244
7814,20250425,20250429,8,8,1,277,268,2025-04-25,2025-04-30,2025-04-29,2025-04-29 09:45:00,2025-05-05 14:04:50.558343
7815,20250521,20250526,13,156,1,335,326,2025-05-21,2025-05-27,2025-05-26,2025-05-26 12:36:00,2025-05-31 00:15:53.631033
7816,20250412,20250415,6,89,1,349,296,2025-04-12,2025-04-16,2025-04-15,2025-04-15 08:36:00,2025-04-19 02:48:56.848511
7817,20250805,20250812,4,69,1,229,196,2025-08-05,2025-08-12,2025-08-12,2025-08-12 14:15:00,2025-08-12 16:15:00.000000
7818,20250513,20250523,14,76,3,364,328,2025-05-13,2025-05-23,2025-05-23,2025-05-23 15:19:00,2025-05-24 00:20:28.192797
7819,20250526,20250530,11,11,1,212,204,2025-05-26,2025-05-30,2025-05-30,2025-05-30 10:21:00,2025-06-04 16:34:03.077571
7820,20250729,20250811,1,164,1,427,397,2025-07-29,2025-08-08,2025-08-11,2025-08-11 11:33:00,2025-08-14 04:59:24.419872
7821,20251202,20251213,11,105,3,247,211,2025-12-02,2025-12-11,2025-12-13,2025-12-13 09:16:00,2025-12-15 03:52:07.917563
7822,20251106,20251110,14,198,1,160,146,2025-11-06,2025-11-10,2025-11-10,2025-11-10 09:48:00,2025-11-13 14:35:12.765772
7823,20250930,20251013,15,45,1,84,76,2025-09-30,2025-10-10,2025-10-13,2025-10-13 13:47:00,2025-10-14 22:49:47.856864
7824,20250403,20250409,13,169,2,436,396,2025-04-03,2025-04-09,2025-04-09,2025-04-09 15:56:00,2025-04-09 21:09:47.192874
7825,20251001,20251005,12,15,1,432,395,2025-10-01,2025-10-05,2025-10-05,2025-10-05 12:09:00,2025-10-06 20:37:17.336409
7826,20250506,20250514,11,127,3,291,278,2025-05-06,2025-05-10,2025-05-14,2025-05-14 16:15:00,2025-05-17 13:13:02.176511
7827,20250706,20250711,8,111,1,85,76,2025-07-06,2025-07-11,2025-07-11,2025-07-11 08:00:00,2025-07-13 07:55:17.340450
7828,20250225,20250301,1,145,1,284,254,2025-02-25,2025-03-01,2025-03-01,2025-03-01 13:35:00,2025-03-03 08:30:01.440630
7829,20250710,20250717,9,3,1,166,141,2025-07-10,2025-07-17,2025-07-17,2025-07-17 07:04:00,2025-07-22 00:21:33.507142
7830,20250711,20250719,15,67,1,145,138,2025-07-11,2025-07-20,2025-07-19,2025-07-19 11:58:00,2025-07-20 23:38:19.885642
7831,20250624,20250701,5,98,3,152,135,2025-06-24,2025-06-27,2025-07-01,2025-07-01 07:06:00,2025-07-02 15:16:22.420843
7832,20250208,20250217,2,113,2,381,361,2025-02-08,2025-02-17,2025-02-17,2025-02-17 12:45:00,2025-02-17 21:39:28.410111
7833,20250526,20250531,3,95,1,135,123,2025-05-26,2025-05-31,2025-05-31,2025-05-31 08:05:00,2025-06-02 14:04:23.167538
7834,20250806,20250812,3,6,3,456,407,2025-08-06,2025-08-12,2025-08-12,2025-08-12 13:40:00,2025-08-14 08:30:42.311720
7835,20250208,20250213,13,52,2,87,74,2025-02-08,2025-02-13,2025-02-13,2025-02-13 11:43:00,2025-02-19 01:01:04.846190
7836,20251121,20251126,3,7,2,79,74,2025-11-21,2025-11-26,2025-11-26,2025-11-26 09:49:00,2025-12-05 17:07:22.280378
7837,20250407,20250414,13,105,3,192,174,2025-04-07,2025-04-15,2025-04-14,2025-04-14 17:42:00,2025-04-15 22:41:58.893318
7838,20250916,20250926,4,8,3,289,250,2025-09-16,2025-09-26,2025-09-26,2025-09-26 16:47:00,2025-09-28 15:42:42.882922
7839,20251102,20251107,12,89,2,76,75,2025-11-02,2025-11-07,2025-11-07,2025-11-07 09:46:00,2025-11-09 16:21:01.890860
7840,20250704,20250709,12,14,1,189,170,2025-07-04,2025-07-10,2025-07-09,2025-07-09 13:42:00,2025-07-12 00:47:28.876344
7841,20251110,20251123,11,138,2,384,340,2025-11-10,2025-11-18,2025-11-23,2025-11-23 17:03:00,2025-11-27 02:22:03.462623
7842,20251204,20251213,7,101,2,164,146,2025-12-04,2025-12-11,2025-12-13,2025-12-13 16:40:00,2025-12-15 07:11:56.354872
7843,20250109,20250118,15,163,1,333,300,2025-01-09,2025-01-14,2025-01-18,2025-01-18 17:14:00,2025-01-20 23:50:27.445927
7844,20250702,20250708,12,75,1,394,391,2025-07-02,2025-07-09,2025-07-08,2025-07-08 09:27:00,2025-07-10 20:30:10.189436
7845,20250515,20250529,5,1,1,177,166,2025-05-15,2025-05-24,2025-05-29,2025-05-29 14:49:00,2025-06-03 07:08:20.094421
7846,20250203,20250212,8,106,1,168,158,2025-02-03,2025-02-12,2025-02-12,2025-02-12 11:03:00,2025-02-16 21:58:46.646969
7847,20250418,20250428,14,81,2,298,253,2025-04-18,2025-04-28,2025-04-28,2025-04-28 15:16:00,2025-04-30 20:52:26.356226
7848,20250104,20250107,2,48,2,38,37,2025-01-04,2025-01-07,2025-01-07,2025-01-07 17:06:00,2025-01-09 05:53:10.133345
7849,20250423,20250430,8,174,2,183,179,2025-04-23,2025-04-30,2025-04-30,2025-04-30 13:27:00,2025-05-02 01:58:54.423343
7850,20250515,20250529,6,15,1,431,407,2025-05-15,2025-05-24,2025-05-29,2025-05-29 16:49:00,2025-05-29 19:58:57.923888
7851,20251007,20251018,14,33,3,376,348,2025-10-07,2025-10-15,2025-10-18,2025-10-18 15:35:00,2025-10-19 16:59:42.348069
7852,20250315,20250321,6,19,3,374,356,2025-03-15,2025-03-21,2025-03-21,2025-03-21 16:14:00,2025-03-21 22:35:45.202395
7853,20250923,20250930,13,11,1,33,29,2025-09-23,2025-10-01,2025-09-30,2025-09-30 10:18:00,2025-10-01 06:48:06.728890
7854,20250905,20250910,9,197,1,229,201,2025-09-05,2025-09-10,2025-09-10,2025-09-10 16:41:00,2025-09-11 04:36:48.217986
7855,20250205,20250211,3,105,2,396,390,2025-02-05,2025-02-10,2025-02-11,2025-02-11 11:10:00,2025-02-13 02:43:41.893861
7856,20250610,20250613,10,31,1,285,249,2025-06-10,2025-06-14,2025-06-13,2025-06-13 14:41:00,2025-06-15 07:11:35.570298
7857,20250502,20250507,11,49,1,224,201,2025-05-02,2025-05-05,2025-05-07,2025-05-07 16:43:00,2025-05-13 02:37:21.401971
7858,20250106,20250118,7,30,2,415,404,2025-01-06,2025-01-15,2025-01-18,2025-01-18 09:57:00,2025-01-20 02:29:10.403470
7859,20251125,20251129,12,49,1,21,18,2025-11-25,2025-11-30,2025-11-29,2025-11-29 09:45:00,2025-12-03 17:32:01.406881
7860,20250506,20250512,13,104,2,217,192,2025-05-06,2025-05-13,2025-05-12,2025-05-12 13:23:00,2025-05-13 01:54:05.621513
7861,20251005,20251010,1,103,1,495,447,2025-10-05,2025-10-10,2025-10-10,2025-10-10 09:55:00,2025-10-13 18:02:37.612024
7862,20250917,20250926,13,147,2,188,162,2025-09-17,2025-09-22,2025-09-26,2025-09-26 16:03:00,2025-09-29 05:43:10.959712
7863,20250315,20250319,13,54,3,277,271,2025-03-15,2025-03-19,2025-03-19,2025-03-19 09:42:00,2025-03-22 11:55:54.976426
7864,20250117,20250124,5,60,3,303,291,2025-01-17,2025-01-21,2025-01-24,2025-01-24 14:37:00,2025-01-27 00:59:29.532948
7865,20250222,20250303,3,120,1,419,385,2025-02-22,2025-03-03,2025-03-03,2025-03-03 17:10:00,2025-03-05 20:31:25.380879
7866,20251127,20251205,11,20,2,428,379,2025-11-27,2025-12-05,2025-12-05,2025-12-05 09:55:00,2025-12-06 20:48:51.630461
7867,20251001,20251013,15,50,1,303,258,2025-10-01,2025-10-09,2025-10-13,2025-10-13 17:55:00,2025-10-15 22:39:23.516997
7868,20250618,20250701,15,25,1,375,352,2025-06-18,2025-06-26,2025-07-01,2025-07-01 08:51:00,2025-07-10 08:46:53.636493
7869,20250816,20250822,7,42,1,184,166,2025-08-16,2025-08-22,2025-08-22,2025-08-22 12:31:00,2025-08-28 22:59:28.831118
7870,20250920,20250930,7,106,1,152,129,2025-09-20,2025-09-27,2025-09-30,2025-09-30 11:50:00,2025-10-01 16:04:30.668111
7871,20250528,20250606,12,183,3,150,148,2025-05-28,2025-06-07,2025-06-06,2025-06-06 15:30:00,2025-06-08 14:41:15.563487
7872,20251014,20251020,8,30,1,466,398,2025-10-14,2025-10-20,2025-10-20,2025-10-20 13:17:00,2025-10-23 02:13:23.260518
7873,20250707,20250719,7,126,2,75,64,2025-07-07,2025-07-15,2025-07-19,2025-07-19 15:43:00,2025-07-20 10:47:50.250058
7874,20250204,20250211,8,55,1,404,350,2025-02-04,2025-02-09,2025-02-11,2025-02-11 10:48:00,2025-02-12 01:41:50.852720
7875,20250722,20250731,1,196,3,293,263,2025-07-22,2025-07-30,2025-07-31,2025-07-31 11:49:00,2025-08-01 04:53:25.834346
7876,20250131,20250210,10,64,1,101,95,2025-01-31,2025-02-05,2025-02-10,2025-02-10 09:42:00,2025-02-10 11:42:00.000000
7877,20250220,20250224,12,139,1,67,61,2025-02-20,2025-02-25,2025-02-24,2025-02-24 10:29:00,2025-02-26 15:53:39.790852
7878,20250316,20250324,13,165,3,262,248,2025-03-16,2025-03-24,2025-03-24,2025-03-24 09:53:00,2025-03-26 11:20:22.551916
7879,20250414,20250420,7,175,2,411,390,2025-04-14,2025-04-19,2025-04-20,2025-04-20 15:39:00,2025-04-22 17:15:41.155298
7880,20250120,20250128,1,100,1,44,38,2025-01-20,2025-01-29,2025-01-28,2025-01-28 07:31:00,2025-01-30 15:01:10.882713
7881,20250826,20250831,8,132,1,380,354,2025-08-26,2025-09-01,2025-08-31,2025-08-31 15:18:00,2025-09-01 10:32:50.139019
7882,20250703,20250712,6,191,1,315,290,2025-07-03,2025-07-07,2025-07-12,2025-07-12 07:32:00,2025-07-14 15:02:54.141289
7883,20250627,20250703,6,131,1,177,153,2025-06-27,2025-07-04,2025-07-03,2025-07-03 09:51:00,2025-07-13 05:10:16.824917
7884,20250305,20250310,1,152,2,474,416,2025-03-05,2025-03-11,2025-03-10,2025-03-10 11:55:00,2025-03-12 12:23:27.712350
7885,20251108,20251112,5,170,2,178,157,2025-11-08,2025-11-12,2025-11-12,2025-11-12 09:44:00,2025-11-14 20:20:45.555563
7886,20250917,20250921,10,19,3,146,126,2025-09-17,2025-09-22,2025-09-21,2025-09-21 16:27:00,2025-09-24 15:58:36.148834
7887,20250806,20250812,7,55,1,81,74,2025-08-06,2025-08-12,2025-08-12,2025-08-12 09:39:00,2025-08-13 07:59:14.776120
7888,20250308,20250314,1,70,3,58,52,2025-03-08,2025-03-14,2025-03-14,2025-03-14 09:30:00,2025-03-16 06:27:03.704642
7889,20251015,20251026,5,167,1,52,44,2025-10-15,2025-10-21,2025-10-26,2025-10-26 12:16:00,2025-10-31 23:48:31.310150
7890,20250501,20250510,8,115,2,426,387,2025-05-01,2025-05-10,2025-05-10,2025-05-10 17:03:00,2025-05-11 19:42:19.878407
7891,20250401,20250411,9,162,2,242,237,2025-04-01,2025-04-09,2025-04-11,2025-04-11 07:17:00,2025-04-13 02:36:12.835582
7892,20250727,20250805,12,2,1,443,394,2025-07-27,2025-08-06,2025-08-05,2025-08-05 11:58:00,2025-08-06 15:47:14.511674
7893,20250203,20250206,13,75,2,211,202,2025-02-03,2025-02-06,2025-02-06,2025-02-06 09:09:00,2025-02-12 04:20:45.046715
7894,20250117,20250121,12,173,1,277,237,2025-01-17,2025-01-21,2025-01-21,2025-01-21 07:21:00,2025-01-23 11:01:44.476797
7895,20250124,20250128,10,133,2,285,248,2025-01-24,2025-01-29,2025-01-28,2025-01-28 11:03:00,2025-02-01 02:24:05.233406
7896,20250709,20250717,7,153,1,33,29,2025-07-09,2025-07-17,2025-07-17,2025-07-17 17:06:00,2025-07-18 23:36:04.247618
7897,20250117,20250120,12,57,1,298,295,2025-01-17,2025-01-20,2025-01-20,2025-01-20 07:10:00,2025-01-24 19:12:19.249636
7898,20250223,20250225,5,175,3,362,337,2025-02-23,2025-02-26,2025-02-25,2025-02-25 16:59:00,2025-02-26 15:59:41.681498
7899,20250909,20250919,13,114,1,444,422,2025-09-09,2025-09-19,2025-09-19,2025-09-19 15:55:00,2025-09-21 19:20:14.907182
7900,20250508,20250511,9,64,2,383,337,2025-05-08,2025-05-11,2025-05-11,2025-05-11 14:57:00,2025-05-15 04:52:04.707745
7901,20250116,20250125,12,61,1,78,70,2025-01-16,2025-01-25,2025-01-25,2025-01-25 10:57:00,2025-01-26 14:25:07.785025
7902,20250305,20250314,11,130,2,472,460,2025-03-05,2025-03-12,2025-03-14,2025-03-14 14:21:00,2025-03-16 15:45:50.819882
7903,20250410,20250415,6,133,1,198,187,2025-04-10,2025-04-15,2025-04-15,2025-04-15 11:53:00,2025-04-17 19:25:03.982585
7904,20250728,20250805,2,192,1,70,65,2025-07-28,2025-08-05,2025-08-05,2025-08-05 07:38:00,2025-08-08 07:03:42.085450
7905,20250428,20250504,6,90,1,242,239,2025-04-28,2025-05-04,2025-05-04,2025-05-04 10:32:00,2025-05-05 09:22:52.729278
7906,20250225,20250305,6,110,2,254,218,2025-02-25,2025-03-03,2025-03-05,2025-03-05 12:16:00,2025-03-08 20:23:27.110424
7907,20250429,20250504,8,89,1,68,59,2025-04-29,2025-05-04,2025-05-04,2025-05-04 12:51:00,2025-05-05 01:42:26.415990
7908,20250226,20250303,12,128,1,33,29,2025-02-26,2025-03-04,2025-03-03,2025-03-03 10:22:00,2025-03-08 21:33:41.160857
7909,20250313,20250317,12,126,2,42,37,2025-03-13,2025-03-17,2025-03-17,2025-03-17 09:51:00,2025-03-18 17:06:04.759531
7910,20250617,20250626,14,46,3,107,96,2025-06-17,2025-06-23,2025-06-26,2025-06-26 07:53:00,2025-06-28 19:55:35.420088
7911,20250525,20250531,5,170,1,300,283,2025-05-25,2025-05-31,2025-05-31,2025-05-31 17:04:00,2025-06-04 19:46:02.288089
7912,20250421,20250427,9,50,1,175,168,2025-04-21,2025-04-27,2025-04-27,2025-04-27 16:34:00,2025-04-30 10:21:02.761842
7913,20250331,20250405,12,51,1,399,361,2025-03-31,2025-04-05,2025-04-05,2025-04-05 07:38:00,2025-04-07 03:21:20.639047
7914,20250526,20250530,8,62,1,306,293,2025-05-26,2025-05-30,2025-05-30,2025-05-30 15:23:00,2025-06-02 22:53:04.017415
7915,20250923,20251003,1,59,1,303,286,2025-09-23,2025-10-03,2025-10-03,2025-10-03 17:13:00,2025-10-04 12:54:20.822975
7916,20250205,20250215,7,3,1,234,201,2025-02-05,2025-02-12,2025-02-15,2025-02-15 07:36:00,2025-02-17 18:19:58.191134
7917,20250713,20250721,12,30,1,405,344,2025-07-13,2025-07-21,2025-07-21,2025-07-21 15:07:00,2025-07-27 01:20:03.402366
7918,20250514,20250519,8,130,3,293,252,2025-05-14,2025-05-19,2025-05-19,2025-05-19 07:30:00,2025-05-21 12:29:43.413203
7919,20250420,20250428,13,90,2,395,360,2025-04-20,2025-04-29,2025-04-28,2025-04-28 16:22:00,2025-04-29 11:09:56.579020
7920,20250112,20250123,6,4,1,48,41,2025-01-12,2025-01-20,2025-01-23,2025-01-23 12:00:00,2025-01-24 16:50:40.961486
7921,20250531,20250604,8,41,2,282,260,2025-05-31,2025-06-04,2025-06-04,2025-06-04 08:45:00,2025-06-05 22:52:36.873894
7922,20250112,20250122,11,157,1,337,287,2025-01-12,2025-01-22,2025-01-22,2025-01-22 17:06:00,2025-01-25 04:07:28.330581
7923,20251110,20251119,7,18,1,291,266,2025-11-10,2025-11-19,2025-11-19,2025-11-19 09:06:00,2025-11-21 21:08:52.627735
7924,20250523,20250526,1,21,2,322,311,2025-05-23,2025-05-26,2025-05-26,2025-05-26 13:17:00,2025-05-28 19:40:02.770820
7925,20250718,20250801,8,133,1,430,384,2025-07-18,2025-07-28,2025-08-01,2025-08-01 07:57:00,2025-08-03 09:43:06.273609
7926,20250123,20250128,2,137,1,268,262,2025-01-23,2025-01-29,2025-01-28,2025-01-28 08:45:00,2025-01-30 08:49:47.063751
7927,20250707,20250712,15,167,3,486,434,2025-07-07,2025-07-12,2025-07-12,2025-07-12 17:08:00,2025-07-14 23:35:50.762311
7928,20250611,20250621,6,98,1,110,103,2025-06-11,2025-06-21,2025-06-21,2025-06-21 11:34:00,2025-06-21 23:07:15.620417
7929,20250221,20250226,8,112,1,168,162,2025-02-21,2025-02-26,2025-02-26,2025-02-26 07:41:00,2025-02-27 00:33:35.345658
7930,20250926,20251002,4,157,1,305,287,2025-09-26,2025-10-02,2025-10-02,2025-10-02 15:09:00,2025-10-07 08:28:10.001559
7931,20250820,20250827,2,32,3,305,303,2025-08-20,2025-08-27,2025-08-27,2025-08-27 11:39:00,2025-08-28 04:53:09.480881
7932,20250504,20250508,14,11,2,377,360,2025-05-04,2025-05-09,2025-05-08,2025-05-08 17:02:00,2025-05-11 03:32:19.356904
7933,20250320,20250323,6,102,2,205,193,2025-03-20,2025-03-23,2025-03-23,2025-03-23 17:43:00,2025-03-24 17:02:05.366558
7934,20250608,20250612,2,188,2,303,279,2025-06-08,2025-06-13,2025-06-12,2025-06-12 16:31:00,2025-06-15 13:39:24.304323
7935,20250209,20250214,8,103,3,366,353,2025-02-09,2025-02-14,2025-02-14,2025-02-14 14:44:00,2025-02-18 01:30:42.689550
7936,20250131,20250208,15,23,3,206,175,2025-01-31,2025-02-06,2025-02-08,2025-02-08 17:48:00,2025-02-10 11:48:30.331750
7937,20250821,20250826,4,11,1,328,302,2025-08-21,2025-08-26,2025-08-26,2025-08-26 07:38:00,2025-08-27 05:39:19.987823
7938,20251010,20251016,3,3,1,213,210,2025-10-10,2025-10-16,2025-10-16,2025-10-16 17:57:00,2025-10-19 17:03:08.161800
7939,20250414,20250420,3,108,1,493,475,2025-04-14,2025-04-18,2025-04-20,2025-04-20 16:14:00,2025-04-22 01:59:51.807278
7940,20250918,20250925,8,154,1,374,350,2025-09-18,2025-09-26,2025-09-25,2025-09-25 15:27:00,2025-09-27 10:12:23.356524
7941,20250813,20250823,14,154,1,481,458,2025-08-13,2025-08-23,2025-08-23,2025-08-23 10:34:00,2025-08-25 13:53:25.936388
7942,20250327,20250405,9,4,2,208,183,2025-03-27,2025-04-05,2025-04-05,2025-04-05 12:53:00,2025-04-06 07:01:39.498202
7943,20250330,20250408,11,147,3,264,251,2025-03-30,2025-04-05,2025-04-08,2025-04-08 11:27:00,2025-04-09 00:26:39.652895
7944,20250303,20250309,7,108,2,239,227,2025-03-03,2025-03-09,2025-03-09,2025-03-09 13:35:00,2025-03-13 19:06:50.647702
7945,20250814,20250818,5,7,1,163,146,2025-08-14,2025-08-18,2025-08-18,2025-08-18 14:52:00,2025-08-21 06:38:16.044380
7946,20251119,20251203,14,144,1,72,69,2025-11-19,2025-11-29,2025-12-03,2025-12-03 08:20:00,2025-12-05 11:10:21.432781
7947,20251023,20251027,7,115,1,106,94,2025-10-23,2025-10-27,2025-10-27,2025-10-27 07:51:00,2025-10-28 09:04:37.231067
7948,20250527,20250610,6,101,2,355,334,2025-05-27,2025-06-05,2025-06-10,2025-06-10 08:29:00,2025-06-13 07:37:02.872464
7949,20250131,20250204,15,134,1,358,355,2025-01-31,2025-02-04,2025-02-04,2025-02-04 08:41:00,2025-02-06 16:49:55.427118
7950,20250108,20250115,10,186,1,92,83,2025-01-08,2025-01-16,2025-01-15,2025-01-15 15:11:00,2025-01-18 16:33:48.383996
7951,20250907,20250914,13,157,1,389,356,2025-09-07,2025-09-15,2025-09-14,2025-09-14 11:37:00,2025-09-18 11:35:28.046547
7952,20250522,20250525,15,61,1,434,424,2025-05-22,2025-05-25,2025-05-25,2025-05-25 13:36:00,2025-05-26 09:25:02.698971
7953,20250129,20250205,8,186,3,377,364,2025-01-29,2025-02-05,2025-02-05,2025-02-05 11:37:00,2025-02-07 03:26:54.201231
7954,20250315,20250326,4,64,1,49,47,2025-03-15,2025-03-22,2025-03-26,2025-03-26 10:37:00,2025-03-28 20:09:18.573038
7955,20250828,20250904,3,184,3,338,289,2025-08-28,2025-09-04,2025-09-04,2025-09-04 08:17:00,2025-09-05 13:44:49.823114
7956,20250101,20250108,3,41,3,411,395,2025-01-01,2025-01-08,2025-01-08,2025-01-08 15:26:00,2025-01-10 05:54:14.952303
7957,20250705,20250714,13,89,1,147,142,2025-07-05,2025-07-14,2025-07-14,2025-07-14 17:05:00,2025-07-15 16:00:38.170359
7958,20250916,20250926,11,90,2,320,293,2025-09-16,2025-09-23,2025-09-26,2025-09-26 10:08:00,2025-09-26 21:47:23.176206
7959,20251125,20251201,5,121,1,278,243,2025-11-25,2025-12-01,2025-12-01,2025-12-01 17:06:00,2025-12-03 18:32:09.805878
7960,20251022,20251101,1,81,2,107,94,2025-10-22,2025-11-01,2025-11-01,2025-11-01 11:53:00,2025-11-03 10:38:29.097034
7961,20250101,20250104,8,139,1,298,265,2025-01-01,2025-01-04,2025-01-04,2025-01-04 09:57:00,2025-01-08 19:07:55.423727
7962,20250119,20250122,9,12,1,332,296,2025-01-19,2025-01-22,2025-01-22,2025-01-22 15:24:00,2025-01-25 10:18:56.937123
7963,20251124,20251203,12,1,1,417,410,2025-11-24,2025-12-03,2025-12-03,2025-12-03 11:02:00,2025-12-07 06:39:03.601590
7964,20250718,20250727,3,108,1,471,422,2025-07-18,2025-07-27,2025-07-27,2025-07-27 14:11:00,2025-07-29 16:44:22.686581
7965,20250818,20250825,3,30,1,453,431,2025-08-18,2025-08-25,2025-08-25,2025-08-25 08:37:00,2025-08-27 19:29:08.901393
7966,20250808,20250812,12,47,1,446,413,2025-08-08,2025-08-12,2025-08-12,2025-08-12 17:24:00,2025-08-12 22:15:26.819737
7967,20250410,20250414,12,131,2,287,273,2025-04-10,2025-04-14,2025-04-14,2025-04-14 17:20:00,2025-04-15 21:15:39.245527
7968,20250709,20250713,10,4,3,125,122,2025-07-09,2025-07-13,2025-07-13,2025-07-13 08:17:00,2025-07-15 12:09:08.535988
7969,20250505,20250513,15,73,1,52,48,2025-05-05,2025-05-13,2025-05-13,2025-05-13 15:15:00,2025-05-15 23:43:53.228655
7970,20250928,20251010,14,199,2,113,112,2025-09-28,2025-10-08,2025-10-10,2025-10-10 09:14:00,2025-10-11 22:56:20.844972
7971,20250227,20250301,9,11,1,34,31,2025-02-27,2025-03-02,2025-03-01,2025-03-01 17:32:00,2025-03-02 22:28:05.552008
7972,20250828,20250901,11,150,3,96,89,2025-08-28,2025-09-01,2025-09-01,2025-09-01 10:13:00,2025-09-07 15:38:10.196658
7973,20251021,20251025,8,39,2,220,217,2025-10-21,2025-10-25,2025-10-25,2025-10-25 12:37:00,2025-10-27 05:57:18.023649
7974,20250908,20250915,2,183,3,273,242,2025-09-08,2025-09-15,2025-09-15,2025-09-15 11:00:00,2025-09-19 10:41:58.321267
7975,20250821,20250824,12,86,1,287,262,2025-08-21,2025-08-24,2025-08-24,2025-08-24 15:18:00,2025-08-26 09:15:30.982567
7976,20251109,20251119,13,30,3,299,254,2025-11-09,2025-11-19,2025-11-19,2025-11-19 10:06:00,2025-11-20 18:23:51.599984
7977,20250827,20250830,8,135,2,243,233,2025-08-27,2025-08-30,2025-08-30,2025-08-30 17:11:00,2025-08-31 07:00:42.093340
7978,20250924,20251001,3,171,3,248,215,2025-09-24,2025-10-01,2025-10-01,2025-10-01 12:24:00,2025-10-03 13:58:36.781593
7979,20251020,20251031,6,63,2,260,236,2025-10-20,2025-10-27,2025-10-31,2025-10-31 08:01:00,2025-11-06 23:15:47.709446
7980,20250527,20250604,13,166,2,394,380,2025-05-27,2025-06-04,2025-06-04,2025-06-04 08:20:00,2025-06-06 07:10:38.625716
7981,20250510,20250517,13,33,3,484,421,2025-05-10,2025-05-17,2025-05-17,2025-05-17 14:32:00,2025-05-20 04:47:47.837903
7982,20250102,20250105,10,159,2,428,416,2025-01-02,2025-01-05,2025-01-05,2025-01-05 08:48:00,2025-01-08 07:40:45.408001
7983,20250717,20250726,9,88,1,449,419,2025-07-17,2025-07-26,2025-07-26,2025-07-26 07:46:00,2025-07-28 21:41:38.651852
7984,20250914,20250920,6,43,2,453,427,2025-09-14,2025-09-21,2025-09-20,2025-09-20 10:17:00,2025-09-21 13:04:02.921174
7985,20250207,20250210,12,59,3,434,375,2025-02-07,2025-02-10,2025-02-10,2025-02-10 15:21:00,2025-02-14 09:57:20.561325
7986,20250129,20250205,3,88,1,57,50,2025-01-29,2025-02-05,2025-02-05,2025-02-05 09:33:00,2025-02-11 19:13:10.185060
7987,20250830,20250911,11,107,2,137,121,2025-08-30,2025-09-08,2025-09-11,2025-09-11 11:16:00,2025-09-11 23:00:58.838431
7988,20250407,20250413,3,64,3,398,352,2025-04-07,2025-04-13,2025-04-13,2025-04-13 16:48:00,2025-04-16 03:06:11.631038
7989,20250430,20250514,5,4,3,203,190,2025-04-30,2025-05-10,2025-05-14,2025-05-14 08:32:00,2025-05-17 22:13:09.071803
7990,20250916,20250922,7,193,3,91,82,2025-09-16,2025-09-23,2025-09-22,2025-09-22 09:29:00,2025-09-23 10:21:35.661210
7991,20250307,20250311,7,23,2,69,66,2025-03-07,2025-03-11,2025-03-11,2025-03-11 16:04:00,2025-03-15 16:07:22.201423
7992,20250827,20250902,14,1,1,458,451,2025-08-27,2025-09-02,2025-09-02,2025-09-02 14:36:00,2025-09-07 13:35:03.047619
7993,20250430,20250512,6,179,2,160,151,2025-04-30,2025-05-09,2025-05-12,2025-05-12 15:48:00,2025-05-13 12:40:57.503280
7994,20251013,20251020,13,94,1,381,343,2025-10-13,2025-10-20,2025-10-20,2025-10-20 11:41:00,2025-10-21 19:45:21.929522
7995,20250605,20250613,12,46,3,381,346,2025-06-05,2025-06-14,2025-06-13,2025-06-13 16:14:00,2025-06-16 23:49:08.549000
7996,20250102,20250109,2,65,1,110,99,2025-01-02,2025-01-09,2025-01-09,2025-01-09 11:09:00,2025-01-12 03:07:25.908746
7997,20250112,20250119,13,153,1,448,431,2025-01-12,2025-01-19,2025-01-19,2025-01-19 11:43:00,2025-01-21 00:03:09.811946
7998,20250603,20250613,4,95,3,27,23,2025-06-03,2025-06-13,2025-06-13,2025-06-13 12:37:00,2025-06-14 00:15:40.831068
7999,20250122,20250126,5,188,1,162,149,2025-01-22,2025-01-26,2025-01-26,2025-01-26 15:49:00,2025-01-28 14:27:51.918404
8000,20250820,20250826,15,73,1,164,160,2025-08-20,2025-08-25,2025-08-26,2025-08-26 07:31:00,2025-08-28 16:24:09.039862
